<?xml version="1.0" encoding="UTF-8"?><diagrams xmlns:xmi="http://www.omg.org/XMI" xmlns:xsi="http://www.w3.org/2001/XMLSchema-instance" xmlns:di="http://www.topcased.org/DI/1.0" xmlns:diagrams="http://www.topcased.org/Diagrams/1.0" xmi:id="_mIWYIaJGEeSlHLP-P69lcw" position="0,0" size="100,100" name="TSR19" viewport="0,0">
      <property xmi:id="_mNEgEqJGEeSlHLP-P69lcw" key="pageFormatName" value="A4"/>
      <property xmi:id="_mNEgE6JGEeSlHLP-P69lcw" key="diagramWidth" value="840"/>
      <property xmi:id="_mNEgFKJGEeSlHLP-P69lcw" key="diagramHeight" value="1188"/>
      <property xmi:id="_mNEgFaJGEeSlHLP-P69lcw" key="pageMarginName" value="Small Margin"/>
      <property xmi:id="_mNEgFqJGEeSlHLP-P69lcw" key="diagramTopMargin" value="20"/>
      <property xmi:id="_mNEgF6JGEeSlHLP-P69lcw" key="diagramBottomMargin" value="20"/>
      <property xmi:id="_mNEgGKJGEeSlHLP-P69lcw" key="diagramLeftMargin" value="20"/>
      <property xmi:id="_mNEgGaJGEeSlHLP-P69lcw" key="diagramRightMargin" value="20"/>
      <property xmi:id="_mNEgGqJGEeSlHLP-P69lcw" key="orientation" value="portrait"/>
      <semanticModel xsi:type="di:EMFSemanticModelBridge" xmi:id="_mIWYIqJGEeSlHLP-P69lcw" presentation="org.topcased.modeler.sysml.statemachinediagram">
        <element href="crf_eshift.sysml#_mIVxEKJGEeSlHLP-P69lcw"/>
      </semanticModel>
      <contained xsi:type="di:GraphNode" xmi:id="_mNEgEKJGEeSlHLP-P69lcw" size="-1,-1">
        <semanticModel xsi:type="di:EMFSemanticModelBridge" xmi:id="_mNEgEaJGEeSlHLP-P69lcw" presentation="default">
          <element href="crf_eshift.sysml#_mIVxEaJGEeSlHLP-P69lcw"/>
        </semanticModel>
        <contained xsi:type="di:GraphNode" xmi:id="_tLIo8KJHEeSlHLP-P69lcw" position="24,57" size="-1,-1">
          <property xmi:id="_tLLFMKJHEeSlHLP-P69lcw" key="name" value="visible"/>
          <anchorage xmi:id="_bpI8YKJIEeSlHLP-P69lcw" graphEdge="_bpKKgKJIEeSlHLP-P69lcw"/>
          <semanticModel xsi:type="di:EMFSemanticModelBridge" xmi:id="_tLIo8aJHEeSlHLP-P69lcw" presentation="default">
            <element href="crf_eshift.sysml#_tLOvkKJHEeSlHLP-P69lcw"/>
          </semanticModel>
        </contained>
        <contained xsi:type="di:GraphNode" xmi:id="_ZMDO4KJIEeSlHLP-P69lcw" position="79,44" size="69,50">
          <anchorage xmi:id="_bpI8YaJIEeSlHLP-P69lcw" graphEdge="_bpKKgKJIEeSlHLP-P69lcw _iSMUAKJIEeSlHLP-P69lcw _A53ygKJKEeSlHLP-P69lcw _G9dFkKJKEeSlHLP-P69lcw _LEM4gKJKEeSlHLP-P69lcw"/>
          <anchorage xmi:id="_A52kYKJKEeSlHLP-P69lcw" graphEdge="_A53ygKJKEeSlHLP-P69lcw"/>
          <semanticModel xsi:type="di:EMFSemanticModelBridge" xmi:id="_ZMDO4aJIEeSlHLP-P69lcw" presentation="default">
            <element href="crf_eshift.sysml#_ZMNm8KJIEeSlHLP-P69lcw"/>
          </semanticModel>
        </contained>
        <contained xsi:type="di:GraphEdge" xmi:id="_bpKKgKJIEeSlHLP-P69lcw" anchor="_bpI8YKJIEeSlHLP-P69lcw _bpI8YaJIEeSlHLP-P69lcw">
          <semanticModel xsi:type="di:EMFSemanticModelBridge" xmi:id="_bpKKgaJIEeSlHLP-P69lcw" presentation="default">
            <element href="crf_eshift.sysml#_bpKKhKJIEeSlHLP-P69lcw"/>
          </semanticModel>
          <contained xsi:type="di:EdgeObjectOffset" xmi:id="_bpKKgqJIEeSlHLP-P69lcw" id="nameEdgeObject"/>
          <contained xsi:type="di:EdgeObjectOffset" xmi:id="_bpKKg6JIEeSlHLP-P69lcw" visible="false" id="TransitionStereotypeEdgeObject"/>
        </contained>
        <contained xsi:type="di:GraphNode" xmi:id="_gFkrcKJIEeSlHLP-P69lcw" position="223,46" size="485,50">
          <anchorage xmi:id="_iSLF4KJIEeSlHLP-P69lcw" graphEdge="_iSMUAKJIEeSlHLP-P69lcw _3myTAKJIEeSlHLP-P69lcw _CpCfgKJJEeSlHLP-P69lcw _IjxYkKJJEeSlHLP-P69lcw _PPitAKJJEeSlHLP-P69lcw _5KpnkKJKEeSlHLP-P69lcw _9h4GgKJKEeSlHLP-P69lcw _ckQZcKJLEeSlHLP-P69lcw _lHdJkKJLEeSlHLP-P69lcw"/>
          <semanticModel xsi:type="di:EMFSemanticModelBridge" xmi:id="_gFkrcaJIEeSlHLP-P69lcw" presentation="default">
            <element href="crf_eshift.sysml#_gFtOUKJIEeSlHLP-P69lcw"/>
          </semanticModel>
        </contained>
        <contained xsi:type="di:GraphEdge" xmi:id="_iSMUAKJIEeSlHLP-P69lcw" anchor="_bpI8YaJIEeSlHLP-P69lcw _iSLF4KJIEeSlHLP-P69lcw">
          <semanticModel xsi:type="di:EMFSemanticModelBridge" xmi:id="_iSMUAaJIEeSlHLP-P69lcw" presentation="default">
            <element href="crf_eshift.sysml#_iSM7EKJIEeSlHLP-P69lcw"/>
          </semanticModel>
          <contained xsi:type="di:EdgeObjectOffset" xmi:id="_iSMUAqJIEeSlHLP-P69lcw" id="nameEdgeObject" offset="1,-11"/>
          <contained xsi:type="di:EdgeObjectOffset" xmi:id="_iSMUA6JIEeSlHLP-P69lcw" visible="false" id="TransitionStereotypeEdgeObject"/>
        </contained>
        <contained xsi:type="di:GraphNode" xmi:id="_rJym0KJIEeSlHLP-P69lcw" position="173,142" size="109,50">
          <anchorage xmi:id="_3mxE4KJIEeSlHLP-P69lcw" graphEdge="_3myTAKJIEeSlHLP-P69lcw _CpCfgKJJEeSlHLP-P69lcw _eaJ2AKJJEeSlHLP-P69lcw _itWJgKJJEeSlHLP-P69lcw _RGFtAKJLEeSlHLP-P69lcw"/>
          <semanticModel xsi:type="di:EMFSemanticModelBridge" xmi:id="_rJym0aJIEeSlHLP-P69lcw" presentation="default">
            <element href="crf_eshift.sysml#_rKB3YKJIEeSlHLP-P69lcw"/>
          </semanticModel>
        </contained>
        <contained xsi:type="di:GraphNode" xmi:id="_um5m4KJIEeSlHLP-P69lcw" position="386,145" size="109,50">
          <anchorage xmi:id="_IjwKcKJJEeSlHLP-P69lcw" graphEdge="_IjxYkKJJEeSlHLP-P69lcw _OXGCEKJJEeSlHLP-P69lcw _PPitAKJJEeSlHLP-P69lcw _Z3x3AKJJEeSlHLP-P69lcw _GG5bkKJLEeSlHLP-P69lcw"/>
          <semanticModel xsi:type="di:EMFSemanticModelBridge" xmi:id="_um5m4aJIEeSlHLP-P69lcw" presentation="default">
            <element href="crf_eshift.sysml#_unAUkKJIEeSlHLP-P69lcw"/>
          </semanticModel>
        </contained>
        <contained xsi:type="di:GraphNode" xmi:id="_y2E9EKJIEeSlHLP-P69lcw" position="274,301" size="115,50">
          <anchorage xmi:id="_OXEz8KJJEeSlHLP-P69lcw" graphEdge="_OXGCEKJJEeSlHLP-P69lcw _Z3x3AKJJEeSlHLP-P69lcw _eaJ2AKJJEeSlHLP-P69lcw _itWJgKJJEeSlHLP-P69lcw _G9dFkKJKEeSlHLP-P69lcw _LEM4gKJKEeSlHLP-P69lcw _ezoQgKJKEeSlHLP-P69lcw"/>
          <semanticModel xsi:type="di:EMFSemanticModelBridge" xmi:id="_y2E9EaJIEeSlHLP-P69lcw" presentation="default">
            <element href="crf_eshift.sysml#_y2LqwKJIEeSlHLP-P69lcw"/>
          </semanticModel>
        </contained>
        <contained xsi:type="di:GraphEdge" xmi:id="_3myTAKJIEeSlHLP-P69lcw" anchor="_iSLF4KJIEeSlHLP-P69lcw _3mxE4KJIEeSlHLP-P69lcw">
          <semanticModel xsi:type="di:EMFSemanticModelBridge" xmi:id="_3myTAaJIEeSlHLP-P69lcw" presentation="default">
            <element href="crf_eshift.sysml#_3myTBKJIEeSlHLP-P69lcw"/>
          </semanticModel>
          <contained xsi:type="di:EdgeObjectOffset" xmi:id="_3myTAqJIEeSlHLP-P69lcw" id="nameEdgeObject" offset="-48,0"/>
          <contained xsi:type="di:EdgeObjectOffset" xmi:id="_3myTA6JIEeSlHLP-P69lcw" visible="false" id="TransitionStereotypeEdgeObject"/>
          <waypoints>[-210, 42, -12, -56]</waypoints>
        </contained>
        <contained xsi:type="di:GraphEdge" xmi:id="_CpCfgKJJEeSlHLP-P69lcw" anchor="_iSLF4KJIEeSlHLP-P69lcw _3mxE4KJIEeSlHLP-P69lcw">
          <semanticModel xsi:type="di:EMFSemanticModelBridge" xmi:id="_CpCfgaJJEeSlHLP-P69lcw" presentation="default">
            <element href="crf_eshift.sysml#_CpCfhKJJEeSlHLP-P69lcw"/>
          </semanticModel>
          <contained xsi:type="di:EdgeObjectOffset" xmi:id="_CpCfgqJJEeSlHLP-P69lcw" id="nameEdgeObject" offset="47,-9"/>
          <contained xsi:type="di:EdgeObjectOffset" xmi:id="_CpCfg6JJEeSlHLP-P69lcw" visible="false" id="TransitionStereotypeEdgeObject"/>
          <waypoints>[-184, 52, 14, -46]</waypoints>
        </contained>
        <contained xsi:type="di:GraphEdge" xmi:id="_IjxYkKJJEeSlHLP-P69lcw" anchor="_iSLF4KJIEeSlHLP-P69lcw _IjwKcKJJEeSlHLP-P69lcw">
          <semanticModel xsi:type="di:EMFSemanticModelBridge" xmi:id="_IjxYkaJJEeSlHLP-P69lcw" presentation="default">
            <element href="crf_eshift.sysml#_IjxYlKJJEeSlHLP-P69lcw"/>
          </semanticModel>
          <contained xsi:type="di:EdgeObjectOffset" xmi:id="_IjxYkqJJEeSlHLP-P69lcw" id="nameEdgeObject" offset="-51,12"/>
          <contained xsi:type="di:EdgeObjectOffset" xmi:id="_IjxYk6JJEeSlHLP-P69lcw" visible="false" id="TransitionStereotypeEdgeObject"/>
          <waypoints>[-20, 48, 5, -51]</waypoints>
        </contained>
        <contained xsi:type="di:GraphEdge" xmi:id="_OXGCEKJJEeSlHLP-P69lcw" anchor="_IjwKcKJJEeSlHLP-P69lcw _OXEz8KJJEeSlHLP-P69lcw">
          <semanticModel xsi:type="di:EMFSemanticModelBridge" xmi:id="_OXGCEaJJEeSlHLP-P69lcw" presentation="default">
            <element href="crf_eshift.sysml#_OXGCFKJJEeSlHLP-P69lcw"/>
          </semanticModel>
          <contained xsi:type="di:EdgeObjectOffset" xmi:id="_OXGCEqJJEeSlHLP-P69lcw" id="nameEdgeObject" offset="102,-21"/>
          <contained xsi:type="di:EdgeObjectOffset" xmi:id="_OXGCE6JJEeSlHLP-P69lcw" visible="false" id="TransitionStereotypeEdgeObject"/>
          <waypoints>[25, 65, 139, -44]</waypoints>
          <waypoints>[-83, 65, 31, -44]</waypoints>
        </contained>
        <contained xsi:type="di:GraphEdge" xmi:id="_PPitAKJJEeSlHLP-P69lcw" anchor="_iSLF4KJIEeSlHLP-P69lcw _IjwKcKJJEeSlHLP-P69lcw">
          <semanticModel xsi:type="di:EMFSemanticModelBridge" xmi:id="_PPitAaJJEeSlHLP-P69lcw" presentation="default">
            <element href="crf_eshift.sysml#_PPjUEKJJEeSlHLP-P69lcw"/>
          </semanticModel>
          <contained xsi:type="di:EdgeObjectOffset" xmi:id="_PPitAqJJEeSlHLP-P69lcw" id="nameEdgeObject" offset="45,-12"/>
          <contained xsi:type="di:EdgeObjectOffset" xmi:id="_PPitA6JJEeSlHLP-P69lcw" visible="false" id="TransitionStereotypeEdgeObject"/>
          <waypoints>[3, 52, 28, -47]</waypoints>
        </contained>
        <contained xsi:type="di:GraphEdge" xmi:id="_Z3x3AKJJEeSlHLP-P69lcw" anchor="_IjwKcKJJEeSlHLP-P69lcw _OXEz8KJJEeSlHLP-P69lcw">
          <semanticModel xsi:type="di:EMFSemanticModelBridge" xmi:id="_Z3x3AaJJEeSlHLP-P69lcw" presentation="default">
            <element href="crf_eshift.sysml#_Z3x3BKJJEeSlHLP-P69lcw"/>
          </semanticModel>
          <contained xsi:type="di:EdgeObjectOffset" xmi:id="_Z3x3AqJJEeSlHLP-P69lcw" id="nameEdgeObject" offset="-1,-11"/>
          <contained xsi:type="di:EdgeObjectOffset" xmi:id="_Z3x3A6JJEeSlHLP-P69lcw" visible="false" id="TransitionStereotypeEdgeObject"/>
          <waypoints>[9, 54, 108, -54]</waypoints>
          <waypoints>[-88, 54, 11, -54]</waypoints>
        </contained>
        <contained xsi:type="di:GraphEdge" xmi:id="_eaJ2AKJJEeSlHLP-P69lcw" anchor="_3mxE4KJIEeSlHLP-P69lcw _OXEz8KJJEeSlHLP-P69lcw">
          <semanticModel xsi:type="di:EMFSemanticModelBridge" xmi:id="_eaJ2AaJJEeSlHLP-P69lcw" presentation="default">
            <element href="crf_eshift.sysml#_eaJ2BKJJEeSlHLP-P69lcw"/>
          </semanticModel>
          <contained xsi:type="di:EdgeObjectOffset" xmi:id="_eaJ2AqJJEeSlHLP-P69lcw" id="nameEdgeObject" offset="17,-11"/>
          <contained xsi:type="di:EdgeObjectOffset" xmi:id="_eaJ2A6JJEeSlHLP-P69lcw" visible="false" id="TransitionStereotypeEdgeObject"/>
          <waypoints>[14, 56, -93, -53]</waypoints>
          <waypoints>[79, 56, -28, -53]</waypoints>
        </contained>
        <contained xsi:type="di:GraphEdge" xmi:id="_itWJgKJJEeSlHLP-P69lcw" anchor="_3mxE4KJIEeSlHLP-P69lcw _OXEz8KJJEeSlHLP-P69lcw">
          <semanticModel xsi:type="di:EMFSemanticModelBridge" xmi:id="_itWJgaJJEeSlHLP-P69lcw" presentation="default">
            <element href="crf_eshift.sysml#_itWwkKJJEeSlHLP-P69lcw"/>
          </semanticModel>
          <contained xsi:type="di:EdgeObjectOffset" xmi:id="_itWJgqJJEeSlHLP-P69lcw" id="nameEdgeObject" offset="-84,-15"/>
          <contained xsi:type="di:EdgeObjectOffset" xmi:id="_itWJg6JJEeSlHLP-P69lcw" visible="false" id="TransitionStereotypeEdgeObject"/>
          <waypoints>[-13, 92, -117, -67]</waypoints>
          <waypoints>[61, 92, -43, -67]</waypoints>
        </contained>
        <contained xsi:type="di:GraphEdge" xmi:id="_A53ygKJKEeSlHLP-P69lcw" anchor="_bpI8YaJIEeSlHLP-P69lcw _A52kYKJKEeSlHLP-P69lcw">
          <semanticModel xsi:type="di:EMFSemanticModelBridge" xmi:id="_A53ygaJKEeSlHLP-P69lcw" presentation="default">
            <element href="crf_eshift.sysml#_A53yhKJKEeSlHLP-P69lcw"/>
          </semanticModel>
          <contained xsi:type="di:EdgeObjectOffset" xmi:id="_A53ygqJKEeSlHLP-P69lcw" id="nameEdgeObject" offset="35,-2"/>
          <contained xsi:type="di:EdgeObjectOffset" xmi:id="_A53yg6JKEeSlHLP-P69lcw" visible="false" id="TransitionStereotypeEdgeObject"/>
          <waypoints>[7, -42, 7, -42]</waypoints>
          <waypoints>[-15, -42, -15, -42]</waypoints>
        </contained>
        <contained xsi:type="di:GraphEdge" xmi:id="_G9dFkKJKEeSlHLP-P69lcw" anchor="_OXEz8KJJEeSlHLP-P69lcw _bpI8YaJIEeSlHLP-P69lcw">
          <semanticModel xsi:type="di:EMFSemanticModelBridge" xmi:id="_G9dFkaJKEeSlHLP-P69lcw" presentation="default">
            <element href="crf_eshift.sysml#_G9dFlKJKEeSlHLP-P69lcw"/>
          </semanticModel>
          <contained xsi:type="di:EdgeObjectOffset" xmi:id="_G9dFkqJKEeSlHLP-P69lcw" id="nameEdgeObject" offset="47,-13"/>
          <contained xsi:type="di:EdgeObjectOffset" xmi:id="_G9dFk6JKEeSlHLP-P69lcw" visible="false" id="TransitionStereotypeEdgeObject"/>
          <waypoints>[-230, -5, -2, 204]</waypoints>
        </contained>
        <contained xsi:type="di:GraphEdge" xmi:id="_LEM4gKJKEeSlHLP-P69lcw" anchor="_OXEz8KJJEeSlHLP-P69lcw _bpI8YaJIEeSlHLP-P69lcw">
          <semanticModel xsi:type="di:EMFSemanticModelBridge" xmi:id="_LEM4gaJKEeSlHLP-P69lcw" presentation="default">
            <element href="crf_eshift.sysml#_LEM4hKJKEeSlHLP-P69lcw"/>
          </semanticModel>
          <contained xsi:type="di:EdgeObjectOffset" xmi:id="_LEM4gqJKEeSlHLP-P69lcw" id="nameEdgeObject" offset="46,-10"/>
          <contained xsi:type="di:EdgeObjectOffset" xmi:id="_LEM4g6JKEeSlHLP-P69lcw" visible="false" id="TransitionStereotypeEdgeObject"/>
          <waypoints>[-242, 15, -24, 272]</waypoints>
        </contained>
        <contained xsi:type="di:GraphNode" xmi:id="_b9JLkKJKEeSlHLP-P69lcw" position="580,300" size="124,35">
          <anchorage xmi:id="_eznpcKJKEeSlHLP-P69lcw" graphEdge="_ezoQgKJKEeSlHLP-P69lcw _lHdJkKJLEeSlHLP-P69lcw"/>
          <semanticModel xsi:type="di:EMFSemanticModelBridge" xmi:id="_b9JLkaJKEeSlHLP-P69lcw" presentation="default">
            <element href="crf_eshift.sysml#_b9UKsKJKEeSlHLP-P69lcw"/>
          </semanticModel>
        </contained>
        <contained xsi:type="di:GraphEdge" xmi:id="_ezoQgKJKEeSlHLP-P69lcw" anchor="_OXEz8KJJEeSlHLP-P69lcw _eznpcKJKEeSlHLP-P69lcw">
          <semanticModel xsi:type="di:EMFSemanticModelBridge" xmi:id="_ezoQgaJKEeSlHLP-P69lcw" presentation="default">
            <element href="crf_eshift.sysml#_ezo3kaJKEeSlHLP-P69lcw"/>
          </semanticModel>
          <contained xsi:type="di:EdgeObjectOffset" xmi:id="_ezoQgqJKEeSlHLP-P69lcw" id="nameEdgeObject" offset="-2,-12"/>
          <contained xsi:type="di:EdgeObjectOffset" xmi:id="_ezo3kKJKEeSlHLP-P69lcw" visible="false" id="TransitionStereotypeEdgeObject"/>
        </contained>
        <contained xsi:type="di:GraphNode" xmi:id="_lCqloKJKEeSlHLP-P69lcw" position="571,144" size="133,50">
          <anchorage xmi:id="_5KnyYKJKEeSlHLP-P69lcw" graphEdge="_5KpnkKJKEeSlHLP-P69lcw _9h4GgKJKEeSlHLP-P69lcw _GG5bkKJLEeSlHLP-P69lcw _RGFtAKJLEeSlHLP-P69lcw _ckQZcKJLEeSlHLP-P69lcw _5Y-iAKJLEeSlHLP-P69lcw"/>
          <anchorage xmi:id="_5Y8s0KJLEeSlHLP-P69lcw" graphEdge="_5Y-iAKJLEeSlHLP-P69lcw"/>
          <semanticModel xsi:type="di:EMFSemanticModelBridge" xmi:id="_lCqloaJKEeSlHLP-P69lcw" presentation="default">
            <element href="crf_eshift.sysml#_lC85gKJKEeSlHLP-P69lcw"/>
          </semanticModel>
        </contained>
        <contained xsi:type="di:GraphEdge" xmi:id="_5KpnkKJKEeSlHLP-P69lcw" anchor="_iSLF4KJIEeSlHLP-P69lcw _5KnyYKJKEeSlHLP-P69lcw">
          <semanticModel xsi:type="di:EMFSemanticModelBridge" xmi:id="_5KpnkaJKEeSlHLP-P69lcw" presentation="default">
            <element href="crf_eshift.sysml#_5KpnlKJKEeSlHLP-P69lcw"/>
          </semanticModel>
          <contained xsi:type="di:EdgeObjectOffset" xmi:id="_5KpnkqJKEeSlHLP-P69lcw" id="nameEdgeObject" offset="-36,12"/>
          <contained xsi:type="di:EdgeObjectOffset" xmi:id="_5Kpnk6JKEeSlHLP-P69lcw" visible="false" id="TransitionStereotypeEdgeObject"/>
          <waypoints>[155, 63, -17, -35]</waypoints>
        </contained>
        <contained xsi:type="di:GraphEdge" xmi:id="_9h4GgKJKEeSlHLP-P69lcw" anchor="_iSLF4KJIEeSlHLP-P69lcw _5KnyYKJKEeSlHLP-P69lcw">
          <semanticModel xsi:type="di:EMFSemanticModelBridge" xmi:id="_9h4GgaJKEeSlHLP-P69lcw" presentation="default">
            <element href="crf_eshift.sysml#_9h4GhKJKEeSlHLP-P69lcw"/>
          </semanticModel>
          <contained xsi:type="di:EdgeObjectOffset" xmi:id="_9h4GgqJKEeSlHLP-P69lcw" id="nameEdgeObject" offset="38,-3"/>
          <contained xsi:type="di:EdgeObjectOffset" xmi:id="_9h4Gg6JKEeSlHLP-P69lcw" visible="false" id="TransitionStereotypeEdgeObject"/>
          <waypoints>[170, 63, -2, -35]</waypoints>
        </contained>
        <contained xsi:type="di:GraphEdge" xmi:id="_GG5bkKJLEeSlHLP-P69lcw" anchor="_IjwKcKJJEeSlHLP-P69lcw _5KnyYKJKEeSlHLP-P69lcw">
          <semanticModel xsi:type="di:EMFSemanticModelBridge" xmi:id="_GG5bkaJLEeSlHLP-P69lcw" presentation="default">
            <element href="crf_eshift.sysml#_GG5blKJLEeSlHLP-P69lcw"/>
          </semanticModel>
          <contained xsi:type="di:EdgeObjectOffset" xmi:id="_GG5bkqJLEeSlHLP-P69lcw" id="nameEdgeObject" offset="2,-12"/>
          <contained xsi:type="di:EdgeObjectOffset" xmi:id="_GG5bk6JLEeSlHLP-P69lcw" visible="false" id="TransitionStereotypeEdgeObject"/>
        </contained>
        <contained xsi:type="di:GraphEdge" xmi:id="_RGFtAKJLEeSlHLP-P69lcw" anchor="_3mxE4KJIEeSlHLP-P69lcw _5KnyYKJKEeSlHLP-P69lcw">
          <semanticModel xsi:type="di:EMFSemanticModelBridge" xmi:id="_RGFtAaJLEeSlHLP-P69lcw" presentation="default">
            <element href="crf_eshift.sysml#_RGGUEKJLEeSlHLP-P69lcw"/>
          </semanticModel>
          <contained xsi:type="di:EdgeObjectOffset" xmi:id="_RGFtAqJLEeSlHLP-P69lcw" id="nameEdgeObject" offset="108,-11"/>
          <contained xsi:type="di:EdgeObjectOffset" xmi:id="_RGFtA6JLEeSlHLP-P69lcw" visible="false" id="TransitionStereotypeEdgeObject"/>
          <waypoints>[38, 44, -374, 48]</waypoints>
          <waypoints>[364, 44, -48, 48]</waypoints>
        </contained>
        <contained xsi:type="di:GraphEdge" xmi:id="_ckQZcKJLEeSlHLP-P69lcw" anchor="_5KnyYKJKEeSlHLP-P69lcw _iSLF4KJIEeSlHLP-P69lcw">
          <semanticModel xsi:type="di:EMFSemanticModelBridge" xmi:id="_ckQZcaJLEeSlHLP-P69lcw" presentation="default">
            <element href="crf_eshift.sysml#_ckSOoKJLEeSlHLP-P69lcw"/>
          </semanticModel>
          <contained xsi:type="di:EdgeObjectOffset" xmi:id="_ckQZcqJLEeSlHLP-P69lcw" id="nameEdgeObject" offset="-22,-62"/>
          <contained xsi:type="di:EdgeObjectOffset" xmi:id="_ckQZc6JLEeSlHLP-P69lcw" visible="false" id="TransitionStereotypeEdgeObject"/>
          <waypoints>[132, 0, 304, 98]</waypoints>
          <waypoints>[132, -98, 304, 0]</waypoints>
        </contained>
        <contained xsi:type="di:GraphEdge" xmi:id="_lHdJkKJLEeSlHLP-P69lcw" anchor="_eznpcKJKEeSlHLP-P69lcw _iSLF4KJIEeSlHLP-P69lcw">
          <semanticModel xsi:type="di:EMFSemanticModelBridge" xmi:id="_lHdJkaJLEeSlHLP-P69lcw" presentation="default">
            <element href="crf_eshift.sysml#_lHdwoKJLEeSlHLP-P69lcw"/>
          </semanticModel>
          <contained xsi:type="di:EdgeObjectOffset" xmi:id="_lHdJkqJLEeSlHLP-P69lcw" id="nameEdgeObject" offset="-60,-15"/>
          <contained xsi:type="di:EdgeObjectOffset" xmi:id="_lHdJk6JLEeSlHLP-P69lcw" visible="false" id="TransitionStereotypeEdgeObject"/>
          <waypoints>[144, 0, 321, 246]</waypoints>
          <waypoints>[144, -290, 321, -44]</waypoints>
          <waypoints>[36, -290, 213, -44]</waypoints>
        </contained>
        <contained xsi:type="di:GraphEdge" xmi:id="_5Y-iAKJLEeSlHLP-P69lcw" anchor="_5KnyYKJKEeSlHLP-P69lcw _5Y8s0KJLEeSlHLP-P69lcw">
          <semanticModel xsi:type="di:EMFSemanticModelBridge" xmi:id="_5Y-iAaJLEeSlHLP-P69lcw" presentation="default">
            <element href="crf_eshift.sysml#_5Y-iBKJLEeSlHLP-P69lcw"/>
          </semanticModel>
          <contained xsi:type="di:EdgeObjectOffset" xmi:id="_5Y-iAqJLEeSlHLP-P69lcw" id="nameEdgeObject" offset="11,-22"/>
          <contained xsi:type="di:EdgeObjectOffset" xmi:id="_5Y-iA6JLEeSlHLP-P69lcw" visible="false" id="TransitionStereotypeEdgeObject"/>
          <waypoints>[80, 9, 80, 9]</waypoints>
          <waypoints>[80, 50, 80, 50]</waypoints>
          <waypoints>[12, 50, 12, 50]</waypoints>
        </contained>
      </contained>
    </diagrams>