<?xml version="1.0" encoding="UTF-8"?><diagrams xmlns:xmi="http://www.omg.org/XMI" xmlns:xsi="http://www.w3.org/2001/XMLSchema-instance" xmlns:di="http://www.topcased.org/DI/1.0" xmlns:diagrams="http://www.topcased.org/Diagrams/1.0" xmi:id="_6TFeAKJEEeSlHLP-P69lcw" position="0,0" size="100,100" name="FSR12" viewport="0,0">
      <property xmi:id="_6W9RYqJEEeSlHLP-P69lcw" key="pageFormatName" value="A4"/>
      <property xmi:id="_6W9RY6JEEeSlHLP-P69lcw" key="diagramWidth" value="840"/>
      <property xmi:id="_6W9RZKJEEeSlHLP-P69lcw" key="diagramHeight" value="1188"/>
      <property xmi:id="_6W9RZaJEEeSlHLP-P69lcw" key="pageMarginName" value="Small Margin"/>
      <property xmi:id="_6W9RZqJEEeSlHLP-P69lcw" key="diagramTopMargin" value="20"/>
      <property xmi:id="_6W9RZ6JEEeSlHLP-P69lcw" key="diagramBottomMargin" value="20"/>
      <property xmi:id="_6W9RaKJEEeSlHLP-P69lcw" key="diagramLeftMargin" value="20"/>
      <property xmi:id="_6W9RaaJEEeSlHLP-P69lcw" key="diagramRightMargin" value="20"/>
      <property xmi:id="_6W9RaqJEEeSlHLP-P69lcw" key="orientation" value="portrait"/>
      <semanticModel xsi:type="di:EMFSemanticModelBridge" xmi:id="_6TFeAaJEEeSlHLP-P69lcw" presentation="org.topcased.modeler.sysml.statemachinediagram">
        <element href="crf_eshift.sysml#_6TEP4KJEEeSlHLP-P69lcw"/>
      </semanticModel>
      <contained xsi:type="di:GraphNode" xmi:id="_6W9RYKJEEeSlHLP-P69lcw" size="-1,-1">
        <semanticModel xsi:type="di:EMFSemanticModelBridge" xmi:id="_6W9RYaJEEeSlHLP-P69lcw" presentation="default">
          <element href="crf_eshift.sysml#_6TEP4aJEEeSlHLP-P69lcw"/>
        </semanticModel>
        <contained xsi:type="di:GraphNode" xmi:id="_Y2CC8KJFEeSlHLP-P69lcw" position="82,37" size="-1,-1">
          <property xmi:id="_Y2EfMKJFEeSlHLP-P69lcw" key="name" value="visible"/>
          <anchorage xmi:id="_x-TH4KJFEeSlHLP-P69lcw" graphEdge="_x-UWAKJFEeSlHLP-P69lcw"/>
          <semanticModel xsi:type="di:EMFSemanticModelBridge" xmi:id="_Y2CC8aJFEeSlHLP-P69lcw" presentation="default">
            <element href="crf_eshift.sysml#_Y2IJkKJFEeSlHLP-P69lcw"/>
          </semanticModel>
        </contained>
        <contained xsi:type="di:GraphNode" xmi:id="_cCCE4KJFEeSlHLP-P69lcw" position="228,31" size="147,50">
          <anchorage xmi:id="_x-TH4aJFEeSlHLP-P69lcw" graphEdge="_x-UWAKJFEeSlHLP-P69lcw _C7JDgKJGEeSlHLP-P69lcw _JgltgKJGEeSlHLP-P69lcw _NLM-EKJGEeSlHLP-P69lcw _SeeOgKJGEeSlHLP-P69lcw _4_bbMLMCEeSr6LjhWCQvxg _-WzIgLMCEeSr6LjhWCQvxg"/>
          <anchorage xmi:id="_SedncKJGEeSlHLP-P69lcw" graphEdge="_SeeOgKJGEeSlHLP-P69lcw _4_bbMLMCEeSr6LjhWCQvxg _-WzIgLMCEeSr6LjhWCQvxg"/>
          <semanticModel xsi:type="di:EMFSemanticModelBridge" xmi:id="_cCCE4aJFEeSlHLP-P69lcw" presentation="default">
            <element href="crf_eshift.sysml#_cCRVcKJFEeSlHLP-P69lcw"/>
          </semanticModel>
        </contained>
        <contained xsi:type="di:GraphNode" xmi:id="_uFo0QKJFEeSlHLP-P69lcw" position="231,149" size="141,50">
          <anchorage xmi:id="_C7H1YKJGEeSlHLP-P69lcw" graphEdge="_C7JDgKJGEeSlHLP-P69lcw _JgltgKJGEeSlHLP-P69lcw _NLM-EKJGEeSlHLP-P69lcw _zQ2u0bMCEeSr6LjhWCQvxg"/>
          <anchorage xmi:id="_zQ2u0LMCEeSr6LjhWCQvxg" graphEdge="_zQ2u0bMCEeSr6LjhWCQvxg"/>
          <semanticModel xsi:type="di:EMFSemanticModelBridge" xmi:id="_uFo0QaJFEeSlHLP-P69lcw" presentation="default">
            <element href="crf_eshift.sysml#_uFylQKJFEeSlHLP-P69lcw"/>
          </semanticModel>
        </contained>
        <contained xsi:type="di:GraphEdge" xmi:id="_x-UWAKJFEeSlHLP-P69lcw" anchor="_x-TH4KJFEeSlHLP-P69lcw _x-TH4aJFEeSlHLP-P69lcw">
          <semanticModel xsi:type="di:EMFSemanticModelBridge" xmi:id="_x-UWAaJFEeSlHLP-P69lcw" presentation="default">
            <element href="crf_eshift.sysml#_x-U9EKJFEeSlHLP-P69lcw"/>
          </semanticModel>
          <contained xsi:type="di:EdgeObjectOffset" xmi:id="_x-UWAqJFEeSlHLP-P69lcw" id="nameEdgeObject"/>
          <contained xsi:type="di:EdgeObjectOffset" xmi:id="_x-UWA6JFEeSlHLP-P69lcw" visible="false" id="TransitionStereotypeEdgeObject"/>
          <waypoints>[97, -3, -106, -12]</waypoints>
        </contained>
        <contained xsi:type="di:GraphEdge" xmi:id="_C7JDgKJGEeSlHLP-P69lcw" anchor="_x-TH4aJFEeSlHLP-P69lcw _C7H1YKJGEeSlHLP-P69lcw">
          <semanticModel xsi:type="di:EMFSemanticModelBridge" xmi:id="_C7JDgaJGEeSlHLP-P69lcw" presentation="default">
            <element href="crf_eshift.sysml#_C7JqkKJGEeSlHLP-P69lcw"/>
          </semanticModel>
          <contained xsi:type="di:EdgeObjectOffset" xmi:id="_C7JDgqJGEeSlHLP-P69lcw" id="nameEdgeObject"/>
          <contained xsi:type="di:EdgeObjectOffset" xmi:id="_C7JDg6JGEeSlHLP-P69lcw" visible="false" id="TransitionStereotypeEdgeObject"/>
        </contained>
        <contained xsi:type="di:GraphEdge" xmi:id="_JgltgKJGEeSlHLP-P69lcw" anchor="_C7H1YKJGEeSlHLP-P69lcw _x-TH4aJFEeSlHLP-P69lcw">
          <semanticModel xsi:type="di:EMFSemanticModelBridge" xmi:id="_JgltgaJGEeSlHLP-P69lcw" presentation="default">
            <element href="crf_eshift.sysml#_JglthKJGEeSlHLP-P69lcw"/>
          </semanticModel>
          <contained xsi:type="di:EdgeObjectOffset" xmi:id="_JgltgqJGEeSlHLP-P69lcw" id="nameEdgeObject" offset="-40,9"/>
          <contained xsi:type="di:EdgeObjectOffset" xmi:id="_Jgltg6JGEeSlHLP-P69lcw" visible="false" id="TransitionStereotypeEdgeObject"/>
          <waypoints>[-116, 0, -116, 118]</waypoints>
          <waypoints>[-116, -118, -116, 0]</waypoints>
        </contained>
        <contained xsi:type="di:GraphEdge" xmi:id="_NLM-EKJGEeSlHLP-P69lcw" anchor="_C7H1YKJGEeSlHLP-P69lcw _x-TH4aJFEeSlHLP-P69lcw">
          <semanticModel xsi:type="di:EMFSemanticModelBridge" xmi:id="_NLM-EaJGEeSlHLP-P69lcw" presentation="default">
            <element href="crf_eshift.sysml#_NLM-FKJGEeSlHLP-P69lcw"/>
          </semanticModel>
          <contained xsi:type="di:EdgeObjectOffset" xmi:id="_NLM-EqJGEeSlHLP-P69lcw" id="nameEdgeObject" offset="42,12"/>
          <contained xsi:type="di:EdgeObjectOffset" xmi:id="_NLM-E6JGEeSlHLP-P69lcw" visible="false" id="TransitionStereotypeEdgeObject"/>
          <waypoints>[112, 0, 112, 118]</waypoints>
          <waypoints>[112, -118, 112, 0]</waypoints>
        </contained>
        <contained xsi:type="di:GraphEdge" xmi:id="_SeeOgKJGEeSlHLP-P69lcw" anchor="_x-TH4aJFEeSlHLP-P69lcw _SedncKJGEeSlHLP-P69lcw">
          <semanticModel xsi:type="di:EMFSemanticModelBridge" xmi:id="_SeeOgaJGEeSlHLP-P69lcw" presentation="default">
            <element href="crf_eshift.sysml#_See1kKJGEeSlHLP-P69lcw"/>
          </semanticModel>
          <contained xsi:type="di:EdgeObjectOffset" xmi:id="_SeeOgqJGEeSlHLP-P69lcw" id="nameEdgeObject" offset="28,5"/>
          <contained xsi:type="di:EdgeObjectOffset" xmi:id="_SeeOg6JGEeSlHLP-P69lcw" visible="false" id="TransitionStereotypeEdgeObject"/>
          <waypoints>[92, -13, 92, -13]</waypoints>
          <waypoints>[92, -40, 92, -40]</waypoints>
          <waypoints>[66, -40, 66, -40]</waypoints>
        </contained>
        <contained xsi:type="di:GraphEdge" xmi:id="_zQ2u0bMCEeSr6LjhWCQvxg" anchor="_C7H1YKJGEeSlHLP-P69lcw _zQ2u0LMCEeSr6LjhWCQvxg">
          <semanticModel xsi:type="di:EMFSemanticModelBridge" xmi:id="_zQ2u0rMCEeSr6LjhWCQvxg" presentation="default">
            <element href="crf_eshift.sysml#_zQ2u1bMCEeSr6LjhWCQvxg"/>
          </semanticModel>
          <contained xsi:type="di:EdgeObjectOffset" xmi:id="_zQ2u07MCEeSr6LjhWCQvxg" id="nameEdgeObject" offset="60,-14"/>
          <contained xsi:type="di:EdgeObjectOffset" xmi:id="_zQ2u1LMCEeSr6LjhWCQvxg" visible="false" id="TransitionStereotypeEdgeObject"/>
          <waypoints>[112, 12, 112, 12]</waypoints>
          <waypoints>[112, 41, 112, 41]</waypoints>
          <waypoints>[36, 41, 36, 41]</waypoints>
        </contained>
        <contained xsi:type="di:GraphEdge" xmi:id="_4_bbMLMCEeSr6LjhWCQvxg" anchor="_x-TH4aJFEeSlHLP-P69lcw _SedncKJGEeSlHLP-P69lcw">
          <semanticModel xsi:type="di:EMFSemanticModelBridge" xmi:id="_4_bbMbMCEeSr6LjhWCQvxg" presentation="default">
            <element href="crf_eshift.sysml#_4_bbNLMCEeSr6LjhWCQvxg"/>
          </semanticModel>
          <contained xsi:type="di:EdgeObjectOffset" xmi:id="_4_bbMrMCEeSr6LjhWCQvxg" id="nameEdgeObject" offset="18,-17"/>
          <contained xsi:type="di:EdgeObjectOffset" xmi:id="_4_bbM7MCEeSr6LjhWCQvxg" visible="false" id="TransitionStereotypeEdgeObject"/>
          <waypoints>[37, -48, 37, -48]</waypoints>
          <waypoints>[21, -48, 21, -48]</waypoints>
        </contained>
        <contained xsi:type="di:GraphEdge" xmi:id="_-WzIgLMCEeSr6LjhWCQvxg" anchor="_x-TH4aJFEeSlHLP-P69lcw _SedncKJGEeSlHLP-P69lcw">
          <semanticModel xsi:type="di:EMFSemanticModelBridge" xmi:id="_-WzIgbMCEeSr6LjhWCQvxg" presentation="default">
            <element href="crf_eshift.sysml#_-WzIhLMCEeSr6LjhWCQvxg"/>
          </semanticModel>
          <contained xsi:type="di:EdgeObjectOffset" xmi:id="_-WzIgrMCEeSr6LjhWCQvxg" id="nameEdgeObject" offset="-8,-16"/>
          <contained xsi:type="di:EdgeObjectOffset" xmi:id="_-WzIg7MCEeSr6LjhWCQvxg" visible="false" id="TransitionStereotypeEdgeObject"/>
          <waypoints>[-23, -47, -23, -47]</waypoints>
          <waypoints>[-39, -47, -39, -47]</waypoints>
        </contained>
      </contained>
    </diagrams>