<?xml version="1.0" encoding="UTF-8" standalone="no"?><ownedBehavior xmlns:Allocations="http://www.eclipse.org/papyrus/0.7.0/SysML/Allocations" xmlns:ecore="http://www.eclipse.org/emf/2002/Ecore" xmlns:refMapProfile="http:///schemas/refMapProfile/_Wn_IAGZAEeKTUctFx_SZgg/7" xmlns:sysML="http://www.topcased.org/2.0/sysML" xmlns:uml="http://www.eclipse.org/uml2/3.0.0/UML" xmlns:xmi="http://www.omg.org/XMI" xmlns:xsi="http://www.w3.org/2001/XMLSchema-instance" name="stm_TSR19" xmi:id="_mIVxEKJGEeSlHLP-P69lcw" xmi:type="uml:StateMachine">
          <region name="Region" xmi:id="_mIVxEaJGEeSlHLP-P69lcw" xmi:type="uml:Region">
            <subvertex name="Init" xmi:id="_tLOvkKJHEeSlHLP-P69lcw" xmi:type="uml:Pseudostate"/>
            <subvertex name="Initial" xmi:id="_ZMNm8KJIEeSlHLP-P69lcw" xmi:type="uml:State"/>
            <subvertex name="DValStarted" xmi:id="_gFtOUKJIEeSlHLP-P69lcw" xmi:type="uml:State"/>
            <subvertex name="Sw1Passed" xmi:id="_rKB3YKJIEeSlHLP-P69lcw" xmi:type="uml:State"/>
            <subvertex name="Sw2Passed" xmi:id="_unAUkKJIEeSlHLP-P69lcw" xmi:type="uml:State"/>
            <subvertex name="BothPassed" xmi:id="_y2LqwKJIEeSlHLP-P69lcw" xmi:type="uml:State"/>
            <subvertex name="Incoherent" xmi:id="_b9UKsKJKEeSlHLP-P69lcw" xmi:type="uml:State"/>
            <subvertex name="NoBothPassed" xmi:id="_lC85gKJKEeSlHLP-P69lcw" xmi:type="uml:State"/>
            <transition kind="local" name="" source="_tLOvkKJHEeSlHLP-P69lcw" target="_ZMNm8KJIEeSlHLP-P69lcw" xmi:id="_bpKKhKJIEeSlHLP-P69lcw" xmi:type="uml:Transition"/>
            <transition kind="local" name="start_Dval" source="_ZMNm8KJIEeSlHLP-P69lcw" target="_gFtOUKJIEeSlHLP-P69lcw" xmi:id="_iSM7EKJIEeSlHLP-P69lcw" xmi:type="uml:Transition"/>
            <transition kind="local" name="Dsw1_pl_on" source="_gFtOUKJIEeSlHLP-P69lcw" target="_rKB3YKJIEeSlHLP-P69lcw" xmi:id="_3myTBKJIEeSlHLP-P69lcw" xmi:type="uml:Transition"/>
            <transition kind="local" name="Dsw1_pl_off" source="_gFtOUKJIEeSlHLP-P69lcw" target="_rKB3YKJIEeSlHLP-P69lcw" xmi:id="_CpCfhKJJEeSlHLP-P69lcw" xmi:type="uml:Transition"/>
            <transition kind="local" name="Dsw2_pl_on" source="_gFtOUKJIEeSlHLP-P69lcw" target="_unAUkKJIEeSlHLP-P69lcw" xmi:id="_IjxYlKJJEeSlHLP-P69lcw" xmi:type="uml:Transition"/>
            <transition kind="local" name="Dsw1_pl_off" source="_unAUkKJIEeSlHLP-P69lcw" target="_y2LqwKJIEeSlHLP-P69lcw" xmi:id="_OXGCFKJJEeSlHLP-P69lcw" xmi:type="uml:Transition"/>
            <transition kind="local" name="Dsw2_pl_off" source="_gFtOUKJIEeSlHLP-P69lcw" target="_unAUkKJIEeSlHLP-P69lcw" xmi:id="_PPjUEKJJEeSlHLP-P69lcw" xmi:type="uml:Transition"/>
            <transition kind="local" name="Dsw1_pl_on" source="_unAUkKJIEeSlHLP-P69lcw" target="_y2LqwKJIEeSlHLP-P69lcw" xmi:id="_Z3x3BKJJEeSlHLP-P69lcw" xmi:type="uml:Transition"/>
            <transition kind="local" name="Dsw2_pl_off" source="_rKB3YKJIEeSlHLP-P69lcw" target="_y2LqwKJIEeSlHLP-P69lcw" xmi:id="_eaJ2BKJJEeSlHLP-P69lcw" xmi:type="uml:Transition"/>
            <transition kind="local" name="Dsw2_pl_on" source="_rKB3YKJIEeSlHLP-P69lcw" target="_y2LqwKJIEeSlHLP-P69lcw" xmi:id="_itWwkKJJEeSlHLP-P69lcw" xmi:type="uml:Transition"/>
            <transition kind="local" name="D_in" source="_ZMNm8KJIEeSlHLP-P69lcw" target="_ZMNm8KJIEeSlHLP-P69lcw" xmi:id="_A53yhKJKEeSlHLP-P69lcw" xmi:type="uml:Transition"/>
            <transition kind="local" name="D_coh_on" source="_y2LqwKJIEeSlHLP-P69lcw" target="_ZMNm8KJIEeSlHLP-P69lcw" xmi:id="_G9dFlKJKEeSlHLP-P69lcw" xmi:type="uml:Transition"/>
            <transition kind="local" name="D_coh_off" source="_y2LqwKJIEeSlHLP-P69lcw" target="_ZMNm8KJIEeSlHLP-P69lcw" xmi:id="_LEM4hKJKEeSlHLP-P69lcw" xmi:type="uml:Transition"/>
            <transition kind="local" name="D_incoherent" source="_y2LqwKJIEeSlHLP-P69lcw" target="_b9UKsKJKEeSlHLP-P69lcw" xmi:id="_ezo3kaJKEeSlHLP-P69lcw" xmi:type="uml:Transition"/>
            <transition kind="local" name="Dsw1_np" source="_gFtOUKJIEeSlHLP-P69lcw" target="_lC85gKJKEeSlHLP-P69lcw" xmi:id="_5KpnlKJKEeSlHLP-P69lcw" xmi:type="uml:Transition"/>
            <transition kind="local" name="Dsw2_np" source="_gFtOUKJIEeSlHLP-P69lcw" target="_lC85gKJKEeSlHLP-P69lcw" xmi:id="_9h4GhKJKEeSlHLP-P69lcw" xmi:type="uml:Transition"/>
            <transition kind="local" name="Dsw1_np" source="_unAUkKJIEeSlHLP-P69lcw" target="_lC85gKJKEeSlHLP-P69lcw" xmi:id="_GG5blKJLEeSlHLP-P69lcw" xmi:type="uml:Transition"/>
            <transition kind="local" name="Dsw2_np" source="_rKB3YKJIEeSlHLP-P69lcw" target="_lC85gKJKEeSlHLP-P69lcw" xmi:id="_RGGUEKJLEeSlHLP-P69lcw" xmi:type="uml:Transition"/>
            <transition kind="local" name="start_Dval" source="_lC85gKJKEeSlHLP-P69lcw" target="_gFtOUKJIEeSlHLP-P69lcw" xmi:id="_ckSOoKJLEeSlHLP-P69lcw" xmi:type="uml:Transition"/>
            <transition kind="local" name="start_Dval" source="_b9UKsKJKEeSlHLP-P69lcw" target="_gFtOUKJIEeSlHLP-P69lcw" xmi:id="_lHdwoKJLEeSlHLP-P69lcw" xmi:type="uml:Transition"/>
            <transition kind="local" name="_" source="_lC85gKJKEeSlHLP-P69lcw" target="_lC85gKJKEeSlHLP-P69lcw" xmi:id="_5Y-iBKJLEeSlHLP-P69lcw" xmi:type="uml:Transition"/>
          </region>
        </ownedBehavior>