<?xml version="1.0" encoding="UTF-8"?><ownedBehavior xmlns:xmi="http://www.omg.org/XMI" xmlns:Allocations="http://www.eclipse.org/papyrus/0.7.0/SysML/Allocations" xmlns:ecore="http://www.eclipse.org/emf/2002/Ecore" xmlns:refMapProfile="http:///schemas/refMapProfile/_Wn_IAGZAEeKTUctFx_SZgg/7" xmlns:sysML="http://www.topcased.org/2.0/sysML" xmlns:uml="http://www.eclipse.org/uml2/3.0.0/UML" xmlns:xsi="http://www.w3.org/2001/XMLSchema-instance" name="stm_FSR12" xmi:id="_6TEP4KJEEeSlHLP-P69lcw" xmi:type="uml:StateMachine">
          <region name="Region" xmi:id="_6TEP4aJEEeSlHLP-P69lcw" xmi:type="uml:Region">
            <subvertex name="Init" xmi:id="_Y2IJkKJFEeSlHLP-P69lcw" xmi:type="uml:Pseudostate"/>
            <subvertex name="Coherent" xmi:id="_cCRVcKJFEeSlHLP-P69lcw" xmi:type="uml:State"/>
            <subvertex name="NotCoherent" xmi:id="_uFylQKJFEeSlHLP-P69lcw" xmi:type="uml:State"/>
            <transition kind="local" name="" source="_Y2IJkKJFEeSlHLP-P69lcw" target="_cCRVcKJFEeSlHLP-P69lcw" xmi:id="_x-U9EKJFEeSlHLP-P69lcw" xmi:type="uml:Transition"/>
            <transition kind="local" name="D_incoherent" source="_cCRVcKJFEeSlHLP-P69lcw" target="_uFylQKJFEeSlHLP-P69lcw" xmi:id="_C7JqkKJGEeSlHLP-P69lcw" xmi:type="uml:Transition"/>
            <transition kind="local" name="D_coh_on" source="_uFylQKJFEeSlHLP-P69lcw" target="_cCRVcKJFEeSlHLP-P69lcw" xmi:id="_JglthKJGEeSlHLP-P69lcw" xmi:type="uml:Transition"/>
            <transition kind="local" name="D_coh_off" source="_uFylQKJFEeSlHLP-P69lcw" target="_cCRVcKJFEeSlHLP-P69lcw" xmi:id="_NLM-FKJGEeSlHLP-P69lcw" xmi:type="uml:Transition"/>
            <transition kind="local" name="D_in" source="_cCRVcKJFEeSlHLP-P69lcw" target="_cCRVcKJFEeSlHLP-P69lcw" xmi:id="_See1kKJGEeSlHLP-P69lcw" xmi:type="uml:Transition"/>
            <transition kind="local" name="D_incoherent" source="_uFylQKJFEeSlHLP-P69lcw" target="_uFylQKJFEeSlHLP-P69lcw" xmi:id="_zQ2u1bMCEeSr6LjhWCQvxg" xmi:type="uml:Transition"/>
            <transition kind="local" name="D_coh_on" source="_cCRVcKJFEeSlHLP-P69lcw" target="_cCRVcKJFEeSlHLP-P69lcw" xmi:id="_4_bbNLMCEeSr6LjhWCQvxg" xmi:type="uml:Transition"/>
            <transition kind="local" name="D_coh_off" source="_cCRVcKJFEeSlHLP-P69lcw" target="_cCRVcKJFEeSlHLP-P69lcw" xmi:id="_-WzIhLMCEeSr6LjhWCQvxg" xmi:type="uml:Transition"/>
          </region>
        </ownedBehavior>