<?xml version="1.0" encoding="UTF-8"?><diagrams xmlns:xmi="http://www.omg.org/XMI" xmlns:xsi="http://www.w3.org/2001/XMLSchema-instance" xmlns:di="http://www.topcased.org/DI/1.0" xmlns:diagrams="http://www.topcased.org/Diagrams/1.0" xmi:id="_9ZcVI5L8EeOonalRpHtFwQ" position="0,0" size="100,100" name="Sw_operation" viewport="0,84">
        <property xmi:id="_9aCyEpL8EeOonalRpHtFwQ" key="pageFormatName" value="A4"/>
        <property xmi:id="_9aCyE5L8EeOonalRpHtFwQ" key="diagramWidth" value="840"/>
        <property xmi:id="_9aCyFJL8EeOonalRpHtFwQ" key="diagramHeight" value="1188"/>
        <property xmi:id="_9aCyFZL8EeOonalRpHtFwQ" key="pageMarginName" value="Small Margin"/>
        <property xmi:id="_9aCyFpL8EeOonalRpHtFwQ" key="diagramTopMargin" value="20"/>
        <property xmi:id="_9aCyF5L8EeOonalRpHtFwQ" key="diagramBottomMargin" value="20"/>
        <property xmi:id="_9aCyGJL8EeOonalRpHtFwQ" key="diagramLeftMargin" value="20"/>
        <property xmi:id="_9aCyGZL8EeOonalRpHtFwQ" key="diagramRightMargin" value="20"/>
        <property xmi:id="_9aCyGpL8EeOonalRpHtFwQ" key="orientation" value="portrait"/>
        <semanticModel xsi:type="di:EMFSemanticModelBridge" xmi:id="_9ZcVJJL8EeOonalRpHtFwQ" presentation="org.topcased.modeler.sysml.statemachinediagram">
          <element href="airbag1.sysml#_9ZcVIJL8EeOonalRpHtFwQ"/>
        </semanticModel>
        <contained xsi:type="di:GraphNode" xmi:id="_9aCyEJL8EeOonalRpHtFwQ" size="-1,-1">
          <semanticModel xsi:type="di:EMFSemanticModelBridge" xmi:id="_9aCyEZL8EeOonalRpHtFwQ" presentation="default">
            <element href="airbag1.sysml#_9ZcVIZL8EeOonalRpHtFwQ"/>
          </semanticModel>
          <contained xsi:type="di:GraphNode" xmi:id="_-YhzkJL8EeOonalRpHtFwQ" position="35,30" size="-1,-1">
            <property xmi:id="_-Yq9gJL8EeOonalRpHtFwQ" key="name" value="visible"/>
            <anchorage xmi:id="_E35qwJL9EeOonalRpHtFwQ" graphEdge="_E35qwpL9EeOonalRpHtFwQ"/>
            <semanticModel xsi:type="di:EMFSemanticModelBridge" xmi:id="_-YhzkZL8EeOonalRpHtFwQ" presentation="default">
              <element href="airbag1.sysml#_-Yq9gZL8EeOonalRpHtFwQ"/>
            </semanticModel>
          </contained>
          <contained xsi:type="di:GraphNode" xmi:id="_CP8KAJL9EeOonalRpHtFwQ" position="132,20" size="543,320">
            <anchorage xmi:id="_E35qwZL9EeOonalRpHtFwQ" graphEdge="_E35qwpL9EeOonalRpHtFwQ _oWz98ZL-EeOonalRpHtFwQ"/>
            <anchorage xmi:id="_oWz98JL-EeOonalRpHtFwQ" graphEdge="_oWz98ZL-EeOonalRpHtFwQ"/>
            <semanticModel xsi:type="di:EMFSemanticModelBridge" xmi:id="_CP8KAZL9EeOonalRpHtFwQ" presentation="default">
              <element href="airbag1.sysml#_CQFT8JL9EeOonalRpHtFwQ"/>
            </semanticModel>
            <contained xsi:type="di:GraphNode" xmi:id="_CP8KApL9EeOonalRpHtFwQ">
              <semanticModel xsi:type="di:EMFSemanticModelBridge" xmi:id="_CP8KA5L9EeOonalRpHtFwQ" presentation="default">
                <element href="airbag1.sysml#_CQFT8ZL9EeOonalRpHtFwQ"/>
              </semanticModel>
              <contained xsi:type="di:GraphNode" xmi:id="_Jzc-wJL9EeOonalRpHtFwQ" position="38,3" size="-1,-1">
                <property xmi:id="_Jzc-wpL9EeOonalRpHtFwQ" key="name" value="visible"/>
                <anchorage xmi:id="_Hx5hQJL-EeOonalRpHtFwQ" graphEdge="_Hx5hQZL-EeOonalRpHtFwQ"/>
                <semanticModel xsi:type="di:EMFSemanticModelBridge" xmi:id="_Jzc-wZL9EeOonalRpHtFwQ" presentation="default">
                  <element href="airbag1.sysml#_JzmIsJL9EeOonalRpHtFwQ"/>
                </semanticModel>
              </contained>
              <contained xsi:type="di:GraphNode" xmi:id="_LuMNIJL9EeOonalRpHtFwQ" position="232,31" size="90,50">
                <anchorage xmi:id="_e_0O0JL9EeOonalRpHtFwQ" graphEdge="_e_0O0pL9EeOonalRpHtFwQ _pY1REZL9EeOonalRpHtFwQ _-EeZsJL9EeOonalRpHtFwQ __9bfYJL9EeOonalRpHtFwQ _Hx5hQZL-EeOonalRpHtFwQ"/>
                <semanticModel xsi:type="di:EMFSemanticModelBridge" xmi:id="_LuMNIZL9EeOonalRpHtFwQ" presentation="default">
                  <element href="airbag1.sysml#_LuVXEJL9EeOonalRpHtFwQ"/>
                </semanticModel>
              </contained>
              <contained xsi:type="di:GraphNode" xmi:id="_RIYk8JL9EeOonalRpHtFwQ" position="227,163" size="103,50">
                <anchorage xmi:id="_uB8KMJL9EeOonalRpHtFwQ" graphEdge="_uCFUIJL9EeOonalRpHtFwQ _xJS8sJL9EeOonalRpHtFwQ _5aL00JL9EeOonalRpHtFwQ _7ugn4JL9EeOonalRpHtFwQ _Zvd6EZL-EeOonalRpHtFwQ"/>
                <anchorage xmi:id="_Zvd6EJL-EeOonalRpHtFwQ" graphEdge="_Zvd6EZL-EeOonalRpHtFwQ"/>
                <semanticModel xsi:type="di:EMFSemanticModelBridge" xmi:id="_RIYk8ZL9EeOonalRpHtFwQ" presentation="default">
                  <element href="airbag1.sysml#_RIiV8JL9EeOonalRpHtFwQ"/>
                </semanticModel>
              </contained>
              <contained xsi:type="di:GraphNode" xmi:id="_V621cJL9EeOonalRpHtFwQ" position="82,102" size="101,45">
                <anchorage xmi:id="_e_0O0ZL9EeOonalRpHtFwQ" graphEdge="_e_0O0pL9EeOonalRpHtFwQ _uCFUIJL9EeOonalRpHtFwQ _5aL00JL9EeOonalRpHtFwQ _-EeZsJL9EeOonalRpHtFwQ"/>
                <semanticModel xsi:type="di:EMFSemanticModelBridge" xmi:id="_V621cZL9EeOonalRpHtFwQ" presentation="default">
                  <element href="airbag1.sysml#_V7AmcJL9EeOonalRpHtFwQ"/>
                </semanticModel>
              </contained>
              <contained xsi:type="di:GraphNode" xmi:id="_bFu-4JL9EeOonalRpHtFwQ" position="379,105" size="99,50">
                <anchorage xmi:id="_pY1REJL9EeOonalRpHtFwQ" graphEdge="_pY1REZL9EeOonalRpHtFwQ _xJS8sJL9EeOonalRpHtFwQ _7ugn4JL9EeOonalRpHtFwQ __9bfYJL9EeOonalRpHtFwQ"/>
                <semanticModel xsi:type="di:EMFSemanticModelBridge" xmi:id="_bFu-4ZL9EeOonalRpHtFwQ" presentation="default">
                  <element href="airbag1.sysml#_bF4I0JL9EeOonalRpHtFwQ"/>
                </semanticModel>
              </contained>
              <contained xsi:type="di:GraphEdge" xmi:id="_e_0O0pL9EeOonalRpHtFwQ" anchor="_e_0O0JL9EeOonalRpHtFwQ _e_0O0ZL9EeOonalRpHtFwQ">
                <semanticModel xsi:type="di:EMFSemanticModelBridge" xmi:id="_e_0O05L9EeOonalRpHtFwQ" presentation="default">
                  <element href="airbag1.sysml#_e_0O1pL9EeOonalRpHtFwQ"/>
                </semanticModel>
                <contained xsi:type="di:EdgeObjectOffset" xmi:id="_e_0O1JL9EeOonalRpHtFwQ" id="nameEdgeObject" offset="27,-16"/>
                <contained xsi:type="di:EdgeObjectOffset" xmi:id="_e_0O1ZL9EeOonalRpHtFwQ" visible="false" id="TransitionStereotypeEdgeObject"/>
                <waypoints>[-136, 0, 6, -62]</waypoints>
              </contained>
              <contained xsi:type="di:GraphEdge" xmi:id="_pY1REZL9EeOonalRpHtFwQ" anchor="_e_0O0JL9EeOonalRpHtFwQ _pY1REJL9EeOonalRpHtFwQ">
                <semanticModel xsi:type="di:EMFSemanticModelBridge" xmi:id="_pY1REpL9EeOonalRpHtFwQ" presentation="default">
                  <element href="airbag1.sysml#_pY1RFZL9EeOonalRpHtFwQ"/>
                </semanticModel>
                <contained xsi:type="di:EdgeObjectOffset" xmi:id="_pY1RE5L9EeOonalRpHtFwQ" id="nameEdgeObject" offset="-41,-14"/>
                <contained xsi:type="di:EdgeObjectOffset" xmi:id="_pY1RFJL9EeOonalRpHtFwQ" visible="false" id="TransitionStereotypeEdgeObject"/>
                <waypoints>[144, 0, -9, -64]</waypoints>
              </contained>
              <contained xsi:type="di:GraphEdge" xmi:id="_uCFUIJL9EeOonalRpHtFwQ" anchor="_e_0O0ZL9EeOonalRpHtFwQ _uB8KMJL9EeOonalRpHtFwQ">
                <semanticModel xsi:type="di:EMFSemanticModelBridge" xmi:id="_uCFUIZL9EeOonalRpHtFwQ" presentation="default">
                  <element href="airbag1.sysml#_uCFUJJL9EeOonalRpHtFwQ"/>
                </semanticModel>
                <contained xsi:type="di:EdgeObjectOffset" xmi:id="_uCFUIpL9EeOonalRpHtFwQ" id="nameEdgeObject" offset="33,16"/>
                <contained xsi:type="di:EdgeObjectOffset" xmi:id="_uCFUI5L9EeOonalRpHtFwQ" visible="false" id="TransitionStereotypeEdgeObject"/>
                <waypoints>[0, 66, -138, 0]</waypoints>
              </contained>
              <contained xsi:type="di:GraphEdge" xmi:id="_xJS8sJL9EeOonalRpHtFwQ" anchor="_pY1REJL9EeOonalRpHtFwQ _uB8KMJL9EeOonalRpHtFwQ">
                <semanticModel xsi:type="di:EMFSemanticModelBridge" xmi:id="_xJS8sZL9EeOonalRpHtFwQ" presentation="default">
                  <element href="airbag1.sysml#_xJS8tJL9EeOonalRpHtFwQ"/>
                </semanticModel>
                <contained xsi:type="di:EdgeObjectOffset" xmi:id="_xJS8spL9EeOonalRpHtFwQ" id="nameEdgeObject" offset="-48,13"/>
                <contained xsi:type="di:EdgeObjectOffset" xmi:id="_xJS8s5L9EeOonalRpHtFwQ" visible="false" id="TransitionStereotypeEdgeObject"/>
                <waypoints>[0, 64, 157, 0]</waypoints>
              </contained>
              <contained xsi:type="di:GraphEdge" xmi:id="_5aL00JL9EeOonalRpHtFwQ" anchor="_uB8KMJL9EeOonalRpHtFwQ _e_0O0ZL9EeOonalRpHtFwQ">
                <semanticModel xsi:type="di:EMFSemanticModelBridge" xmi:id="_5aL00ZL9EeOonalRpHtFwQ" presentation="default">
                  <element href="airbag1.sysml#_5aL01JL9EeOonalRpHtFwQ"/>
                </semanticModel>
                <contained xsi:type="di:EdgeObjectOffset" xmi:id="_5aL00pL9EeOonalRpHtFwQ" id="nameEdgeObject" offset="28,-13"/>
                <contained xsi:type="di:EdgeObjectOffset" xmi:id="_5aL005L9EeOonalRpHtFwQ" visible="false" id="TransitionStereotypeEdgeObject"/>
              </contained>
              <contained xsi:type="di:GraphEdge" xmi:id="_7ugn4JL9EeOonalRpHtFwQ" anchor="_uB8KMJL9EeOonalRpHtFwQ _pY1REJL9EeOonalRpHtFwQ">
                <semanticModel xsi:type="di:EMFSemanticModelBridge" xmi:id="_7ugn4ZL9EeOonalRpHtFwQ" presentation="default">
                  <element href="airbag1.sysml#_7ugn5JL9EeOonalRpHtFwQ"/>
                </semanticModel>
                <contained xsi:type="di:EdgeObjectOffset" xmi:id="_7ugn4pL9EeOonalRpHtFwQ" id="nameEdgeObject" offset="-20,-12"/>
                <contained xsi:type="di:EdgeObjectOffset" xmi:id="_7ugn45L9EeOonalRpHtFwQ" visible="false" id="TransitionStereotypeEdgeObject"/>
              </contained>
              <contained xsi:type="di:GraphEdge" xmi:id="_-EeZsJL9EeOonalRpHtFwQ" anchor="_e_0O0ZL9EeOonalRpHtFwQ _e_0O0JL9EeOonalRpHtFwQ">
                <semanticModel xsi:type="di:EMFSemanticModelBridge" xmi:id="_-EeZsZL9EeOonalRpHtFwQ" presentation="default">
                  <element href="airbag1.sysml#_-EeZtJL9EeOonalRpHtFwQ"/>
                </semanticModel>
                <contained xsi:type="di:EdgeObjectOffset" xmi:id="_-EeZspL9EeOonalRpHtFwQ" id="nameEdgeObject" offset="22,12"/>
                <contained xsi:type="di:EdgeObjectOffset" xmi:id="_-EeZs5L9EeOonalRpHtFwQ" visible="false" id="TransitionStereotypeEdgeObject"/>
              </contained>
              <contained xsi:type="di:GraphEdge" xmi:id="__9bfYJL9EeOonalRpHtFwQ" anchor="_pY1REJL9EeOonalRpHtFwQ _e_0O0JL9EeOonalRpHtFwQ">
                <semanticModel xsi:type="di:EMFSemanticModelBridge" xmi:id="__9bfYZL9EeOonalRpHtFwQ" presentation="default">
                  <element href="airbag1.sysml#__9bfZJL9EeOonalRpHtFwQ"/>
                </semanticModel>
                <contained xsi:type="di:EdgeObjectOffset" xmi:id="__9bfYpL9EeOonalRpHtFwQ" id="nameEdgeObject" offset="-23,12"/>
                <contained xsi:type="di:EdgeObjectOffset" xmi:id="__9bfY5L9EeOonalRpHtFwQ" visible="false" id="TransitionStereotypeEdgeObject"/>
              </contained>
              <contained xsi:type="di:GraphEdge" xmi:id="_Hx5hQZL-EeOonalRpHtFwQ" anchor="_Hx5hQJL-EeOonalRpHtFwQ _e_0O0JL9EeOonalRpHtFwQ">
                <semanticModel xsi:type="di:EMFSemanticModelBridge" xmi:id="_Hx5hQpL-EeOonalRpHtFwQ" presentation="default">
                  <element href="airbag1.sysml#_Hx5hRZL-EeOonalRpHtFwQ"/>
                </semanticModel>
                <contained xsi:type="di:EdgeObjectOffset" xmi:id="_Hx5hQ5L-EeOonalRpHtFwQ" id="nameEdgeObject" offset="-39,-7"/>
                <contained xsi:type="di:EdgeObjectOffset" xmi:id="_Hx5hRJL-EeOonalRpHtFwQ" visible="false" id="TransitionStereotypeEdgeObject"/>
                <waypoints>[67, 0, 0, -45]</waypoints>
              </contained>
              <contained xsi:type="di:GraphEdge" xmi:id="_Zvd6EZL-EeOonalRpHtFwQ" anchor="_uB8KMJL9EeOonalRpHtFwQ _Zvd6EJL-EeOonalRpHtFwQ">
                <semanticModel xsi:type="di:EMFSemanticModelBridge" xmi:id="_Zvd6EpL-EeOonalRpHtFwQ" presentation="default">
                  <element href="airbag1.sysml#_Zvd6FZL-EeOonalRpHtFwQ"/>
                </semanticModel>
                <contained xsi:type="di:EdgeObjectOffset" xmi:id="_Zvd6E5L-EeOonalRpHtFwQ" id="nameEdgeObject" offset="1,14"/>
                <contained xsi:type="di:EdgeObjectOffset" xmi:id="_Zvd6FJL-EeOonalRpHtFwQ" visible="false" id="TransitionStereotypeEdgeObject"/>
                <waypoints>[-9, 55, -9, 55]</waypoints>
                <waypoints>[0, 55, 0, 55]</waypoints>
              </contained>
            </contained>
          </contained>
          <contained xsi:type="di:GraphEdge" xmi:id="_E35qwpL9EeOonalRpHtFwQ" anchor="_E35qwJL9EeOonalRpHtFwQ _E35qwZL9EeOonalRpHtFwQ">
            <semanticModel xsi:type="di:EMFSemanticModelBridge" xmi:id="_E35qw5L9EeOonalRpHtFwQ" presentation="default">
              <element href="airbag1.sysml#_E35qxpL9EeOonalRpHtFwQ"/>
            </semanticModel>
            <contained xsi:type="di:EdgeObjectOffset" xmi:id="_E35qxJL9EeOonalRpHtFwQ" id="nameEdgeObject" offset="-1,-16"/>
            <contained xsi:type="di:EdgeObjectOffset" xmi:id="_E35qxZL9EeOonalRpHtFwQ" visible="false" id="TransitionStereotypeEdgeObject"/>
          </contained>
          <contained xsi:type="di:GraphEdge" xmi:id="_oWz98ZL-EeOonalRpHtFwQ" anchor="_E35qwZL9EeOonalRpHtFwQ _oWz98JL-EeOonalRpHtFwQ">
            <semanticModel xsi:type="di:EMFSemanticModelBridge" xmi:id="_oWz98pL-EeOonalRpHtFwQ" presentation="default">
              <element href="airbag1.sysml#_oWz99ZL-EeOonalRpHtFwQ"/>
            </semanticModel>
            <contained xsi:type="di:EdgeObjectOffset" xmi:id="_oWz985L-EeOonalRpHtFwQ" id="nameEdgeObject" offset="3,-24"/>
            <contained xsi:type="di:EdgeObjectOffset" xmi:id="_oWz99JL-EeOonalRpHtFwQ" visible="false" id="TransitionStereotypeEdgeObject"/>
            <waypoints>[303, 0, 303, 0]</waypoints>
            <waypoints>[303, 16, 303, 16]</waypoints>
          </contained>
        </contained>
      </diagrams>