<?xml version="1.0" encoding="UTF-8"?><diagrams xmlns:xmi="http://www.omg.org/XMI" xmlns:xsi="http://www.w3.org/2001/XMLSchema-instance" xmlns:di="http://www.topcased.org/DI/1.0" xmlns:diagrams="http://www.topcased.org/Diagrams/1.0" xmi:id="_nXfAQM-iEeSMN_LOZR19Kw" position="0,0" size="100,100" name="Sw_off_in_fault" viewport="0,0">
        <property xmi:id="_nYIggM-iEeSMN_LOZR19Kw" key="pageFormatName" value="A4"/>
        <property xmi:id="_nYIggc-iEeSMN_LOZR19Kw" key="diagramWidth" value="840"/>
        <property xmi:id="_nYIggs-iEeSMN_LOZR19Kw" key="diagramHeight" value="1188"/>
        <property xmi:id="_nYIgg8-iEeSMN_LOZR19Kw" key="pageMarginName" value="Small Margin"/>
        <property xmi:id="_nYIghM-iEeSMN_LOZR19Kw" key="diagramTopMargin" value="20"/>
        <property xmi:id="_nYIghc-iEeSMN_LOZR19Kw" key="diagramBottomMargin" value="20"/>
        <property xmi:id="_nYIghs-iEeSMN_LOZR19Kw" key="diagramLeftMargin" value="20"/>
        <property xmi:id="_nYIgh8-iEeSMN_LOZR19Kw" key="diagramRightMargin" value="20"/>
        <property xmi:id="_nYIgiM-iEeSMN_LOZR19Kw" key="orientation" value="portrait"/>
        <semanticModel xsi:type="di:EMFSemanticModelBridge" xmi:id="_nXfAQc-iEeSMN_LOZR19Kw" presentation="org.topcased.modeler.sysml.statemachinediagram">
          <element href="airbag1.sysml#_nXckAM-iEeSMN_LOZR19Kw"/>
        </semanticModel>
        <contained xsi:type="di:GraphNode" xmi:id="_nYH5cM-iEeSMN_LOZR19Kw" size="-1,-1">
          <semanticModel xsi:type="di:EMFSemanticModelBridge" xmi:id="_nYH5cc-iEeSMN_LOZR19Kw" presentation="default">
            <element href="airbag1.sysml#_nXckAc-iEeSMN_LOZR19Kw"/>
          </semanticModel>
          <contained xsi:type="di:GraphNode" xmi:id="_oH3UUM-iEeSMN_LOZR19Kw" position="19,67" size="-1,-1">
            <property xmi:id="_oH4icM-iEeSMN_LOZR19Kw" key="name" value="visible"/>
            <anchorage xmi:id="_vJC4EM-iEeSMN_LOZR19Kw" graphEdge="_vJEtQM-iEeSMN_LOZR19Kw"/>
            <semanticModel xsi:type="di:EMFSemanticModelBridge" xmi:id="_oH3UUc-iEeSMN_LOZR19Kw" presentation="default">
              <element href="airbag1.sysml#_oH6-sM-iEeSMN_LOZR19Kw"/>
            </semanticModel>
          </contained>
          <contained xsi:type="di:GraphNode" xmi:id="_rFeU8M-iEeSMN_LOZR19Kw" position="70,14" size="691,694">
            <anchorage xmi:id="_vJC4Ec-iEeSMN_LOZR19Kw" graphEdge="_vJEtQM-iEeSMN_LOZR19Kw"/>
            <semanticModel xsi:type="di:EMFSemanticModelBridge" xmi:id="_rFeU8c-iEeSMN_LOZR19Kw" presentation="default">
              <element href="airbag1.sysml#_rFimYM-iEeSMN_LOZR19Kw"/>
            </semanticModel>
            <contained xsi:type="di:GraphNode" xmi:id="_rFeU8s-iEeSMN_LOZR19Kw">
              <semanticModel xsi:type="di:EMFSemanticModelBridge" xmi:id="_rFeU88-iEeSMN_LOZR19Kw" presentation="default">
                <element href="airbag1.sysml#_rFimYc-iEeSMN_LOZR19Kw"/>
              </semanticModel>
              <contained xsi:type="di:GraphNode" xmi:id="_NnlgsNJtEeSmYZQ6osQPtg" position="35,28" size="-1,-1">
                <property xmi:id="_NnlgstJtEeSmYZQ6osQPtg" key="name" value="visible"/>
                <anchorage xmi:id="_j_FuMNJtEeSmYZQ6osQPtg" graphEdge="_j_FuMdJtEeSmYZQ6osQPtg"/>
                <semanticModel xsi:type="di:EMFSemanticModelBridge" xmi:id="_NnlgsdJtEeSmYZQ6osQPtg" presentation="default">
                  <element href="airbag1.sysml#_NnvRsNJtEeSmYZQ6osQPtg"/>
                </semanticModel>
              </contained>
              <contained xsi:type="di:GraphNode" xmi:id="_Q1fnINJtEeSmYZQ6osQPtg" position="138,19" size="80,50">
                <anchorage xmi:id="_fTBAoNJtEeSmYZQ6osQPtg" graphEdge="_fTBAotJtEeSmYZQ6osQPtg _j_FuMdJtEeSmYZQ6osQPtg _mW-yoNJtEeSmYZQ6osQPtg _rTkocdJtEeSmYZQ6osQPtg"/>
                <semanticModel xsi:type="di:EMFSemanticModelBridge" xmi:id="_Q1fnIdJtEeSmYZQ6osQPtg" presentation="default">
                  <element href="airbag1.sysml#_Q1fnItJtEeSmYZQ6osQPtg"/>
                </semanticModel>
              </contained>
              <contained xsi:type="di:GraphNode" xmi:id="_SmtGENJtEeSmYZQ6osQPtg" position="132,131" size="91,50">
                <anchorage xmi:id="_fTBAodJtEeSmYZQ6osQPtg" graphEdge="_fTBAotJtEeSmYZQ6osQPtg _mW-yoNJtEeSmYZQ6osQPtg _tCaI0NJtEeSmYZQ6osQPtg"/>
                <semanticModel xsi:type="di:EMFSemanticModelBridge" xmi:id="_SmtGEdJtEeSmYZQ6osQPtg" presentation="default">
                  <element href="airbag1.sysml#_Sm23ENJtEeSmYZQ6osQPtg"/>
                </semanticModel>
              </contained>
              <contained xsi:type="di:GraphNode" xmi:id="_Vmnz0NJtEeSmYZQ6osQPtg" position="304,21" size="112,50">
                <anchorage xmi:id="_rTkocNJtEeSmYZQ6osQPtg" graphEdge="_rTkocdJtEeSmYZQ6osQPtg _vCqJUNJtEeSmYZQ6osQPtg"/>
                <semanticModel xsi:type="di:EMFSemanticModelBridge" xmi:id="_Vmnz0dJtEeSmYZQ6osQPtg" presentation="default">
                  <element href="airbag1.sysml#_Vmnz0tJtEeSmYZQ6osQPtg"/>
                </semanticModel>
              </contained>
              <contained xsi:type="di:GraphNode" xmi:id="_Y2m94NJtEeSmYZQ6osQPtg" position="305,130" size="121,50">
                <anchorage xmi:id="_tCQ-4NJtEeSmYZQ6osQPtg" graphEdge="_tCaI0NJtEeSmYZQ6osQPtg _vCqJUNJtEeSmYZQ6osQPtg"/>
                <semanticModel xsi:type="di:EMFSemanticModelBridge" xmi:id="_Y2m94dJtEeSmYZQ6osQPtg" presentation="default">
                  <element href="airbag1.sysml#_Y2wu4NJtEeSmYZQ6osQPtg"/>
                </semanticModel>
              </contained>
              <contained xsi:type="di:GraphEdge" xmi:id="_fTBAotJtEeSmYZQ6osQPtg" anchor="_fTBAoNJtEeSmYZQ6osQPtg _fTBAodJtEeSmYZQ6osQPtg">
                <semanticModel xsi:type="di:EMFSemanticModelBridge" xmi:id="_fTBAo9JtEeSmYZQ6osQPtg" presentation="default">
                  <element href="airbag1.sysml#_fTBAptJtEeSmYZQ6osQPtg"/>
                </semanticModel>
                <contained xsi:type="di:EdgeObjectOffset" xmi:id="_fTBApNJtEeSmYZQ6osQPtg" id="nameEdgeObject" offset="-8,-1"/>
                <contained xsi:type="di:EdgeObjectOffset" xmi:id="_fTBApdJtEeSmYZQ6osQPtg" visible="false" id="TransitionStereotypeEdgeObject"/>
                <waypoints>[-58, 56, -57, -56]</waypoints>
              </contained>
              <contained xsi:type="di:GraphEdge" xmi:id="_j_FuMdJtEeSmYZQ6osQPtg" anchor="_j_FuMNJtEeSmYZQ6osQPtg _fTBAoNJtEeSmYZQ6osQPtg">
                <semanticModel xsi:type="di:EMFSemanticModelBridge" xmi:id="_j_FuMtJtEeSmYZQ6osQPtg" presentation="default">
                  <element href="airbag1.sysml#_j_FuNdJtEeSmYZQ6osQPtg"/>
                </semanticModel>
                <contained xsi:type="di:EdgeObjectOffset" xmi:id="_j_FuM9JtEeSmYZQ6osQPtg" id="nameEdgeObject"/>
                <contained xsi:type="di:EdgeObjectOffset" xmi:id="_j_FuNNJtEeSmYZQ6osQPtg" visible="false" id="TransitionStereotypeEdgeObject"/>
                <waypoints>[56, 0, -67, -6]</waypoints>
              </contained>
              <contained xsi:type="di:GraphEdge" xmi:id="_mW-yoNJtEeSmYZQ6osQPtg" anchor="_fTBAodJtEeSmYZQ6osQPtg _fTBAoNJtEeSmYZQ6osQPtg">
                <semanticModel xsi:type="di:EMFSemanticModelBridge" xmi:id="_mW-yodJtEeSmYZQ6osQPtg" presentation="default">
                  <element href="airbag1.sysml#_mW-ypNJtEeSmYZQ6osQPtg"/>
                </semanticModel>
                <contained xsi:type="di:EdgeObjectOffset" xmi:id="_mW-yotJtEeSmYZQ6osQPtg" id="nameEdgeObject"/>
                <contained xsi:type="di:EdgeObjectOffset" xmi:id="_mW-yo9JtEeSmYZQ6osQPtg" visible="false" id="TransitionStereotypeEdgeObject"/>
                <waypoints>[37, -52, 36, 60]</waypoints>
              </contained>
              <contained xsi:type="di:GraphEdge" xmi:id="_rTkocdJtEeSmYZQ6osQPtg" anchor="_fTBAoNJtEeSmYZQ6osQPtg _rTkocNJtEeSmYZQ6osQPtg">
                <semanticModel xsi:type="di:EMFSemanticModelBridge" xmi:id="_rTkoctJtEeSmYZQ6osQPtg" presentation="default">
                  <element href="airbag1.sysml#_rTkoddJtEeSmYZQ6osQPtg"/>
                </semanticModel>
                <contained xsi:type="di:EdgeObjectOffset" xmi:id="_rTkoc9JtEeSmYZQ6osQPtg" id="nameEdgeObject" offset="-2,-10"/>
                <contained xsi:type="di:EdgeObjectOffset" xmi:id="_rTkodNJtEeSmYZQ6osQPtg" visible="false" id="TransitionStereotypeEdgeObject"/>
              </contained>
              <contained xsi:type="di:GraphEdge" xmi:id="_tCaI0NJtEeSmYZQ6osQPtg" anchor="_fTBAodJtEeSmYZQ6osQPtg _tCQ-4NJtEeSmYZQ6osQPtg">
                <semanticModel xsi:type="di:EMFSemanticModelBridge" xmi:id="_tCaI0dJtEeSmYZQ6osQPtg" presentation="default">
                  <element href="airbag1.sysml#_tCaI1NJtEeSmYZQ6osQPtg"/>
                </semanticModel>
                <contained xsi:type="di:EdgeObjectOffset" xmi:id="_tCaI0tJtEeSmYZQ6osQPtg" id="nameEdgeObject" offset="1,-13"/>
                <contained xsi:type="di:EdgeObjectOffset" xmi:id="_tCaI09JtEeSmYZQ6osQPtg" visible="false" id="TransitionStereotypeEdgeObject"/>
              </contained>
              <contained xsi:type="di:GraphEdge" xmi:id="_vCqJUNJtEeSmYZQ6osQPtg" anchor="_rTkocNJtEeSmYZQ6osQPtg _tCQ-4NJtEeSmYZQ6osQPtg">
                <semanticModel xsi:type="di:EMFSemanticModelBridge" xmi:id="_vCqJUdJtEeSmYZQ6osQPtg" presentation="default">
                  <element href="airbag1.sysml#_vCqJVNJtEeSmYZQ6osQPtg"/>
                </semanticModel>
                <contained xsi:type="di:EdgeObjectOffset" xmi:id="_vCqJUtJtEeSmYZQ6osQPtg" id="nameEdgeObject"/>
                <contained xsi:type="di:EdgeObjectOffset" xmi:id="_vCqJU9JtEeSmYZQ6osQPtg" visible="false" id="TransitionStereotypeEdgeObject"/>
              </contained>
            </contained>
            <contained xsi:type="di:GraphNode" xmi:id="_2tHtgM-iEeSMN_LOZR19Kw" position="134,35" size="-1,-1">
              <semanticModel xsi:type="di:EMFSemanticModelBridge" xmi:id="_2tHtgc-iEeSMN_LOZR19Kw" presentation="default">
                <element href="airbag1.sysml#_2tKJwM-iEeSMN_LOZR19Kw"/>
              </semanticModel>
              <contained xsi:type="di:GraphNode" xmi:id="_1RzzMNJtEeSmYZQ6osQPtg" position="29,85" size="-1,-1">
                <property xmi:id="_1RzzMtJtEeSmYZQ6osQPtg" key="name" value="visible"/>
                <anchorage xmi:id="_817E4NJtEeSmYZQ6osQPtg" graphEdge="_82E14NJtEeSmYZQ6osQPtg"/>
                <semanticModel xsi:type="di:EMFSemanticModelBridge" xmi:id="_1RzzMdJtEeSmYZQ6osQPtg" presentation="default">
                  <element href="airbag1.sysml#_1RzzM9JtEeSmYZQ6osQPtg"/>
                </semanticModel>
              </contained>
              <contained xsi:type="di:GraphNode" xmi:id="_36Xw4NJtEeSmYZQ6osQPtg" position="106,13" size="552,307">
                <anchorage xmi:id="_817E4dJtEeSmYZQ6osQPtg" graphEdge="_82E14NJtEeSmYZQ6osQPtg"/>
                <semanticModel xsi:type="di:EMFSemanticModelBridge" xmi:id="_36Xw4dJtEeSmYZQ6osQPtg" presentation="default">
                  <element href="airbag1.sysml#_36hh4NJtEeSmYZQ6osQPtg"/>
                </semanticModel>
                <contained xsi:type="di:GraphNode" xmi:id="_36Xw4tJtEeSmYZQ6osQPtg">
                  <semanticModel xsi:type="di:EMFSemanticModelBridge" xmi:id="_36Xw49JtEeSmYZQ6osQPtg" presentation="default">
                    <element href="airbag1.sysml#_36hh4dJtEeSmYZQ6osQPtg"/>
                  </semanticModel>
                  <contained xsi:type="di:GraphNode" xmi:id="_Eu2wANJuEeSmYZQ6osQPtg" position="5,7" size="-1,-1">
                    <property xmi:id="_EvAhANJuEeSmYZQ6osQPtg" key="name" value="visible"/>
                    <anchorage xmi:id="_VQ8CQNJuEeSmYZQ6osQPtg" graphEdge="_VQ8CQtJuEeSmYZQ6osQPtg"/>
                    <semanticModel xsi:type="di:EMFSemanticModelBridge" xmi:id="_Eu2wAdJuEeSmYZQ6osQPtg" presentation="default">
                      <element href="airbag1.sysml#_EvAhAdJuEeSmYZQ6osQPtg"/>
                    </semanticModel>
                  </contained>
                  <contained xsi:type="di:GraphNode" xmi:id="_PbXWANJuEeSmYZQ6osQPtg" position="64,4" size="124,31">
                    <anchorage xmi:id="_VQ8CQdJuEeSmYZQ6osQPtg" graphEdge="_VQ8CQtJuEeSmYZQ6osQPtg _Ynd5MdJuEeSmYZQ6osQPtg _dB1ywNJuEeSmYZQ6osQPtg _ocKhAdJuEeSmYZQ6osQPtg"/>
                    <semanticModel xsi:type="di:EMFSemanticModelBridge" xmi:id="_PbXWAdJuEeSmYZQ6osQPtg" presentation="default">
                      <element href="airbag1.sysml#_PbXWAtJuEeSmYZQ6osQPtg"/>
                    </semanticModel>
                  </contained>
                  <contained xsi:type="di:GraphNode" xmi:id="_RdsaINJuEeSmYZQ6osQPtg" position="63,76" size="127,34">
                    <anchorage xmi:id="_Ynd5MNJuEeSmYZQ6osQPtg" graphEdge="_Ynd5MdJuEeSmYZQ6osQPtg _dB1ywNJuEeSmYZQ6osQPtg _1JOCcNJuEeSmYZQ6osQPtg"/>
                    <semanticModel xsi:type="di:EMFSemanticModelBridge" xmi:id="_RdsaIdJuEeSmYZQ6osQPtg" presentation="default">
                      <element href="airbag1.sysml#_Rd1kENJuEeSmYZQ6osQPtg"/>
                    </semanticModel>
                  </contained>
                  <contained xsi:type="di:GraphEdge" xmi:id="_VQ8CQtJuEeSmYZQ6osQPtg" anchor="_VQ8CQNJuEeSmYZQ6osQPtg _VQ8CQdJuEeSmYZQ6osQPtg">
                    <semanticModel xsi:type="di:EMFSemanticModelBridge" xmi:id="_VQ8CQ9JuEeSmYZQ6osQPtg" presentation="default">
                      <element href="airbag1.sysml#_VQ8CRtJuEeSmYZQ6osQPtg"/>
                    </semanticModel>
                    <contained xsi:type="di:EdgeObjectOffset" xmi:id="_VQ8CRNJuEeSmYZQ6osQPtg" id="nameEdgeObject"/>
                    <contained xsi:type="di:EdgeObjectOffset" xmi:id="_VQ8CRdJuEeSmYZQ6osQPtg" visible="false" id="TransitionStereotypeEdgeObject"/>
                  </contained>
                  <contained xsi:type="di:GraphEdge" xmi:id="_Ynd5MdJuEeSmYZQ6osQPtg" anchor="_VQ8CQdJuEeSmYZQ6osQPtg _Ynd5MNJuEeSmYZQ6osQPtg">
                    <semanticModel xsi:type="di:EMFSemanticModelBridge" xmi:id="_Ynd5MtJuEeSmYZQ6osQPtg" presentation="default">
                      <element href="airbag1.sysml#_Ynd5NdJuEeSmYZQ6osQPtg"/>
                    </semanticModel>
                    <contained xsi:type="di:EdgeObjectOffset" xmi:id="_Ynd5M9JuEeSmYZQ6osQPtg" id="nameEdgeObject" offset="-10,2"/>
                    <contained xsi:type="di:EdgeObjectOffset" xmi:id="_Ynd5NNJuEeSmYZQ6osQPtg" visible="false" id="TransitionStereotypeEdgeObject"/>
                    <waypoints>[-47, 36, -47, -38]</waypoints>
                  </contained>
                  <contained xsi:type="di:GraphEdge" xmi:id="_dB1ywNJuEeSmYZQ6osQPtg" anchor="_Ynd5MNJuEeSmYZQ6osQPtg _VQ8CQdJuEeSmYZQ6osQPtg">
                    <semanticModel xsi:type="di:EMFSemanticModelBridge" xmi:id="_dB1ywdJuEeSmYZQ6osQPtg" presentation="default">
                      <element href="airbag1.sysml#_dB1yxNJuEeSmYZQ6osQPtg"/>
                    </semanticModel>
                    <contained xsi:type="di:EdgeObjectOffset" xmi:id="_dB1ywtJuEeSmYZQ6osQPtg" id="nameEdgeObject" offset="30,1"/>
                    <contained xsi:type="di:EdgeObjectOffset" xmi:id="_dB1yw9JuEeSmYZQ6osQPtg" visible="false" id="TransitionStereotypeEdgeObject"/>
                    <waypoints>[42, -37, 42, 37]</waypoints>
                  </contained>
                  <contained xsi:type="di:GraphNode" xmi:id="_iKyCgNJuEeSmYZQ6osQPtg" position="347,4" size="117,32">
                    <anchorage xmi:id="_ocKhANJuEeSmYZQ6osQPtg" graphEdge="_ocKhAdJuEeSmYZQ6osQPtg _3LZVkNJuEeSmYZQ6osQPtg _5e0wwdJuEeSmYZQ6osQPtg"/>
                    <anchorage xmi:id="_5e0wwNJuEeSmYZQ6osQPtg" graphEdge="_5e0wwdJuEeSmYZQ6osQPtg"/>
                    <semanticModel xsi:type="di:EMFSemanticModelBridge" xmi:id="_iKyCgdJuEeSmYZQ6osQPtg" presentation="default">
                      <element href="airbag1.sysml#_iK7McNJuEeSmYZQ6osQPtg"/>
                    </semanticModel>
                  </contained>
                  <contained xsi:type="di:GraphEdge" xmi:id="_ocKhAdJuEeSmYZQ6osQPtg" anchor="_VQ8CQdJuEeSmYZQ6osQPtg _ocKhANJuEeSmYZQ6osQPtg">
                    <semanticModel xsi:type="di:EMFSemanticModelBridge" xmi:id="_ocKhAtJuEeSmYZQ6osQPtg" presentation="default">
                      <element href="airbag1.sysml#_ocKhBdJuEeSmYZQ6osQPtg"/>
                    </semanticModel>
                    <contained xsi:type="di:EdgeObjectOffset" xmi:id="_ocKhA9JuEeSmYZQ6osQPtg" id="nameEdgeObject" offset="-2,-12"/>
                    <contained xsi:type="di:EdgeObjectOffset" xmi:id="_ocKhBNJuEeSmYZQ6osQPtg" visible="false" id="TransitionStereotypeEdgeObject"/>
                  </contained>
                  <contained xsi:type="di:GraphNode" xmi:id="_uPDssNJuEeSmYZQ6osQPtg" position="347,73" size="120,38">
                    <anchorage xmi:id="_1JERcNJuEeSmYZQ6osQPtg" graphEdge="_1JOCcNJuEeSmYZQ6osQPtg _3LZVkNJuEeSmYZQ6osQPtg"/>
                    <semanticModel xsi:type="di:EMFSemanticModelBridge" xmi:id="_uPDssdJuEeSmYZQ6osQPtg" presentation="default">
                      <element href="airbag1.sysml#_uPDsstJuEeSmYZQ6osQPtg"/>
                    </semanticModel>
                  </contained>
                  <contained xsi:type="di:GraphEdge" xmi:id="_1JOCcNJuEeSmYZQ6osQPtg" anchor="_Ynd5MNJuEeSmYZQ6osQPtg _1JERcNJuEeSmYZQ6osQPtg">
                    <semanticModel xsi:type="di:EMFSemanticModelBridge" xmi:id="_1JOCcdJuEeSmYZQ6osQPtg" presentation="default">
                      <element href="airbag1.sysml#_1JOCdNJuEeSmYZQ6osQPtg"/>
                    </semanticModel>
                    <contained xsi:type="di:EdgeObjectOffset" xmi:id="_1JOCctJuEeSmYZQ6osQPtg" id="nameEdgeObject" offset="0,-14"/>
                    <contained xsi:type="di:EdgeObjectOffset" xmi:id="_1JOCc9JuEeSmYZQ6osQPtg" visible="false" id="TransitionStereotypeEdgeObject"/>
                  </contained>
                  <contained xsi:type="di:GraphEdge" xmi:id="_3LZVkNJuEeSmYZQ6osQPtg" anchor="_1JERcNJuEeSmYZQ6osQPtg _ocKhANJuEeSmYZQ6osQPtg">
                    <property xmi:id="_7J8OwNJuEeSmYZQ6osQPtg" key="router" value="Rectilinear"/>
                    <semanticModel xsi:type="di:EMFSemanticModelBridge" xmi:id="_3LZVkdJuEeSmYZQ6osQPtg" presentation="default">
                      <element href="airbag1.sysml#_3LZVlNJuEeSmYZQ6osQPtg"/>
                    </semanticModel>
                    <contained xsi:type="di:EdgeObjectOffset" xmi:id="_3LZVktJuEeSmYZQ6osQPtg" id="nameEdgeObject"/>
                    <contained xsi:type="di:EdgeObjectOffset" xmi:id="_3LZVk9JuEeSmYZQ6osQPtg" visible="false" id="TransitionStereotypeEdgeObject"/>
                  </contained>
                  <contained xsi:type="di:GraphEdge" xmi:id="_5e0wwdJuEeSmYZQ6osQPtg" anchor="_ocKhANJuEeSmYZQ6osQPtg _5e0wwNJuEeSmYZQ6osQPtg">
                    <property xmi:id="_9I2LcNJuEeSmYZQ6osQPtg" key="router" value="Rectilinear"/>
                    <semanticModel xsi:type="di:EMFSemanticModelBridge" xmi:id="_5e0wwtJuEeSmYZQ6osQPtg" presentation="default">
                      <element href="airbag1.sysml#_5e0wxdJuEeSmYZQ6osQPtg"/>
                    </semanticModel>
                    <contained xsi:type="di:EdgeObjectOffset" xmi:id="_5e0ww9JuEeSmYZQ6osQPtg" id="nameEdgeObject" offset="17,18"/>
                    <contained xsi:type="di:EdgeObjectOffset" xmi:id="_5e0wxNJuEeSmYZQ6osQPtg" visible="false" id="TransitionStereotypeEdgeObject"/>
                    <waypoints>[76, 11, 76, 11]</waypoints>
                    <waypoints>[76, -27, 76, -27]</waypoints>
                    <waypoints>[28, -27, 28, -27]</waypoints>
                  </contained>
                </contained>
                <contained xsi:type="di:GraphNode" xmi:id="_C8TNQNJuEeSmYZQ6osQPtg" position="112,111" size="-1,-1">
                  <semanticModel xsi:type="di:EMFSemanticModelBridge" xmi:id="_C8TNQdJuEeSmYZQ6osQPtg" presentation="default">
                    <element href="airbag1.sysml#_C8TNQtJuEeSmYZQ6osQPtg"/>
                  </semanticModel>
                  <contained xsi:type="di:GraphNode" xmi:id="_CwvBANJvEeSmYZQ6osQPtg" position="11,23" size="-1,-1">
                    <property xmi:id="_CwvBAtJvEeSmYZQ6osQPtg" key="name" value="visible"/>
                    <anchorage xmi:id="_rYGRMNJvEeSmYZQ6osQPtg" graphEdge="_rYGRMdJvEeSmYZQ6osQPtg"/>
                    <semanticModel xsi:type="di:EMFSemanticModelBridge" xmi:id="_CwvBAdJvEeSmYZQ6osQPtg" presentation="default">
                      <element href="airbag1.sysml#_CwvBA9JvEeSmYZQ6osQPtg"/>
                    </semanticModel>
                  </contained>
                  <contained xsi:type="di:GraphNode" xmi:id="_GfNd4NJvEeSmYZQ6osQPtg" position="105,20" size="84,32">
                    <anchorage xmi:id="_OwZ4ANJvEeSmYZQ6osQPtg" graphEdge="_OwZ4AtJvEeSmYZQ6osQPtg _T3jYAdJvEeSmYZQ6osQPtg _rYGRMdJvEeSmYZQ6osQPtg"/>
                    <anchorage xmi:id="_T3jYANJvEeSmYZQ6osQPtg" graphEdge="_T3jYAdJvEeSmYZQ6osQPtg"/>
                    <semanticModel xsi:type="di:EMFSemanticModelBridge" xmi:id="_GfNd4dJvEeSmYZQ6osQPtg" presentation="default">
                      <element href="airbag1.sysml#_GfXO4NJvEeSmYZQ6osQPtg"/>
                    </semanticModel>
                  </contained>
                  <contained xsi:type="di:GraphNode" xmi:id="_JMh_wNJvEeSmYZQ6osQPtg" position="283,21" size="71,35">
                    <anchorage xmi:id="_OwZ4AdJvEeSmYZQ6osQPtg" graphEdge="_OwZ4AtJvEeSmYZQ6osQPtg _QizpwdJvEeSmYZQ6osQPtg"/>
                    <semanticModel xsi:type="di:EMFSemanticModelBridge" xmi:id="_JMh_wdJvEeSmYZQ6osQPtg" presentation="default">
                      <element href="airbag1.sysml#_JMrwwNJvEeSmYZQ6osQPtg"/>
                    </semanticModel>
                  </contained>
                  <contained xsi:type="di:GraphNode" xmi:id="_M_LyANJvEeSmYZQ6osQPtg" position="440,16" size="50,50">
                    <anchorage xmi:id="_QizpwNJvEeSmYZQ6osQPtg" graphEdge="_QizpwdJvEeSmYZQ6osQPtg _fHxIAdJvEeSmYZQ6osQPtg"/>
                    <anchorage xmi:id="_fHxIANJvEeSmYZQ6osQPtg" graphEdge="_fHxIAdJvEeSmYZQ6osQPtg"/>
                    <semanticModel xsi:type="di:EMFSemanticModelBridge" xmi:id="_M_LyAdJvEeSmYZQ6osQPtg" presentation="default">
                      <element href="airbag1.sysml#_M_VjANJvEeSmYZQ6osQPtg"/>
                    </semanticModel>
                  </contained>
                  <contained xsi:type="di:GraphEdge" xmi:id="_OwZ4AtJvEeSmYZQ6osQPtg" anchor="_OwZ4ANJvEeSmYZQ6osQPtg _OwZ4AdJvEeSmYZQ6osQPtg">
                    <semanticModel xsi:type="di:EMFSemanticModelBridge" xmi:id="_OwZ4A9JvEeSmYZQ6osQPtg" presentation="default">
                      <element href="airbag1.sysml#_OwZ4BtJvEeSmYZQ6osQPtg"/>
                    </semanticModel>
                    <contained xsi:type="di:EdgeObjectOffset" xmi:id="_OwZ4BNJvEeSmYZQ6osQPtg" id="nameEdgeObject" offset="0,-10"/>
                    <contained xsi:type="di:EdgeObjectOffset" xmi:id="_OwZ4BdJvEeSmYZQ6osQPtg" visible="false" id="TransitionStereotypeEdgeObject"/>
                  </contained>
                  <contained xsi:type="di:GraphEdge" xmi:id="_QizpwdJvEeSmYZQ6osQPtg" anchor="_OwZ4AdJvEeSmYZQ6osQPtg _QizpwNJvEeSmYZQ6osQPtg">
                    <semanticModel xsi:type="di:EMFSemanticModelBridge" xmi:id="_QizpwtJvEeSmYZQ6osQPtg" presentation="default">
                      <element href="airbag1.sysml#_QizpxdJvEeSmYZQ6osQPtg"/>
                    </semanticModel>
                    <contained xsi:type="di:EdgeObjectOffset" xmi:id="_Qizpw9JvEeSmYZQ6osQPtg" id="nameEdgeObject" offset="-5,-13"/>
                    <contained xsi:type="di:EdgeObjectOffset" xmi:id="_QizpxNJvEeSmYZQ6osQPtg" visible="false" id="TransitionStereotypeEdgeObject"/>
                  </contained>
                  <contained xsi:type="di:GraphEdge" xmi:id="_T3jYAdJvEeSmYZQ6osQPtg" anchor="_OwZ4ANJvEeSmYZQ6osQPtg _T3jYANJvEeSmYZQ6osQPtg">
                    <property xmi:id="_V_1TINJvEeSmYZQ6osQPtg" key="router" value="Rectilinear"/>
                    <semanticModel xsi:type="di:EMFSemanticModelBridge" xmi:id="_T3jYAtJvEeSmYZQ6osQPtg" presentation="default">
                      <element href="airbag1.sysml#_T3jYBdJvEeSmYZQ6osQPtg"/>
                    </semanticModel>
                    <contained xsi:type="di:EdgeObjectOffset" xmi:id="_T3jYA9JvEeSmYZQ6osQPtg" id="nameEdgeObject" offset="1,14"/>
                    <contained xsi:type="di:EdgeObjectOffset" xmi:id="_T3jYBNJvEeSmYZQ6osQPtg" visible="false" id="TransitionStereotypeEdgeObject"/>
                    <waypoints>[52, 11, 52, 11]</waypoints>
                    <waypoints>[52, 41, 52, 41]</waypoints>
                    <waypoints>[1, 41, 1, 41]</waypoints>
                  </contained>
                  <contained xsi:type="di:GraphEdge" xmi:id="_fHxIAdJvEeSmYZQ6osQPtg" anchor="_QizpwNJvEeSmYZQ6osQPtg _fHxIANJvEeSmYZQ6osQPtg">
                    <property xmi:id="_hUNKYNJvEeSmYZQ6osQPtg" key="router" value="Rectilinear"/>
                    <semanticModel xsi:type="di:EMFSemanticModelBridge" xmi:id="_fHxIAtJvEeSmYZQ6osQPtg" presentation="default">
                      <element href="airbag1.sysml#_fHxIBdJvEeSmYZQ6osQPtg"/>
                    </semanticModel>
                    <contained xsi:type="di:EdgeObjectOffset" xmi:id="_fHxIA9JvEeSmYZQ6osQPtg" id="nameEdgeObject" offset="-70,14"/>
                    <contained xsi:type="di:EdgeObjectOffset" xmi:id="_fHxIBNJvEeSmYZQ6osQPtg" visible="false" id="TransitionStereotypeEdgeObject"/>
                    <waypoints>[49, -2, 49, -2]</waypoints>
                    <waypoints>[49, 45, 49, 45]</waypoints>
                    <waypoints>[-5, 45, -5, 45]</waypoints>
                  </contained>
                  <contained xsi:type="di:GraphEdge" xmi:id="_rYGRMdJvEeSmYZQ6osQPtg" anchor="_rYGRMNJvEeSmYZQ6osQPtg _OwZ4ANJvEeSmYZQ6osQPtg">
                    <semanticModel xsi:type="di:EMFSemanticModelBridge" xmi:id="_rYGRMtJvEeSmYZQ6osQPtg" presentation="default">
                      <element href="airbag1.sysml#_rYGRNdJvEeSmYZQ6osQPtg"/>
                    </semanticModel>
                    <contained xsi:type="di:EdgeObjectOffset" xmi:id="_rYGRM9JvEeSmYZQ6osQPtg" id="nameEdgeObject"/>
                    <contained xsi:type="di:EdgeObjectOffset" xmi:id="_rYGRNNJvEeSmYZQ6osQPtg" visible="false" id="TransitionStereotypeEdgeObject"/>
                  </contained>
                </contained>
              </contained>
              <contained xsi:type="di:GraphEdge" xmi:id="_82E14NJtEeSmYZQ6osQPtg" anchor="_817E4NJtEeSmYZQ6osQPtg _817E4dJtEeSmYZQ6osQPtg">
                <property xmi:id="_BE_GUNJuEeSmYZQ6osQPtg" key="router" value="Rectilinear"/>
                <semanticModel xsi:type="di:EMFSemanticModelBridge" xmi:id="_82E14dJtEeSmYZQ6osQPtg" presentation="default">
                  <element href="airbag1.sysml#_82E15NJtEeSmYZQ6osQPtg"/>
                </semanticModel>
                <contained xsi:type="di:EdgeObjectOffset" xmi:id="_82E14tJtEeSmYZQ6osQPtg" id="nameEdgeObject"/>
                <contained xsi:type="di:EdgeObjectOffset" xmi:id="_82E149JtEeSmYZQ6osQPtg" visible="false" id="TransitionStereotypeEdgeObject"/>
              </contained>
            </contained>
          </contained>
          <contained xsi:type="di:GraphEdge" xmi:id="_vJEtQM-iEeSMN_LOZR19Kw" anchor="_vJC4EM-iEeSMN_LOZR19Kw _vJC4Ec-iEeSMN_LOZR19Kw">
            <property xmi:id="_zMDagM-iEeSMN_LOZR19Kw" key="router" value="Rectilinear"/>
            <semanticModel xsi:type="di:EMFSemanticModelBridge" xmi:id="_vJEtQc-iEeSMN_LOZR19Kw" presentation="default">
              <element href="airbag1.sysml#_vJEtRM-iEeSMN_LOZR19Kw"/>
            </semanticModel>
            <contained xsi:type="di:EdgeObjectOffset" xmi:id="_vJEtQs-iEeSMN_LOZR19Kw" id="nameEdgeObject"/>
            <contained xsi:type="di:EdgeObjectOffset" xmi:id="_vJEtQ8-iEeSMN_LOZR19Kw" visible="false" id="TransitionStereotypeEdgeObject"/>
          </contained>
        </contained>
      </diagrams>