<?xml version="1.0" encoding="UTF-8" standalone="no"?><ownedBehavior xmlns:Allocations="http://www.eclipse.org/papyrus/0.7.0/SysML/Allocations" xmlns:ecore="http://www.eclipse.org/emf/2002/Ecore" xmlns:refMapProfile="http:///schemas/refMapProfile/_Wn_IAGZAEeKTUctFx_SZgg/7" xmlns:sysML="http://www.topcased.org/2.0/sysML" xmlns:uml="http://www.eclipse.org/uml2/3.0.0/UML" xmlns:xmi="http://www.omg.org/XMI" xmlns:xsi="http://www.w3.org/2001/XMLSchema-instance" name="stm_Sw_operation" xmi:id="_9ZcVIJL8EeOonalRpHtFwQ" xmi:type="uml:StateMachine">
          <region name="Region" xmi:id="_9ZcVIZL8EeOonalRpHtFwQ" xmi:type="uml:Region">
            <subvertex name="Sw_operation_Init" xmi:id="_-Yq9gZL8EeOonalRpHtFwQ" xmi:type="uml:Pseudostate"/>
            <subvertex name="Sw_operation_State1" xmi:id="_CQFT8JL9EeOonalRpHtFwQ" xmi:type="uml:State">
              <region name="Region1" xmi:id="_CQFT8ZL9EeOonalRpHtFwQ" xmi:type="uml:Region">
                <subvertex name="Sw_operation_Init1" xmi:id="_JzmIsJL9EeOonalRpHtFwQ" xmi:type="uml:Pseudostate"/>
                <subvertex name="Sw_operation_BothOpen" xmi:id="_LuVXEJL9EeOonalRpHtFwQ" xmi:type="uml:State"/>
                <subvertex name="Sw_operation_BothClosed" xmi:id="_RIiV8JL9EeOonalRpHtFwQ" xmi:type="uml:State"/>
                <subvertex name="Sw_operation_Only1Closed" xmi:id="_V7AmcJL9EeOonalRpHtFwQ" xmi:type="uml:State"/>
                <subvertex name="Sw_operation_Only2Closed" xmi:id="_bF4I0JL9EeOonalRpHtFwQ" xmi:type="uml:State"/>
                <transition kind="local" name="_sw1_close_" source="_LuVXEJL9EeOonalRpHtFwQ" target="_V7AmcJL9EeOonalRpHtFwQ" xmi:id="_e_0O1pL9EeOonalRpHtFwQ" xmi:type="uml:Transition"/>
                <transition kind="local" name="_sw2_close_" source="_LuVXEJL9EeOonalRpHtFwQ" target="_bF4I0JL9EeOonalRpHtFwQ" xmi:id="_pY1RFZL9EeOonalRpHtFwQ" xmi:type="uml:Transition"/>
                <transition kind="local" name="_sw2_close_" source="_V7AmcJL9EeOonalRpHtFwQ" target="_RIiV8JL9EeOonalRpHtFwQ" xmi:id="_uCFUJJL9EeOonalRpHtFwQ" xmi:type="uml:Transition"/>
                <transition kind="local" name="_sw1_close_" source="_bF4I0JL9EeOonalRpHtFwQ" target="_RIiV8JL9EeOonalRpHtFwQ" xmi:id="_xJS8tJL9EeOonalRpHtFwQ" xmi:type="uml:Transition"/>
                <transition kind="local" name="_sw2_open_" source="_RIiV8JL9EeOonalRpHtFwQ" target="_V7AmcJL9EeOonalRpHtFwQ" xmi:id="_5aL01JL9EeOonalRpHtFwQ" xmi:type="uml:Transition"/>
                <transition kind="local" name="_sw1_open_" source="_RIiV8JL9EeOonalRpHtFwQ" target="_bF4I0JL9EeOonalRpHtFwQ" xmi:id="_7ugn5JL9EeOonalRpHtFwQ" xmi:type="uml:Transition"/>
                <transition kind="local" name="_sw1_open_" source="_V7AmcJL9EeOonalRpHtFwQ" target="_LuVXEJL9EeOonalRpHtFwQ" xmi:id="_-EeZtJL9EeOonalRpHtFwQ" xmi:type="uml:Transition"/>
                <transition kind="local" name="_sw2_open_" source="_bF4I0JL9EeOonalRpHtFwQ" target="_LuVXEJL9EeOonalRpHtFwQ" xmi:id="__9bfZJL9EeOonalRpHtFwQ" xmi:type="uml:Transition"/>
                <transition kind="local" name="_i1_" source="_JzmIsJL9EeOonalRpHtFwQ" target="_LuVXEJL9EeOonalRpHtFwQ" xmi:id="_Hx5hRZL-EeOonalRpHtFwQ" xmi:type="uml:Transition"/>
                <transition kind="local" name="_both_sw_closed_for_Xms_" source="_RIiV8JL9EeOonalRpHtFwQ" target="_RIiV8JL9EeOonalRpHtFwQ" xmi:id="_Zvd6FZL-EeOonalRpHtFwQ" xmi:type="uml:Transition"/>
              </region>
            </subvertex>
            <transition kind="local" name="_i0_" source="_-Yq9gZL8EeOonalRpHtFwQ" target="_CQFT8JL9EeOonalRpHtFwQ" xmi:id="_E35qxpL9EeOonalRpHtFwQ" xmi:type="uml:Transition"/>
            <transition kind="local" name="_reset_" source="_CQFT8JL9EeOonalRpHtFwQ" target="_CQFT8JL9EeOonalRpHtFwQ" xmi:id="_oWz99ZL-EeOonalRpHtFwQ" xmi:type="uml:Transition"/>
          </region>
        </ownedBehavior>