<?xml version="1.0" encoding="UTF-8" standalone="no"?><ownedBehavior xmlns:Allocations="http://www.eclipse.org/papyrus/0.7.0/SysML/Allocations" xmlns:ecore="http://www.eclipse.org/emf/2002/Ecore" xmlns:refMapProfile="http:///schemas/refMapProfile/_Wn_IAGZAEeKTUctFx_SZgg/7" xmlns:sysML="http://www.topcased.org/2.0/sysML" xmlns:uml="http://www.eclipse.org/uml2/3.0.0/UML" xmlns:xmi="http://www.omg.org/XMI" xmlns:xsi="http://www.w3.org/2001/XMLSchema-instance" name="stm_Sw_off_in_fault" xmi:id="_nXckAM-iEeSMN_LOZR19Kw" xmi:type="uml:StateMachine">
          <region name="Region" xmi:id="_nXckAc-iEeSMN_LOZR19Kw" xmi:type="uml:Region">
            <subvertex name="Sw_off_in_fault_Init" xmi:id="_oH6-sM-iEeSMN_LOZR19Kw" xmi:type="uml:Pseudostate"/>
            <subvertex name="Sw_off_in_fault_State1" xmi:id="_rFimYM-iEeSMN_LOZR19Kw" xmi:type="uml:State">
              <region name="Region1" xmi:id="_rFimYc-iEeSMN_LOZR19Kw" xmi:type="uml:Region">
                <subvertex name="Sw_off_in_fault_Init1" xmi:id="_NnvRsNJtEeSmYZQ6osQPtg" xmi:type="uml:Pseudostate"/>
                <subvertex name="Sw_off_in_fault_Sw1Open" xmi:id="_Q1fnItJtEeSmYZQ6osQPtg" xmi:type="uml:State"/>
                <subvertex name="Sw_off_in_fault_Sw1Closed" xmi:id="_Sm23ENJtEeSmYZQ6osQPtg" xmi:type="uml:State"/>
                <subvertex name="Sw_off_in_fault_Sw1FaultOpen" xmi:id="_Vmnz0tJtEeSmYZQ6osQPtg" xmi:type="uml:State"/>
                <subvertex name="Sw_off_in_fault_Sw1FaultClosed" xmi:id="_Y2wu4NJtEeSmYZQ6osQPtg" xmi:type="uml:State"/>
                <transition kind="local" name="_sw1_close_" source="_Q1fnItJtEeSmYZQ6osQPtg" target="_Sm23ENJtEeSmYZQ6osQPtg" xmi:id="_fTBAptJtEeSmYZQ6osQPtg" xmi:type="uml:Transition"/>
                <transition kind="local" name="" source="_NnvRsNJtEeSmYZQ6osQPtg" target="_Q1fnItJtEeSmYZQ6osQPtg" xmi:id="_j_FuNdJtEeSmYZQ6osQPtg" xmi:type="uml:Transition"/>
                <transition kind="local" name="_sw1_open_" source="_Sm23ENJtEeSmYZQ6osQPtg" target="_Q1fnItJtEeSmYZQ6osQPtg" xmi:id="_mW-ypNJtEeSmYZQ6osQPtg" xmi:type="uml:Transition"/>
                <transition kind="local" name="_fault_" source="_Q1fnItJtEeSmYZQ6osQPtg" target="_Vmnz0tJtEeSmYZQ6osQPtg" xmi:id="_rTkoddJtEeSmYZQ6osQPtg" xmi:type="uml:Transition"/>
                <transition kind="local" name="_fault_" source="_Sm23ENJtEeSmYZQ6osQPtg" target="_Y2wu4NJtEeSmYZQ6osQPtg" xmi:id="_tCaI1NJtEeSmYZQ6osQPtg" xmi:type="uml:Transition"/>
                <transition kind="local" name="_sw1_close_" source="_Vmnz0tJtEeSmYZQ6osQPtg" target="_Y2wu4NJtEeSmYZQ6osQPtg" xmi:id="_vCqJVNJtEeSmYZQ6osQPtg" xmi:type="uml:Transition"/>
              </region>
              <region name="Region2" xmi:id="_2tKJwM-iEeSMN_LOZR19Kw" xmi:type="uml:Region">
                <subvertex name="Sw_off_in_fault_Init2" xmi:id="_1RzzM9JtEeSmYZQ6osQPtg" xmi:type="uml:Pseudostate"/>
                <subvertex name="Sw_off_in_fault_Sw2State" xmi:id="_36hh4NJtEeSmYZQ6osQPtg" xmi:type="uml:State">
                  <region name="Region1" xmi:id="_36hh4dJtEeSmYZQ6osQPtg" xmi:type="uml:Region">
                    <subvertex name="Sw_off_in_fault_I2" xmi:id="_EvAhAdJuEeSmYZQ6osQPtg" xmi:type="uml:Pseudostate"/>
                    <subvertex name="Sw_off_in_fault_Sw2Open" xmi:id="_PbXWAtJuEeSmYZQ6osQPtg" xmi:type="uml:State"/>
                    <subvertex name="Sw_off_in_fault_Sw2Closed" xmi:id="_Rd1kENJuEeSmYZQ6osQPtg" xmi:type="uml:State"/>
                    <subvertex name="Sw_off_in_fault_Sw2FaultOpen" xmi:id="_iK7McNJuEeSmYZQ6osQPtg" xmi:type="uml:State"/>
                    <subvertex name="Sw_off_in_fault_Sw2FaultClosed" xmi:id="_uPDsstJuEeSmYZQ6osQPtg" xmi:type="uml:State"/>
                    <transition kind="local" name="" source="_EvAhAdJuEeSmYZQ6osQPtg" target="_PbXWAtJuEeSmYZQ6osQPtg" xmi:id="_VQ8CRtJuEeSmYZQ6osQPtg" xmi:type="uml:Transition"/>
                    <transition kind="local" name="_sw2_close_" source="_PbXWAtJuEeSmYZQ6osQPtg" target="_Rd1kENJuEeSmYZQ6osQPtg" xmi:id="_Ynd5NdJuEeSmYZQ6osQPtg" xmi:type="uml:Transition"/>
                    <transition kind="local" name="_sw2_open_" source="_Rd1kENJuEeSmYZQ6osQPtg" target="_PbXWAtJuEeSmYZQ6osQPtg" xmi:id="_dB1yxNJuEeSmYZQ6osQPtg" xmi:type="uml:Transition"/>
                    <transition kind="local" name="_fault_" source="_PbXWAtJuEeSmYZQ6osQPtg" target="_iK7McNJuEeSmYZQ6osQPtg" xmi:id="_ocKhBdJuEeSmYZQ6osQPtg" xmi:type="uml:Transition"/>
                    <transition kind="local" name="_fault_" source="_Rd1kENJuEeSmYZQ6osQPtg" target="_uPDsstJuEeSmYZQ6osQPtg" xmi:id="_1JOCdNJuEeSmYZQ6osQPtg" xmi:type="uml:Transition"/>
                    <transition kind="local" name="_sw2_open_" source="_uPDsstJuEeSmYZQ6osQPtg" target="_iK7McNJuEeSmYZQ6osQPtg" xmi:id="_3LZVlNJuEeSmYZQ6osQPtg" xmi:type="uml:Transition"/>
                    <transition kind="local" name="_off_" source="_iK7McNJuEeSmYZQ6osQPtg" target="_iK7McNJuEeSmYZQ6osQPtg" xmi:id="_5e0wxdJuEeSmYZQ6osQPtg" xmi:type="uml:Transition"/>
                  </region>
                  <region name="Region2" xmi:id="_C8TNQtJuEeSmYZQ6osQPtg" xmi:type="uml:Region">
                    <subvertex name="Sw_off_in_fault_Itime" xmi:id="_CwvBA9JvEeSmYZQ6osQPtg" xmi:type="uml:Pseudostate"/>
                    <subvertex name="Sw_off_in_fault_NoFault" xmi:id="_GfXO4NJvEeSmYZQ6osQPtg" xmi:type="uml:State"/>
                    <subvertex name="Sw_off_in_fault_Fault" xmi:id="_JMrwwNJvEeSmYZQ6osQPtg" xmi:type="uml:State"/>
                    <subvertex name="Sw_off_in_fault_Safe" xmi:id="_M_VjANJvEeSmYZQ6osQPtg" xmi:type="uml:State"/>
                    <transition kind="local" name="_fault_" source="_GfXO4NJvEeSmYZQ6osQPtg" target="_JMrwwNJvEeSmYZQ6osQPtg" xmi:id="_OwZ4BtJvEeSmYZQ6osQPtg" xmi:type="uml:Transition"/>
                    <transition kind="local" name="_off_" source="_JMrwwNJvEeSmYZQ6osQPtg" target="_M_VjANJvEeSmYZQ6osQPtg" xmi:id="_QizpxdJvEeSmYZQ6osQPtg" xmi:type="uml:Transition"/>
                    <transition kind="local" name="_both_sw_closed_for_Xms_" source="_GfXO4NJvEeSmYZQ6osQPtg" target="_GfXO4NJvEeSmYZQ6osQPtg" xmi:id="_T3jYBdJvEeSmYZQ6osQPtg" xmi:type="uml:Transition"/>
                    <transition kind="local" name="_both_sw_closed_for_Xms_" source="_M_VjANJvEeSmYZQ6osQPtg" target="_M_VjANJvEeSmYZQ6osQPtg" xmi:id="_fHxIBdJvEeSmYZQ6osQPtg" xmi:type="uml:Transition"/>
                    <transition kind="local" name="" source="_CwvBA9JvEeSmYZQ6osQPtg" target="_GfXO4NJvEeSmYZQ6osQPtg" xmi:id="_rYGRNdJvEeSmYZQ6osQPtg" xmi:type="uml:Transition"/>
                  </region>
                </subvertex>
                <transition kind="local" name="" source="_1RzzM9JtEeSmYZQ6osQPtg" target="_36hh4NJtEeSmYZQ6osQPtg" xmi:id="_82E15NJtEeSmYZQ6osQPtg" xmi:type="uml:Transition"/>
              </region>
            </subvertex>
            <transition kind="local" name="" source="_oH6-sM-iEeSMN_LOZR19Kw" target="_rFimYM-iEeSMN_LOZR19Kw" xmi:id="_vJEtRM-iEeSMN_LOZR19Kw" xmi:type="uml:Transition"/>
          </region>
        </ownedBehavior>