<?xml version="1.0" encoding="UTF-8" standalone="no"?><xmi:XMI xmlns:xmi="http://www.omg.org/XMI" xmlns:Allocations="http://www.eclipse.org/papyrus/0.7.0/SysML/Allocations" xmlns:ecore="http://www.eclipse.org/emf/2002/Ecore" xmlns:refMapProfile="http:///schemas/refMapProfile/_Wn_IAGZAEeKTUctFx_SZgg/7" xmlns:sysML="http://www.topcased.org/2.0/sysML" xmlns:uml="http://www.eclipse.org/uml2/3.0.0/UML" xmlns:xsi="http://www.w3.org/2001/XMLSchema-instance" xmi:version="2.0" xsi:schemaLocation="http://www.eclipse.org/papyrus/0.7.0/SysML/Allocations http://www.eclipse.org/papyrus/0.7.0/SysML#//allocations http:///schemas/refMapProfile/_Wn_IAGZAEeKTUctFx_SZgg/7 file:/E:/svnWorkingCopies/sisma/software/trunk/RefCheckMapProfile/refMapProfile.sysml#_WoF1sGZAEeKTUctFx_SZgg">
  <uml:Model name="generic_airbag" xmi:id="idModel">
    <packagedElement name="concept" xmi:id="idPackage" xmi:type="uml:Package">
      <packagedElement classifierBehavior="_EHx5oJ4OEeKag5gLaCX0lg" id="FSR1" isAbstract="true" name="No_unintended_deploy" text="do not deploy airbag if no critical collision started" xmi:id="_TeGY0J4NEeKag5gLaCX0lg" xmi:type="sysML:Requirement">
        <ownedBehavior name="stm_No_unintended_deploy" xmi:id="_EHx5oJ4OEeKag5gLaCX0lg" xmi:type="uml:StateMachine">
          <region name="Region" xmi:id="_EHx5oZ4OEeKag5gLaCX0lg" xmi:type="uml:Region">
            <subvertex name="No_critical_collision_started" xmi:id="_FwOeIJ4OEeKag5gLaCX0lg" xmi:type="uml:State"/>
            <subvertex name="Critical_collision_started" xmi:id="_PL8xsJ4OEeKag5gLaCX0lg" xmi:type="uml:State"/>
            <subvertex name="Init" xmi:id="_ZYA9E54OEeKag5gLaCX0lg" xmi:type="uml:Pseudostate"/>
            <transition kind="local" name="" source="_ZYA9E54OEeKag5gLaCX0lg" target="_FwOeIJ4OEeKag5gLaCX0lg" xmi:id="_fVeaBp4OEeKag5gLaCX0lg" xmi:type="uml:Transition"/>
            <transition kind="local" name="start_cc" source="_FwOeIJ4OEeKag5gLaCX0lg" target="_PL8xsJ4OEeKag5gLaCX0lg" xmi:id="_pet65Z4OEeKag5gLaCX0lg" xmi:type="uml:Transition">
              <trigger name="start_cc" xmi:id="_rVJRAJ4OEeKag5gLaCX0lg" xmi:type="uml:Trigger"/>
            </transition>
            <transition kind="local" name="deploy" source="_PL8xsJ4OEeKag5gLaCX0lg" target="_PL8xsJ4OEeKag5gLaCX0lg" xmi:id="_IBT6hZ4PEeKag5gLaCX0lg" xmi:type="uml:Transition"/>
            <transition kind="local" name="start_cc" source="_PL8xsJ4OEeKag5gLaCX0lg" target="_PL8xsJ4OEeKag5gLaCX0lg" xmi:id="_7gA-FFhTEeOmr5U5Aqwqvw" xmi:type="uml:Transition"/>
          </region>
        </ownedBehavior>
      </packagedElement>
      <packagedElement id="FSR2" isAbstract="true" name="Effective_deploy" text="deploy the airbag before X ms elapse since the start of a critical collision" xmi:id="_mNqPQJ4NEeKag5gLaCX0lg" xmi:type="sysML:Requirement"/>
      <packagedElement name="vehicle" xmi:id="_vEFMYJ7IEeKjC9zfFNGw9A" xmi:type="sysML:Block">
        <nestedClassifier name="vehicleBody" xmi:id="__PPzcJ7IEeKjC9zfFNGw9A" xmi:type="sysML:Block"/>
        <nestedClassifier name="item" xmi:id="_HrveoJ7JEeKjC9zfFNGw9A" xmi:type="sysML:Block">
          <nestedClassifier name="ECU" xmi:id="_J5quwJ7JEeKjC9zfFNGw9A" xmi:type="sysML:Block">
            <nestedClassifier name="mC" xmi:id="_L2CT4HnKEeOPFeVV0hjJ3A" xmi:type="sysML:Block"/>
            <nestedClassifier clientDependency="_E7nusJ0lEeOK_uvNdgNkAg _eGfbwNJwEeSmYZQ6osQPtg" name="SOC" xmi:id="_RjkecHnKEeOPFeVV0hjJ3A" xmi:type="sysML:Block">
              <nestedClassifier name="DIG" xmi:id="_IhK0YHnLEeOPFeVV0hjJ3A" xmi:type="sysML:Block"/>
              <nestedClassifier name="SensorIF" xmi:id="_Q7R58HnLEeOPFeVV0hjJ3A" xmi:type="sysML:Block"/>
              <nestedClassifier name="DRV" xmi:id="_OCNbEHnLEeOPFeVV0hjJ3A" xmi:type="sysML:Block"/>
            </nestedClassifier>
          </nestedClassifier>
          <nestedClassifier name="sensors" xmi:id="_A-06sJ7JEeKjC9zfFNGw9A" xmi:type="sysML:Block">
            <nestedClassifier name="S1" xmi:id="_Shef0J7OEeKjC9zfFNGw9A" xmi:type="sysML:Block"/>
            <nestedClassifier name="S2" xmi:id="_T4NpQJ7OEeKjC9zfFNGw9A" xmi:type="sysML:Block"/>
          </nestedClassifier>
          <nestedClassifier clientDependency="_9FECIJ0kEeOK_uvNdgNkAg _EamFQJ0lEeOK_uvNdgNkAg" name="actuators" xmi:id="_MXOWUJ7JEeKjC9zfFNGw9A" xmi:type="sysML:Block">
            <nestedClassifier name="actuatorDriver" xmi:id="_DEXAENGbEeKDDfZl36mumg" xmi:type="sysML:Block"/>
            <nestedClassifier name="squib" xmi:id="_G23oYNGbEeKDDfZl36mumg" xmi:type="sysML:Block"/>
            <nestedClassifier name="airbag" xmi:id="_LswZQNGbEeKDDfZl36mumg" xmi:type="sysML:Block"/>
          </nestedClassifier>
        </nestedClassifier>
      </packagedElement>
      <packagedElement name="Airbag_safety_function" xmi:id="_xERbIJ7LEeKjC9zfFNGw9A" xmi:type="sysML:Block">
        <ownedAttribute name="Property1" type="_g-qzIJ4TEeKag5gLaCX0lg" xmi:id="_zCpPEakNEeKktu4qQz8ePA" xmi:type="uml:Property"/>
        <ownedAttribute aggregation="composite" name="Property2" type="_ymfa4J4SEeKag5gLaCX0lg" xmi:id="_43zPIakOEeKktu4qQz8ePA" xmi:type="uml:Property"/>
        <ownedConnector kind="delegation" name="" xmi:id="_V_7b4KkPEeKktu4qQz8ePA" xmi:type="uml:Connector">
          <end partWithPort="_43zPIakOEeKktu4qQz8ePA" role="_ZPkCEJ7GEeKjC9zfFNGw9A" xmi:id="_V_7b4akPEeKktu4qQz8ePA" xmi:type="uml:ConnectorEnd"/>
          <end partWithPort="_zCpPEakNEeKktu4qQz8ePA" role="_q2rCsJ7GEeKjC9zfFNGw9A" xmi:id="_V_7b4qkPEeKktu4qQz8ePA" xmi:type="uml:ConnectorEnd"/>
        </ownedConnector>
        <nestedClassifier clientDependency="_SG1oQJ0kEeOK_uvNdgNkAg" name="Deploy_Airbag" xmi:id="_g-qzIJ4TEeKag5gLaCX0lg" xmi:type="sysML:Block">
          <ownedAttribute direction="in" name="cc_detected" xmi:id="_q2rCsJ7GEeKjC9zfFNGw9A" xmi:type="sysML:FlowPort"/>
          <ownedAttribute name="" type="_8HaVQJ7HEeKjC9zfFNGw9A" xmi:id="_X1uVU6kOEeKktu4qQz8ePA" xmi:type="uml:Property"/>
          <ownedAttribute name="" type="_hdxvUJ0fEeOK_uvNdgNkAg" xmi:id="_qO0zk6kOEeKktu4qQz8ePA" xmi:type="uml:Property"/>
          <nestedClassifier clientDependency="_PQzLMJkyEeOoNL1JcaDakA" name="generateDeployComm" xmi:id="_8HaVQJ7HEeKjC9zfFNGw9A" xmi:type="sysML:Block"/>
          <nestedClassifier name="ExecuteDeployComm" xmi:id="_hdxvUJ0fEeOK_uvNdgNkAg" xmi:type="sysML:Block">
            <nestedClassifier clientDependency="_yYlOIJ0gEeOK_uvNdgNkAg" name="PropagateDeployComm" xmi:id="_oVSh8JJkEeOxXciWaJrA3g" xmi:type="sysML:Block">
              <nestedClassifier clientDependency="_HR5mYJ0hEeOK_uvNdgNkAg" name="DiagnoseFault" xmi:id="_9a8vYJ0gEeOK_uvNdgNkAg" xmi:type="sysML:Block"/>
            </nestedClassifier>
            <nestedClassifier clientDependency="_ARiqQJJmEeOxXciWaJrA3g _NHnckJ0hEeOK_uvNdgNkAg" name="Actuate" xmi:id="_x_LX4JJlEeOxXciWaJrA3g" xmi:type="sysML:Block"/>
          </nestedClassifier>
        </nestedClassifier>
        <nestedClassifier clientDependency="_MmGjkJ0kEeOK_uvNdgNkAg" name="Detect_critical_collision" xmi:id="_ymfa4J4SEeKag5gLaCX0lg" xmi:type="sysML:Block">
          <ownedAttribute direction="out" name="cc_detected" xmi:id="_ZPkCEJ7GEeKjC9zfFNGw9A" xmi:type="sysML:FlowPort"/>
          <nestedClassifier clientDependency="_rbmpgJkxEeOoNL1JcaDakA" name="sampleSignals" xmi:id="_NF8vcJ7HEeKjC9zfFNGw9A" xmi:type="sysML:Block"/>
          <nestedClassifier clientDependency="_Hzu4kKRREeKwkqm_92I2PA" name="MeasurePhysicalSignals" xmi:id="_nbdwwKRQEeKwkqm_92I2PA" xmi:type="sysML:Block"/>
          <nestedClassifier clientDependency="__k4E4JkxEeOoNL1JcaDakA _CtajIJkyEeOoNL1JcaDakA" name="propagateDSignals" xmi:id="_UJVSoJ7HEeKjC9zfFNGw9A" xmi:type="sysML:Block"/>
          <nestedClassifier clientDependency="_J4r3AJkyEeOoNL1JcaDakA" name="AnalyzeDSignals" xmi:id="_pm_-QJJgEeOxXciWaJrA3g" xmi:type="sysML:Block"/>
        </nestedClassifier>
      </packagedElement>
      <packagedElement name="Dependency4" supplier="_MXOWUJ7JEeKjC9zfFNGw9A" xmi:id="_5YMuQJ7NEeKjC9zfFNGw9A" xmi:type="uml:Dependency"/>
      <packagedElement id="FSR3" isAbstract="true" name="No_deploy_with_untensioned_seatbelts" text="do not deploy the airbag if the seatbelts are not pre-tensioned" xmi:id="_wEObcKKREeKgXZ_NmBUKNQ" xmi:type="sysML:Requirement"/>
      <packagedElement client="_nbdwwKRQEeKwkqm_92I2PA" name="Dependency7" supplier="_A-06sJ7JEeKjC9zfFNGw9A" xmi:id="_Hzu4kKRREeKwkqm_92I2PA" xmi:type="uml:Dependency"/>
      <packagedElement classifierBehavior="_3338cKstEeKAXYs_STX4dA" clientDependency="_HsjLkKstEeKAXYs_STX4dA" id="FSR1.1" isAbstract="true" name="No_false_detection" text="do not detect collision if no critical collision started" xmi:id="_8AqMMKssEeKAXYs_STX4dA" xmi:type="sysML:Requirement">
        <ownedBehavior name="stm_No_false_detection" xmi:id="_3338cKstEeKAXYs_STX4dA" xmi:type="uml:StateMachine">
          <region name="Region" xmi:id="_3338castEeKAXYs_STX4dA" xmi:type="uml:Region">
            <subvertex name="No_critical_collision_started" xmi:id="_6EUl4qstEeKAXYs_STX4dA" xmi:type="uml:State"/>
            <subvertex name="Init" xmi:id="__En3AKstEeKAXYs_STX4dA" xmi:type="uml:Pseudostate"/>
            <subvertex name="Critical_collision_started" xmi:id="_EPDUgKsuEeKAXYs_STX4dA" xmi:type="uml:State"/>
            <subvertex name="Critical_collision_detected" xmi:id="_QQqFMqsuEeKAXYs_STX4dA" xmi:type="uml:State"/>
            <transition kind="local" name="i" source="__En3AKstEeKAXYs_STX4dA" target="_6EUl4qstEeKAXYs_STX4dA" xmi:id="_AdcrJKsuEeKAXYs_STX4dA" xmi:type="uml:Transition"/>
            <transition kind="local" name="cc_detected" source="_EPDUgKsuEeKAXYs_STX4dA" target="_QQqFMqsuEeKAXYs_STX4dA" xmi:id="_TW0k5asuEeKAXYs_STX4dA" xmi:type="uml:Transition"/>
            <transition kind="local" name="start_cc" source="_EPDUgKsuEeKAXYs_STX4dA" target="_EPDUgKsuEeKAXYs_STX4dA" xmi:id="_HAsldFh0EeOaA4iYXL9bKA" xmi:type="uml:Transition"/>
            <transition kind="local" name="start_cc" source="_QQqFMqsuEeKAXYs_STX4dA" target="_QQqFMqsuEeKAXYs_STX4dA" xmi:id="_c8-PhVh0EeOaA4iYXL9bKA" xmi:type="uml:Transition"/>
            <transition kind="local" name="start_cc" source="_6EUl4qstEeKAXYs_STX4dA" target="_EPDUgKsuEeKAXYs_STX4dA" xmi:id="_ViFgZFh2EeOaA4iYXL9bKA" xmi:type="uml:Transition"/>
            <transition kind="local" name="cc_detected" source="_QQqFMqsuEeKAXYs_STX4dA" target="_QQqFMqsuEeKAXYs_STX4dA" xmi:id="_n_ptJHnOEeOPFeVV0hjJ3A" xmi:type="uml:Transition"/>
          </region>
        </ownedBehavior>
      </packagedElement>
      <packagedElement client="_8AqMMKssEeKAXYs_STX4dA" name="DeriveReqt9" supplier="_TeGY0J4NEeKag5gLaCX0lg" xmi:id="_HsjLkKstEeKAXYs_STX4dA" xmi:type="sysML:DeriveReqt"/>
      <packagedElement classifierBehavior="_eG24oKsxEeKAXYs_STX4dA" clientDependency="_R6tBoKstEeKAXYs_STX4dA" id="FSR1.2" isAbstract="true" name="No_deploy_without_detection" text="do not deploy airbag if no collision has been detected" xmi:id="_LnFHcKstEeKAXYs_STX4dA" xmi:type="sysML:Requirement">
        <ownedBehavior name="stm_No_deploy_without_detection" xmi:id="_eG24oKsxEeKAXYs_STX4dA" xmi:type="uml:StateMachine">
          <region name="Region" xmi:id="_eG24oasxEeKAXYs_STX4dA" xmi:type="uml:Region">
            <subvertex name="No_collision_detected" xmi:id="_e5vHEqsxEeKAXYs_STX4dA" xmi:type="uml:State"/>
            <subvertex name="Init" xmi:id="_hPs446sxEeKAXYs_STX4dA" xmi:type="uml:Pseudostate"/>
            <subvertex name="Collision_detected" xmi:id="_lxzyIqsxEeKAXYs_STX4dA" xmi:type="uml:State"/>
            <subvertex name="Airbag_deployed" xmi:id="_1xErMqsxEeKAXYs_STX4dA" xmi:type="uml:State"/>
            <transition kind="local" name="" source="_hPs446sxEeKAXYs_STX4dA" target="_e5vHEqsxEeKAXYs_STX4dA" xmi:id="_icUdBqsxEeKAXYs_STX4dA" xmi:type="uml:Transition"/>
            <transition kind="local" name="cc_detected" source="_e5vHEqsxEeKAXYs_STX4dA" target="_lxzyIqsxEeKAXYs_STX4dA" xmi:id="_ohENtasxEeKAXYs_STX4dA" xmi:type="uml:Transition"/>
            <transition kind="local" name="deploy" source="_lxzyIqsxEeKAXYs_STX4dA" target="_1xErMqsxEeKAXYs_STX4dA" xmi:id="_7TwQpKsxEeKAXYs_STX4dA" xmi:type="uml:Transition"/>
            <transition kind="local" name="cc_detected" source="_lxzyIqsxEeKAXYs_STX4dA" target="_lxzyIqsxEeKAXYs_STX4dA" xmi:id="_LT0lZXnPEeOPFeVV0hjJ3A" xmi:type="uml:Transition"/>
            <transition kind="local" name="deploy" source="_1xErMqsxEeKAXYs_STX4dA" target="_1xErMqsxEeKAXYs_STX4dA" xmi:id="_fvPgtXnPEeOPFeVV0hjJ3A" xmi:type="uml:Transition"/>
            <transition kind="local" name="cc_detected" source="_1xErMqsxEeKAXYs_STX4dA" target="_1xErMqsxEeKAXYs_STX4dA" xmi:id="_wxmOdHnPEeOPFeVV0hjJ3A" xmi:type="uml:Transition"/>
          </region>
        </ownedBehavior>
      </packagedElement>
      <packagedElement client="_LnFHcKstEeKAXYs_STX4dA" name="DeriveReqt10" supplier="_TeGY0J4NEeKag5gLaCX0lg" xmi:id="_R6tBoKstEeKAXYs_STX4dA" xmi:type="sysML:DeriveReqt"/>
      <packagedElement name="cc_detected" xmi:id="_zSB14KsxEeKAXYs_STX4dA" xmi:type="uml:SignalEvent"/>
      <packagedElement classifierBehavior="_yMqG4FhUEeOmr5U5Aqwqvw" clientDependency="_uvk8AFhUEeOmr5U5Aqwqvw" id="FSR1.3" isAbstract="true" name="No_unintended_deploy_after_each_reset" text="Initially and after each reset of the system, do not deploy airbag if no critical collision started" xmi:id="_XvUFYFhUEeOmr5U5Aqwqvw" xmi:type="sysML:Requirement">
        <ownedBehavior name="stm_No_unintended_deploy_after_each_reset" xmi:id="_yMqG4FhUEeOmr5U5Aqwqvw" xmi:type="uml:StateMachine">
          <region name="Region" xmi:id="_yMqG4VhUEeOmr5U5Aqwqvw" xmi:type="uml:Region">
            <subvertex name="Init" xmi:id="_45H-4FhUEeOmr5U5Aqwqvw" xmi:type="uml:Pseudostate"/>
            <subvertex name="AfterReset" xmi:id="__JxdkFhUEeOmr5U5Aqwqvw" xmi:type="uml:State"/>
            <subvertex name="AfterCollisionStart" xmi:id="_KMI-0FhVEeOmr5U5Aqwqvw" xmi:type="uml:State"/>
            <subvertex name="Deployed" xmi:id="_mc768FhVEeOmr5U5Aqwqvw" xmi:type="uml:State"/>
            <transition kind="local" name="" source="_45H-4FhUEeOmr5U5Aqwqvw" target="__JxdkFhUEeOmr5U5Aqwqvw" xmi:id="_FakGNlhVEeOmr5U5Aqwqvw" xmi:type="uml:Transition"/>
            <transition kind="local" name="start_cc" source="__JxdkFhUEeOmr5U5Aqwqvw" target="_KMI-0FhVEeOmr5U5Aqwqvw" xmi:id="_OeCR1VhVEeOmr5U5Aqwqvw" xmi:type="uml:Transition"/>
            <transition kind="local" name="reset" source="_KMI-0FhVEeOmr5U5Aqwqvw" target="__JxdkFhUEeOmr5U5Aqwqvw" xmi:id="_WblXNFhVEeOmr5U5Aqwqvw" xmi:type="uml:Transition"/>
            <transition kind="local" name="deploy" source="_KMI-0FhVEeOmr5U5Aqwqvw" target="_mc768FhVEeOmr5U5Aqwqvw" xmi:id="_p5Q341hVEeOmr5U5Aqwqvw" xmi:type="uml:Transition"/>
            <transition kind="local" name="reset" source="_mc768FhVEeOmr5U5Aqwqvw" target="__JxdkFhUEeOmr5U5Aqwqvw" xmi:id="_sbSItFhVEeOmr5U5Aqwqvw" xmi:type="uml:Transition"/>
            <transition kind="local" name="start_cc" source="_KMI-0FhVEeOmr5U5Aqwqvw" target="_KMI-0FhVEeOmr5U5Aqwqvw" xmi:id="_4RbQRFhVEeOmr5U5Aqwqvw" xmi:type="uml:Transition"/>
            <transition kind="local" name="start_cc" source="_mc768FhVEeOmr5U5Aqwqvw" target="_mc768FhVEeOmr5U5Aqwqvw" xmi:id="_C-YiNVhWEeOmr5U5Aqwqvw" xmi:type="uml:Transition"/>
            <transition kind="local" name="reset" source="__JxdkFhUEeOmr5U5Aqwqvw" target="__JxdkFhUEeOmr5U5Aqwqvw" xmi:id="_bmyhRMSdEeSMN_NZowl1oA" xmi:type="uml:Transition"/>
          </region>
        </ownedBehavior>
      </packagedElement>
      <packagedElement client="_XvUFYFhUEeOmr5U5Aqwqvw" name="DeriveReqt20" supplier="_TeGY0J4NEeKag5gLaCX0lg" xmi:id="_uvk8AFhUEeOmr5U5Aqwqvw" xmi:type="sysML:DeriveReqt"/>
      <packagedElement clientDependency="_J04s8IsMEeO6vI6VTIg-DA _9-HK0JgSEeOuA--HTLcmKg" id="FSR1.3.1" isAbstract="true" name="No_false_detection_after_each_reset" text="Initially and after each reset of the system, do not detect collision if no critical collision started" xmi:id="_1J_yQIsLEeO6vI6VTIg-DA" xmi:type="sysML:Requirement"/>
      <packagedElement client="_1J_yQIsLEeO6vI6VTIg-DA" name="DeriveReqt1" supplier="_XvUFYFhUEeOmr5U5Aqwqvw" xmi:id="_J04s8IsMEeO6vI6VTIg-DA" xmi:type="sysML:DeriveReqt"/>
      <packagedElement classifierBehavior="_jnRQcIsNEeO6vI6VTIg-DA" clientDependency="_yvmW8IsMEeO6vI6VTIg-DA _vgmkAIsPEeO6vI6VTIg-DA" id="FSR1.3.2" isAbstract="true" name="No_deploy_without_detection_after_each_reset" text="Initially and after each reset, do not deploy airbag if no critical collision has been detected" xmi:id="_bNRVEIsMEeO6vI6VTIg-DA" xmi:type="sysML:Requirement">
        <ownedBehavior name="stm_No_deploy_without_detection_after_each_reset" xmi:id="_jnRQcIsNEeO6vI6VTIg-DA" xmi:type="uml:StateMachine">
          <region name="Region" xmi:id="_jnRQcYsNEeO6vI6VTIg-DA" xmi:type="uml:Region">
            <subvertex name="Init" xmi:id="_siZ_cIsNEeO6vI6VTIg-DA" xmi:type="uml:Pseudostate"/>
            <subvertex name="AfterReset" xmi:id="_u8YukosNEeO6vI6VTIg-DA" xmi:type="uml:State"/>
            <subvertex name="AfterCollisionDetected" xmi:id="_V_yRpIsOEeO6vI6VTIg-DA" xmi:type="uml:State">
              <region name="Region1" xmi:id="_V_yRpYsOEeO6vI6VTIg-DA" xmi:type="uml:Region">
                <subvertex name="Init1" xmi:id="_si4rI4sOEeO6vI6VTIg-DA" xmi:type="uml:Pseudostate"/>
                <subvertex name="State1" xmi:id="_waJQkosOEeO6vI6VTIg-DA" xmi:type="uml:State"/>
                <transition kind="local" name="" source="_si4rI4sOEeO6vI6VTIg-DA" target="_waJQkosOEeO6vI6VTIg-DA" xmi:id="_ylGFNosOEeO6vI6VTIg-DA" xmi:type="uml:Transition"/>
                <transition kind="local" name="cc_detected" source="_waJQkosOEeO6vI6VTIg-DA" target="_waJQkosOEeO6vI6VTIg-DA" xmi:id="_7Co5RYsOEeO6vI6VTIg-DA" xmi:type="uml:Transition"/>
                <transition kind="local" name="deploy" source="_waJQkosOEeO6vI6VTIg-DA" target="_waJQkosOEeO6vI6VTIg-DA" xmi:id="_87cN9IsOEeO6vI6VTIg-DA" xmi:type="uml:Transition"/>
              </region>
            </subvertex>
            <transition kind="local" name="" source="_siZ_cIsNEeO6vI6VTIg-DA" target="_u8YukosNEeO6vI6VTIg-DA" xmi:id="_zrlopIsNEeO6vI6VTIg-DA" xmi:type="uml:Transition"/>
            <transition kind="local" name="cc_detected" source="_u8YukosNEeO6vI6VTIg-DA" target="_V_yRpIsOEeO6vI6VTIg-DA" xmi:id="_fcGbFYsOEeO6vI6VTIg-DA" xmi:type="uml:Transition"/>
            <transition kind="local" name="reset" source="_V_yRpIsOEeO6vI6VTIg-DA" target="_u8YukosNEeO6vI6VTIg-DA" xmi:id="_lOZJ1IsOEeO6vI6VTIg-DA" xmi:type="uml:Transition"/>
            <transition kind="local" name="reset" source="_u8YukosNEeO6vI6VTIg-DA" target="_u8YukosNEeO6vI6VTIg-DA" xmi:id="_w3v1xYsSEeO6vI6VTIg-DA" xmi:type="uml:Transition"/>
          </region>
        </ownedBehavior>
      </packagedElement>
      <packagedElement client="_bNRVEIsMEeO6vI6VTIg-DA" name="DeriveReqt2" supplier="_XvUFYFhUEeOmr5U5Aqwqvw" xmi:id="_yvmW8IsMEeO6vI6VTIg-DA" xmi:type="sysML:DeriveReqt"/>
      <packagedElement client="_bNRVEIsMEeO6vI6VTIg-DA" name="DeriveReqt3" supplier="_LnFHcKstEeKAXYs_STX4dA" xmi:id="_vgmkAIsPEeO6vI6VTIg-DA" xmi:type="sysML:DeriveReqt"/>
      <packagedElement classifierBehavior="_xehXUYsREeO6vI6VTIg-DA" clientDependency="_JMdMQIsSEeO6vI6VTIg-DA" id="TSR1" isAbstract="true" name="No_deploy_without_mC_cmd_after_each_reset" text="Initially and after each reset, do not deploy airbag if no deploy cmd has been issued by mC" xmi:id="_xehXUIsREeO6vI6VTIg-DA" xmi:type="sysML:Requirement">
        <ownedBehavior name="stm_No_deploy_without_mC_cmd_after_each_reset" xmi:id="_xehXUYsREeO6vI6VTIg-DA" xmi:type="uml:StateMachine">
          <region name="Region" xmi:id="_xehXUosREeO6vI6VTIg-DA" xmi:type="uml:Region">
            <subvertex name="Init" xmi:id="_xehXU4sREeO6vI6VTIg-DA" xmi:type="uml:Pseudostate"/>
            <subvertex name="AfterReset" xmi:id="_xehXVIsREeO6vI6VTIg-DA" xmi:type="uml:State"/>
            <subvertex name="AfterCmd" xmi:id="_xehXVYsREeO6vI6VTIg-DA" xmi:type="uml:State">
              <region name="Region1" xmi:id="_xehXVosREeO6vI6VTIg-DA" xmi:type="uml:Region">
                <subvertex name="Init1" xmi:id="_xehXV4sREeO6vI6VTIg-DA" xmi:type="uml:Pseudostate"/>
                <subvertex name="State1" xmi:id="_xehXWIsREeO6vI6VTIg-DA" xmi:type="uml:State"/>
                <transition kind="local" name="" source="_xehXV4sREeO6vI6VTIg-DA" target="_xehXWIsREeO6vI6VTIg-DA" xmi:id="_xehXWYsREeO6vI6VTIg-DA" xmi:type="uml:Transition"/>
                <transition kind="local" name="mC_cmd" source="_xehXWIsREeO6vI6VTIg-DA" target="_xehXWIsREeO6vI6VTIg-DA" xmi:id="_xehXWosREeO6vI6VTIg-DA" xmi:type="uml:Transition"/>
                <transition kind="local" name="deploy" source="_xehXWIsREeO6vI6VTIg-DA" target="_xehXWIsREeO6vI6VTIg-DA" xmi:id="_xehXW4sREeO6vI6VTIg-DA" xmi:type="uml:Transition"/>
              </region>
            </subvertex>
            <transition kind="local" name="" source="_xehXU4sREeO6vI6VTIg-DA" target="_xehXVIsREeO6vI6VTIg-DA" xmi:id="_xehXXIsREeO6vI6VTIg-DA" xmi:type="uml:Transition"/>
            <transition kind="local" name="mC_cmd" source="_xehXVIsREeO6vI6VTIg-DA" target="_xehXVYsREeO6vI6VTIg-DA" xmi:id="_xehXXYsREeO6vI6VTIg-DA" xmi:type="uml:Transition"/>
            <transition kind="local" name="reset" source="_xehXVYsREeO6vI6VTIg-DA" target="_xehXVIsREeO6vI6VTIg-DA" xmi:id="_xehXXosREeO6vI6VTIg-DA" xmi:type="uml:Transition"/>
            <transition kind="local" name="reset" source="_xehXVIsREeO6vI6VTIg-DA" target="_xehXVIsREeO6vI6VTIg-DA" xmi:id="_YgE1JZCVEeOExvo4kvOggQ" xmi:type="uml:Transition"/>
          </region>
        </ownedBehavior>
      </packagedElement>
      <packagedElement client="_xehXUIsREeO6vI6VTIg-DA" name="DeriveReqt4" supplier="_bNRVEIsMEeO6vI6VTIg-DA" xmi:id="_JMdMQIsSEeO6vI6VTIg-DA" xmi:type="sysML:DeriveReqt"/>
      <packagedElement classifierBehavior="_7KiCgI9XEeOfsO5PIlXvBQ" clientDependency="_OsQgQI9ZEeOfsO5PIlXvBQ" id="TSR1.1" isAbstract="true" name="No_both_sw_closed_for_Xms_without_mC_cmd" text="Do not keep both switches closed for Xms unless a deploy cmd has been issued by the mC since the last reset" xmi:id="_7IDHUIzHEeOrj5Ot3iU2Sg" xmi:type="sysML:Requirement">
        <ownedBehavior name="stm_No_both_sw_closed_for_Xms_without_mC_cmd" xmi:id="_7KiCgI9XEeOfsO5PIlXvBQ" xmi:type="uml:StateMachine">
          <region name="Region" xmi:id="_7KiCgY9XEeOfsO5PIlXvBQ" xmi:type="uml:Region">
            <subvertex name="State1" xmi:id="_WcnBRI_UEeOWUNI5RltWDA" xmi:type="uml:State">
              <region name="Region1" xmi:id="_WcnBRY_UEeOWUNI5RltWDA" xmi:type="uml:Region">
                <subvertex name="Init1" xmi:id="_HXxuUJAPEeOsxbuHs23Pxw" xmi:type="uml:Pseudostate"/>
                <subvertex name="NoCmd" xmi:id="_OIGyoJAPEeOsxbuHs23Pxw" xmi:type="uml:State"/>
                <subvertex name="Cmd" xmi:id="_PqJ0MJAPEeOsxbuHs23Pxw" xmi:type="uml:State"/>
                <transition kind="local" name="" source="_HXxuUJAPEeOsxbuHs23Pxw" target="_OIGyoJAPEeOsxbuHs23Pxw" xmi:id="_TKzQdJAPEeOsxbuHs23Pxw" xmi:type="uml:Transition"/>
                <transition kind="local" name="mC_cmd" source="_OIGyoJAPEeOsxbuHs23Pxw" target="_PqJ0MJAPEeOsxbuHs23Pxw" xmi:id="_WI71hJAPEeOsxbuHs23Pxw" xmi:type="uml:Transition"/>
                <transition kind="local" name="both_sw_closed_for_Xms" source="_PqJ0MJAPEeOsxbuHs23Pxw" target="_PqJ0MJAPEeOsxbuHs23Pxw" xmi:id="_A95lRJL7EeOonalRpHtFwQ" xmi:type="uml:Transition"/>
                <transition kind="local" name="mC_cmd" source="_PqJ0MJAPEeOsxbuHs23Pxw" target="_PqJ0MJAPEeOsxbuHs23Pxw" xmi:id="_KX1wJJL7EeOonalRpHtFwQ" xmi:type="uml:Transition"/>
              </region>
            </subvertex>
            <subvertex name="Init" xmi:id="_o5UdQ5ANEeOsxbuHs23Pxw" xmi:type="uml:Pseudostate"/>
            <transition kind="local" name="" source="_o5UdQ5ANEeOsxbuHs23Pxw" target="_WcnBRI_UEeOWUNI5RltWDA" xmi:id="_wImudJANEeOsxbuHs23Pxw" xmi:type="uml:Transition"/>
            <transition kind="local" name="reset" source="_WcnBRI_UEeOWUNI5RltWDA" target="_WcnBRI_UEeOWUNI5RltWDA" xmi:id="_XqWaZZAOEeOsxbuHs23Pxw" xmi:type="uml:Transition"/>
          </region>
        </ownedBehavior>
      </packagedElement>
      <packagedElement client="_7IDHUIzHEeOrj5Ot3iU2Sg" name="DeriveReqt5" supplier="_xehXUIsREeO6vI6VTIg-DA" xmi:id="_OsQgQI9ZEeOfsO5PIlXvBQ" xmi:type="sysML:DeriveReqt"/>
      <packagedElement classifierBehavior="_2wB0YI_LEeOWUNI5RltWDA" clientDependency="_ZtSBcI_MEeOWUNI5RltWDA" id="TSR1.3" isAbstract="true" name="Deploy_controlled_by_heating" text="Airbag is deployed only if squib is heated" xmi:id="_0oUWcI_KEeOWUNI5RltWDA" xmi:type="sysML:Requirement">
        <ownedBehavior name="stm_Deploy_controlled_by_heating" xmi:id="_2wB0YI_LEeOWUNI5RltWDA" xmi:type="uml:StateMachine">
          <region name="Region" xmi:id="_2wB0YY_LEeOWUNI5RltWDA" xmi:type="uml:Region">
            <subvertex name="Init" xmi:id="_3ha1E4_LEeOWUNI5RltWDA" xmi:type="uml:Pseudostate"/>
            <subvertex name="SquibNotHeated" xmi:id="_5L8dMo_LEeOWUNI5RltWDA" xmi:type="uml:State"/>
            <subvertex name="SquibHeated" xmi:id="_ERJQAo_MEeOWUNI5RltWDA" xmi:type="uml:State"/>
            <transition kind="local" name="" source="_3ha1E4_LEeOWUNI5RltWDA" target="_5L8dMo_LEeOWUNI5RltWDA" xmi:id="_-1A-hI_LEeOWUNI5RltWDA" xmi:type="uml:Transition"/>
            <transition kind="local" name="squib_heated" source="_5L8dMo_LEeOWUNI5RltWDA" target="_ERJQAo_MEeOWUNI5RltWDA" xmi:id="_HfMgZY_MEeOWUNI5RltWDA" xmi:type="uml:Transition"/>
            <transition kind="local" name="deploy" source="_ERJQAo_MEeOWUNI5RltWDA" target="_ERJQAo_MEeOWUNI5RltWDA" xmi:id="_MOPpdY_MEeOWUNI5RltWDA" xmi:type="uml:Transition"/>
            <transition kind="local" name="intst" source="_ERJQAo_MEeOWUNI5RltWDA" target="_5L8dMo_LEeOWUNI5RltWDA" xmi:id="_gii7ZJAUEeOsxbuHs23Pxw" xmi:type="uml:Transition"/>
          </region>
        </ownedBehavior>
      </packagedElement>
      <packagedElement client="_0oUWcI_KEeOWUNI5RltWDA" name="DeriveReqt6" supplier="_xehXUIsREeO6vI6VTIg-DA" xmi:id="_ZtSBcI_MEeOWUNI5RltWDA" xmi:type="sysML:DeriveReqt"/>
      <packagedElement classifierBehavior="_-I4YkJCMEeOxWeOImWZQsw" clientDependency="_yLwGAI_NEeOWUNI5RltWDA" id="TSR1.2" isAbstract="true" name="Squib_heated_only_if_both_sw_closed_for_Xms" text="Design the Squib so that it can be heated only if both switches remain closed for at least Xms" xmi:id="_Vk8doI_NEeOWUNI5RltWDA" xmi:type="sysML:Requirement">
        <ownedBehavior name="stm_Squib_heated_only_if_both_sw_closed_for_Xms" xmi:id="_-I4YkJCMEeOxWeOImWZQsw" xmi:type="uml:StateMachine">
          <region name="Region" xmi:id="_-I4YkZCMEeOxWeOImWZQsw" xmi:type="uml:Region">
            <subvertex name="Init" xmi:id="__tTYs5CMEeOxWeOImWZQsw" xmi:type="uml:Pseudostate"/>
            <subvertex name="State1" xmi:id="_DnsKoJCNEeOxWeOImWZQsw" xmi:type="uml:State"/>
            <subvertex name="State2" xmi:id="_LJa2sJCNEeOxWeOImWZQsw" xmi:type="uml:State"/>
            <transition kind="local" name="" source="__tTYs5CMEeOxWeOImWZQsw" target="_DnsKoJCNEeOxWeOImWZQsw" xmi:id="_HvUHVpCNEeOxWeOImWZQsw" xmi:type="uml:Transition"/>
            <transition kind="local" name="both_sw_closed_for_Xms" source="_DnsKoJCNEeOxWeOImWZQsw" target="_LJa2sJCNEeOxWeOImWZQsw" xmi:id="_PgXo1ZCNEeOxWeOImWZQsw" xmi:type="uml:Transition"/>
            <transition kind="local" name="squib_heated" source="_LJa2sJCNEeOxWeOImWZQsw" target="_DnsKoJCNEeOxWeOImWZQsw" xmi:id="_XQ-eZZCNEeOxWeOImWZQsw" xmi:type="uml:Transition"/>
          </region>
        </ownedBehavior>
      </packagedElement>
      <packagedElement client="_Vk8doI_NEeOWUNI5RltWDA" name="DeriveReqt7" supplier="_xehXUIsREeO6vI6VTIg-DA" xmi:id="_yLwGAI_NEeOWUNI5RltWDA" xmi:type="sysML:DeriveReqt"/>
      <packagedElement client="_x_LX4JJlEeOxXciWaJrA3g" name="Dependency9" supplier="_MXOWUJ7JEeKjC9zfFNGw9A" xmi:id="_ARiqQJJmEeOxXciWaJrA3g" xmi:type="uml:Dependency"/>
      <packagedElement classifierBehavior="_UJtjAJJwEeOxXciWaJrA3g" clientDependency="_dqQaQJJyEeOxXciWaJrA3g" id="TSR1.1.1" isAbstract="true" name="No_both_sw_closed_for_Xms_in_diag_or_fault" text="In diagnosis mode or when a fault occurred, do not keep both switches closed for Xms " xmi:id="_h2XyMJJuEeOxXciWaJrA3g" xmi:type="sysML:Requirement">
        <ownedBehavior name="stm_No_both_sw_closed_for_Xms_in_diag_or_fault" xmi:id="_UJtjAJJwEeOxXciWaJrA3g" xmi:type="uml:StateMachine">
          <region name="Region" xmi:id="_UJtjAZJwEeOxXciWaJrA3g" xmi:type="uml:Region">
            <subvertex name="Init" xmi:id="_VIpQc5JwEeOxXciWaJrA3g" xmi:type="uml:Pseudostate"/>
            <subvertex name="State1" xmi:id="_nPI7wJJwEeOxXciWaJrA3g" xmi:type="uml:State">
              <region name="Region1" xmi:id="_nPI7wZJwEeOxXciWaJrA3g" xmi:type="uml:Region">
                <subvertex name="Init1" xmi:id="_8Au7YJJwEeOxXciWaJrA3g" xmi:type="uml:Pseudostate"/>
                <subvertex name="NoFaultNoDiag" xmi:id="_-RfdEJJwEeOxXciWaJrA3g" xmi:type="uml:State"/>
                <subvertex name="NoFaultDiag" xmi:id="_G4GGgpJxEeOxXciWaJrA3g" xmi:type="uml:State"/>
                <transition kind="local" name="diag_in" source="_-RfdEJJwEeOxXciWaJrA3g" target="_G4GGgpJxEeOxXciWaJrA3g" xmi:id="_MMy6VpJxEeOxXciWaJrA3g" xmi:type="uml:Transition"/>
                <transition kind="local" name="diag_out" source="_G4GGgpJxEeOxXciWaJrA3g" target="_-RfdEJJwEeOxXciWaJrA3g" xmi:id="_RTWkdJJxEeOxXciWaJrA3g" xmi:type="uml:Transition"/>
                <transition kind="local" name="" source="_8Au7YJJwEeOxXciWaJrA3g" target="_-RfdEJJwEeOxXciWaJrA3g" xmi:id="_ZNUxZZJxEeOxXciWaJrA3g" xmi:type="uml:Transition"/>
                <transition kind="local" name="both_sw_closed_for_Xms" source="_-RfdEJJwEeOxXciWaJrA3g" target="_-RfdEJJwEeOxXciWaJrA3g" xmi:id="_-kkUpJJxEeOxXciWaJrA3g" xmi:type="uml:Transition"/>
              </region>
            </subvertex>
            <subvertex name="FaultOccurred" xmi:id="_e5hfMpJxEeOxXciWaJrA3g" xmi:type="uml:State"/>
            <transition kind="local" name="" source="_VIpQc5JwEeOxXciWaJrA3g" target="_nPI7wJJwEeOxXciWaJrA3g" xmi:id="_rsWG5pJwEeOxXciWaJrA3g" xmi:type="uml:Transition"/>
            <transition kind="local" name="reset" source="_nPI7wJJwEeOxXciWaJrA3g" target="_nPI7wJJwEeOxXciWaJrA3g" xmi:id="_vLgVZZJwEeOxXciWaJrA3g" xmi:type="uml:Transition"/>
            <transition kind="local" name="fault" source="_nPI7wJJwEeOxXciWaJrA3g" target="_e5hfMpJxEeOxXciWaJrA3g" xmi:id="_kS-QJZJxEeOxXciWaJrA3g" xmi:type="uml:Transition"/>
            <transition kind="local" name="reset" source="_e5hfMpJxEeOxXciWaJrA3g" target="_nPI7wJJwEeOxXciWaJrA3g" xmi:id="_q1VJ5JJxEeOxXciWaJrA3g" xmi:type="uml:Transition"/>
            <transition kind="local" name="diag_in" source="_e5hfMpJxEeOxXciWaJrA3g" target="_e5hfMpJxEeOxXciWaJrA3g" xmi:id="_7kcxJZL2EeOonalRpHtFwQ" xmi:type="uml:Transition"/>
            <transition kind="local" name="diag_out" source="_e5hfMpJxEeOxXciWaJrA3g" target="_e5hfMpJxEeOxXciWaJrA3g" xmi:id="_CxfmpJL3EeOonalRpHtFwQ" xmi:type="uml:Transition"/>
          </region>
        </ownedBehavior>
      </packagedElement>
      <packagedElement clientDependency="_XT2cYJJzEeOxXciWaJrA3g" id="TSR1.1.2" isAbstract="true" name="No_sw_closed_without_cmd_when_no_diag_and_no_fault" text="When not in diagnosis mode and no fault occurred, do not close any switch unless a deploy cmd has been issued by the mC" xmi:id="_AsJzkJJvEeOxXciWaJrA3g" xmi:type="sysML:Requirement"/>
      <packagedElement client="_h2XyMJJuEeOxXciWaJrA3g" name="DeriveReqt8" supplier="_7IDHUIzHEeOrj5Ot3iU2Sg" xmi:id="_dqQaQJJyEeOxXciWaJrA3g" xmi:type="sysML:DeriveReqt"/>
      <packagedElement client="_AsJzkJJvEeOxXciWaJrA3g" name="DeriveReqt11" supplier="_7IDHUIzHEeOrj5Ot3iU2Sg" xmi:id="_XT2cYJJzEeOxXciWaJrA3g" xmi:type="sysML:DeriveReqt"/>
      <packagedElement classifierBehavior="_9ZcVIJL8EeOonalRpHtFwQ" clientDependency="_SPB0YJgVEeOuA--HTLcmKg" id="TSR1.1.3" isAbstract="true" name="Sw_operation" text="It is assumed that the event both_sw_closed_for_Xms can occur only when both switches are closed" xmi:id="_hmHYIJL8EeOonalRpHtFwQ" xmi:type="sysML:Requirement">
        <ownedBehavior name="stm_Sw_operation" xmi:id="_9ZcVIJL8EeOonalRpHtFwQ" xmi:type="uml:StateMachine">
          <region name="Region" xmi:id="_9ZcVIZL8EeOonalRpHtFwQ" xmi:type="uml:Region">
            <subvertex name="Init" xmi:id="_-Yq9gZL8EeOonalRpHtFwQ" xmi:type="uml:Pseudostate"/>
            <subvertex name="State1" xmi:id="_CQFT8JL9EeOonalRpHtFwQ" xmi:type="uml:State">
              <region name="Region1" xmi:id="_CQFT8ZL9EeOonalRpHtFwQ" xmi:type="uml:Region">
                <subvertex name="Init1" xmi:id="_JzmIsJL9EeOonalRpHtFwQ" xmi:type="uml:Pseudostate"/>
                <subvertex name="BothOpen" xmi:id="_LuVXEJL9EeOonalRpHtFwQ" xmi:type="uml:State"/>
                <subvertex name="BothClosed" xmi:id="_RIiV8JL9EeOonalRpHtFwQ" xmi:type="uml:State"/>
                <subvertex name="Only1Closed" xmi:id="_V7AmcJL9EeOonalRpHtFwQ" xmi:type="uml:State"/>
                <subvertex name="Only2Closed" xmi:id="_bF4I0JL9EeOonalRpHtFwQ" xmi:type="uml:State"/>
                <transition kind="local" name="sw1_close" source="_LuVXEJL9EeOonalRpHtFwQ" target="_V7AmcJL9EeOonalRpHtFwQ" xmi:id="_e_0O1pL9EeOonalRpHtFwQ" xmi:type="uml:Transition"/>
                <transition kind="local" name="sw2_close" source="_LuVXEJL9EeOonalRpHtFwQ" target="_bF4I0JL9EeOonalRpHtFwQ" xmi:id="_pY1RFZL9EeOonalRpHtFwQ" xmi:type="uml:Transition"/>
                <transition kind="local" name="sw2_close" source="_V7AmcJL9EeOonalRpHtFwQ" target="_RIiV8JL9EeOonalRpHtFwQ" xmi:id="_uCFUJJL9EeOonalRpHtFwQ" xmi:type="uml:Transition"/>
                <transition kind="local" name="sw1_close" source="_bF4I0JL9EeOonalRpHtFwQ" target="_RIiV8JL9EeOonalRpHtFwQ" xmi:id="_xJS8tJL9EeOonalRpHtFwQ" xmi:type="uml:Transition"/>
                <transition kind="local" name="sw2_open" source="_RIiV8JL9EeOonalRpHtFwQ" target="_V7AmcJL9EeOonalRpHtFwQ" xmi:id="_5aL01JL9EeOonalRpHtFwQ" xmi:type="uml:Transition"/>
                <transition kind="local" name="sw1_open" source="_RIiV8JL9EeOonalRpHtFwQ" target="_bF4I0JL9EeOonalRpHtFwQ" xmi:id="_7ugn5JL9EeOonalRpHtFwQ" xmi:type="uml:Transition"/>
                <transition kind="local" name="sw1_open" source="_V7AmcJL9EeOonalRpHtFwQ" target="_LuVXEJL9EeOonalRpHtFwQ" xmi:id="_-EeZtJL9EeOonalRpHtFwQ" xmi:type="uml:Transition"/>
                <transition kind="local" name="sw2_open" source="_bF4I0JL9EeOonalRpHtFwQ" target="_LuVXEJL9EeOonalRpHtFwQ" xmi:id="__9bfZJL9EeOonalRpHtFwQ" xmi:type="uml:Transition"/>
                <transition kind="local" name="i1" source="_JzmIsJL9EeOonalRpHtFwQ" target="_LuVXEJL9EeOonalRpHtFwQ" xmi:id="_Hx5hRZL-EeOonalRpHtFwQ" xmi:type="uml:Transition"/>
                <transition kind="local" name="both_sw_closed_for_Xms" source="_RIiV8JL9EeOonalRpHtFwQ" target="_RIiV8JL9EeOonalRpHtFwQ" xmi:id="_Zvd6FZL-EeOonalRpHtFwQ" xmi:type="uml:Transition"/>
              </region>
            </subvertex>
            <transition kind="local" name="i0" source="_-Yq9gZL8EeOonalRpHtFwQ" target="_CQFT8JL9EeOonalRpHtFwQ" xmi:id="_E35qxpL9EeOonalRpHtFwQ" xmi:type="uml:Transition"/>
            <transition kind="local" name="reset" source="_CQFT8JL9EeOonalRpHtFwQ" target="_CQFT8JL9EeOonalRpHtFwQ" xmi:id="_oWz99ZL-EeOonalRpHtFwQ" xmi:type="uml:Transition"/>
          </region>
        </ownedBehavior>
      </packagedElement>
      <packagedElement classifierBehavior="_Epq6IJMAEeOonalRpHtFwQ" clientDependency="_TGExIJgVEeOuA--HTLcmKg" id="TSR1.1.1.1" isAbstract="true" name="No_both_sw_closed_in_diag_mode" text="When in diagnosis mode and no fault occurred, never both switches closed" xmi:id="_DOoU8JL_EeOonalRpHtFwQ" xmi:type="sysML:Requirement">
        <ownedBehavior name="stm_No_both_sw_closed_in_diag_mode" xmi:id="_Epq6IJMAEeOonalRpHtFwQ" xmi:type="uml:StateMachine">
          <region name="Region" xmi:id="_Epq6IZMAEeOonalRpHtFwQ" xmi:type="uml:Region">
            <subvertex name="State1" xmi:id="_3Rxc8JiGEeOvY4TV1SRGNQ" xmi:type="uml:State">
              <region name="Region1" xmi:id="_3Rxc8ZiGEeOvY4TV1SRGNQ" xmi:type="uml:Region">
                <subvertex name="BothOpen" xmi:id="_KrJFZJiHEeOvY4TV1SRGNQ" xmi:type="uml:State">
                  <region name="Region1" xmi:id="_KrJFZZiHEeOvY4TV1SRGNQ" xmi:type="uml:Region">
                    <subvertex name="diag" xmi:id="_MtUYgpiHEeOvY4TV1SRGNQ" xmi:type="uml:State"/>
                    <subvertex name="nodiag" xmi:id="_P9wOgJiHEeOvY4TV1SRGNQ" xmi:type="uml:State"/>
                    <subvertex name="I0" xmi:id="_XBIKoJiHEeOvY4TV1SRGNQ" xmi:type="uml:Pseudostate"/>
                    <transition kind="local" name="i" source="_XBIKoJiHEeOvY4TV1SRGNQ" target="_P9wOgJiHEeOvY4TV1SRGNQ" xmi:id="_ZbjltpiHEeOvY4TV1SRGNQ" xmi:type="uml:Transition"/>
                    <transition kind="local" name="diag_out" source="_MtUYgpiHEeOvY4TV1SRGNQ" target="_P9wOgJiHEeOvY4TV1SRGNQ" xmi:id="_YZRz5ZiIEeOvY4TV1SRGNQ" xmi:type="uml:Transition"/>
                    <transition kind="local" name="diag_in" source="_P9wOgJiHEeOvY4TV1SRGNQ" target="_MtUYgpiHEeOvY4TV1SRGNQ" xmi:id="_b85rpJiIEeOvY4TV1SRGNQ" xmi:type="uml:Transition"/>
                    <transition name="sw1_close" source="_MtUYgpiHEeOvY4TV1SRGNQ" target="_JtU80JiIEeOvY4TV1SRGNQ" xmi:id="_Ji0rFJiKEeOvY4TV1SRGNQ" xmi:type="uml:Transition"/>
                    <transition name="sw1_close" source="_P9wOgJiHEeOvY4TV1SRGNQ" target="_LlFvsJiIEeOvY4TV1SRGNQ" xmi:id="_VklMxJiKEeOvY4TV1SRGNQ" xmi:type="uml:Transition"/>
                    <transition name="sw2_close" source="_MtUYgpiHEeOvY4TV1SRGNQ" target="_15g-opiIEeOvY4TV1SRGNQ" xmi:id="_xGWftJiKEeOvY4TV1SRGNQ" xmi:type="uml:Transition"/>
                    <transition name="sw2_close" source="_P9wOgJiHEeOvY4TV1SRGNQ" target="_15g-o5iIEeOvY4TV1SRGNQ" xmi:id="_BDPaNJiLEeOvY4TV1SRGNQ" xmi:type="uml:Transition"/>
                  </region>
                </subvertex>
                <subvertex name="Iinit1" xmi:id="_gmOco5iHEeOvY4TV1SRGNQ" xmi:type="uml:Pseudostate"/>
                <subvertex name="BothClosed" xmi:id="_0JHNcpiHEeOvY4TV1SRGNQ" xmi:type="uml:State"/>
                <subvertex name="Only1Closed" xmi:id="_C8_RcJiIEeOvY4TV1SRGNQ" xmi:type="uml:State">
                  <region name="Region1" xmi:id="_C8_RcZiIEeOvY4TV1SRGNQ" xmi:type="uml:Region">
                    <subvertex name="diag" xmi:id="_JtU80JiIEeOvY4TV1SRGNQ" xmi:type="uml:State"/>
                    <subvertex name="nodiag" xmi:id="_LlFvsJiIEeOvY4TV1SRGNQ" xmi:type="uml:State"/>
                    <subvertex name="I1" xmi:id="_QT1905iIEeOvY4TV1SRGNQ" xmi:type="uml:Pseudostate"/>
                    <transition kind="local" name="i" source="_QT1905iIEeOvY4TV1SRGNQ" target="_LlFvsJiIEeOvY4TV1SRGNQ" xmi:id="_UgFUxJiIEeOvY4TV1SRGNQ" xmi:type="uml:Transition"/>
                    <transition kind="local" name="diag_out" source="_JtU80JiIEeOvY4TV1SRGNQ" target="_LlFvsJiIEeOvY4TV1SRGNQ" xmi:id="_mbua9ZiIEeOvY4TV1SRGNQ" xmi:type="uml:Transition"/>
                    <transition kind="local" name="diag_in" source="_LlFvsJiIEeOvY4TV1SRGNQ" target="_JtU80JiIEeOvY4TV1SRGNQ" xmi:id="_pvbAVJiIEeOvY4TV1SRGNQ" xmi:type="uml:Transition"/>
                    <transition name="sw1_open" source="_JtU80JiIEeOvY4TV1SRGNQ" target="_MtUYgpiHEeOvY4TV1SRGNQ" xmi:id="_R1Mw9JiKEeOvY4TV1SRGNQ" xmi:type="uml:Transition"/>
                    <transition name="sw1_open" source="_LlFvsJiIEeOvY4TV1SRGNQ" target="_P9wOgJiHEeOvY4TV1SRGNQ" xmi:id="_YbRtFJiKEeOvY4TV1SRGNQ" xmi:type="uml:Transition"/>
                    <transition name="sw2_close" source="_LlFvsJiIEeOvY4TV1SRGNQ" target="_0JHNcpiHEeOvY4TV1SRGNQ" xmi:id="_fpEJdZiKEeOvY4TV1SRGNQ" xmi:type="uml:Transition"/>
                  </region>
                </subvertex>
                <subvertex name="Only2Closed" xmi:id="_15g-oJiIEeOvY4TV1SRGNQ" xmi:type="uml:State">
                  <region name="Region1" xmi:id="_15g-oZiIEeOvY4TV1SRGNQ" xmi:type="uml:Region">
                    <subvertex name="diag" xmi:id="_15g-opiIEeOvY4TV1SRGNQ" xmi:type="uml:State"/>
                    <subvertex name="nodiag" xmi:id="_15g-o5iIEeOvY4TV1SRGNQ" xmi:type="uml:State"/>
                    <subvertex name="I2" xmi:id="_15g-pJiIEeOvY4TV1SRGNQ" xmi:type="uml:Pseudostate"/>
                    <subvertex name="I2" xmi:id="_1N9DsJiJEeOvY4TV1SRGNQ" xmi:type="uml:Pseudostate"/>
                    <transition kind="local" name="i" source="_15g-pJiIEeOvY4TV1SRGNQ" target="_15g-o5iIEeOvY4TV1SRGNQ" xmi:id="_15g-pZiIEeOvY4TV1SRGNQ" xmi:type="uml:Transition"/>
                    <transition kind="local" name="diag_out" source="_15g-opiIEeOvY4TV1SRGNQ" target="_15g-o5iIEeOvY4TV1SRGNQ" xmi:id="_15g-ppiIEeOvY4TV1SRGNQ" xmi:type="uml:Transition"/>
                    <transition kind="local" name="diag_in" source="_15g-o5iIEeOvY4TV1SRGNQ" target="_15g-opiIEeOvY4TV1SRGNQ" xmi:id="_15g-p5iIEeOvY4TV1SRGNQ" xmi:type="uml:Transition"/>
                    <transition kind="local" name="i" source="_1N9DsJiJEeOvY4TV1SRGNQ" target="_15g-o5iIEeOvY4TV1SRGNQ" xmi:id="_2-3ntZiJEeOvY4TV1SRGNQ" xmi:type="uml:Transition"/>
                    <transition name="sw1_close" source="_15g-o5iIEeOvY4TV1SRGNQ" target="_0JHNcpiHEeOvY4TV1SRGNQ" xmi:id="_qsVppJiKEeOvY4TV1SRGNQ" xmi:type="uml:Transition"/>
                    <transition name="sw2_open" source="_15g-opiIEeOvY4TV1SRGNQ" target="_MtUYgpiHEeOvY4TV1SRGNQ" xmi:id="_5r7OZJiKEeOvY4TV1SRGNQ" xmi:type="uml:Transition"/>
                    <transition name="sw2_open" source="_15g-o5iIEeOvY4TV1SRGNQ" target="_P9wOgJiHEeOvY4TV1SRGNQ" xmi:id="_FIL2VJiLEeOvY4TV1SRGNQ" xmi:type="uml:Transition"/>
                  </region>
                </subvertex>
                <transition kind="local" name="i" source="_gmOco5iHEeOvY4TV1SRGNQ" target="_KrJFZJiHEeOvY4TV1SRGNQ" xmi:id="_kMh09piHEeOvY4TV1SRGNQ" xmi:type="uml:Transition"/>
                <transition kind="local" name="sw2_open" source="_0JHNcpiHEeOvY4TV1SRGNQ" target="_LlFvsJiIEeOvY4TV1SRGNQ" xmi:id="_kgADNJiKEeOvY4TV1SRGNQ" xmi:type="uml:Transition"/>
                <transition kind="local" name="sw1_open" source="_0JHNcpiHEeOvY4TV1SRGNQ" target="_15g-o5iIEeOvY4TV1SRGNQ" xmi:id="_nm6w1JiKEeOvY4TV1SRGNQ" xmi:type="uml:Transition"/>
              </region>
            </subvertex>
            <subvertex name="Init" xmi:id="_6t0GAJiGEeOvY4TV1SRGNQ" xmi:type="uml:Pseudostate"/>
            <subvertex name="FaultState" xmi:id="_SYo_wJiLEeOvY4TV1SRGNQ" xmi:type="uml:State"/>
            <transition kind="local" name="i" source="_6t0GAJiGEeOvY4TV1SRGNQ" target="_3Rxc8JiGEeOvY4TV1SRGNQ" xmi:id="_8Bkz9piGEeOvY4TV1SRGNQ" xmi:type="uml:Transition"/>
            <transition kind="local" name="reset" source="_3Rxc8JiGEeOvY4TV1SRGNQ" target="_3Rxc8JiGEeOvY4TV1SRGNQ" xmi:id="_AbMflZiHEeOvY4TV1SRGNQ" xmi:type="uml:Transition"/>
            <transition kind="local" name="fault" source="_3Rxc8JiGEeOvY4TV1SRGNQ" target="_SYo_wJiLEeOvY4TV1SRGNQ" xmi:id="_VlzfVJiLEeOvY4TV1SRGNQ" xmi:type="uml:Transition"/>
            <transition kind="local" name="reset" source="_SYo_wJiLEeOvY4TV1SRGNQ" target="_3Rxc8JiGEeOvY4TV1SRGNQ" xmi:id="_Ya3A5JiLEeOvY4TV1SRGNQ" xmi:type="uml:Transition"/>
            <transition kind="local" name="diag_in" source="_SYo_wJiLEeOvY4TV1SRGNQ" target="_SYo_wJiLEeOvY4TV1SRGNQ" xmi:id="_E4x2dZiNEeOvY4TV1SRGNQ" xmi:type="uml:Transition"/>
            <transition kind="local" name="diag_out" source="_SYo_wJiLEeOvY4TV1SRGNQ" target="_SYo_wJiLEeOvY4TV1SRGNQ" xmi:id="_MCjVhJiNEeOvY4TV1SRGNQ" xmi:type="uml:Transition"/>
            <transition kind="local" name="sw1_open" source="_SYo_wJiLEeOvY4TV1SRGNQ" target="_SYo_wJiLEeOvY4TV1SRGNQ" xmi:id="_SoLltJiNEeOvY4TV1SRGNQ" xmi:type="uml:Transition"/>
            <transition kind="local" name="sw1_close" source="_SYo_wJiLEeOvY4TV1SRGNQ" target="_SYo_wJiLEeOvY4TV1SRGNQ" xmi:id="_V6Y9VJiNEeOvY4TV1SRGNQ" xmi:type="uml:Transition"/>
            <transition kind="local" name="sw2_open" source="_SYo_wJiLEeOvY4TV1SRGNQ" target="_SYo_wJiLEeOvY4TV1SRGNQ" xmi:id="_c9LDlJiNEeOvY4TV1SRGNQ" xmi:type="uml:Transition"/>
            <transition kind="local" name="sw2_close" source="_SYo_wJiLEeOvY4TV1SRGNQ" target="_SYo_wJiLEeOvY4TV1SRGNQ" xmi:id="_flJLYJiNEeOvY4TV1SRGNQ" xmi:type="uml:Transition"/>
          </region>
        </ownedBehavior>
      </packagedElement>
      <packagedElement client="_1J_yQIsLEeO6vI6VTIg-DA" name="DeriveReqt12" supplier="_8AqMMKssEeKAXYs_STX4dA" xmi:id="_9-HK0JgSEeOuA--HTLcmKg" xmi:type="sysML:DeriveReqt"/>
      <packagedElement client="_hmHYIJL8EeOonalRpHtFwQ" name="DeriveReqt13" supplier="_h2XyMJJuEeOxXciWaJrA3g" xmi:id="_SPB0YJgVEeOuA--HTLcmKg" xmi:type="sysML:DeriveReqt"/>
      <packagedElement client="_DOoU8JL_EeOonalRpHtFwQ" name="DeriveReqt14" supplier="_h2XyMJJuEeOxXciWaJrA3g" xmi:id="_TGExIJgVEeOuA--HTLcmKg" xmi:type="sysML:DeriveReqt"/>
      <packagedElement client="_NF8vcJ7HEeKjC9zfFNGw9A" name="Dependency1" supplier="_Q7R58HnLEeOPFeVV0hjJ3A" xmi:id="_rbmpgJkxEeOoNL1JcaDakA" xmi:type="uml:Dependency"/>
      <packagedElement client="_UJVSoJ7HEeKjC9zfFNGw9A" name="Dependency2" supplier="_Q7R58HnLEeOPFeVV0hjJ3A" xmi:id="__k4E4JkxEeOoNL1JcaDakA" xmi:type="uml:Dependency"/>
      <packagedElement client="_UJVSoJ7HEeKjC9zfFNGw9A" name="Dependency10" supplier="_L2CT4HnKEeOPFeVV0hjJ3A" xmi:id="_CtajIJkyEeOoNL1JcaDakA" xmi:type="uml:Dependency"/>
      <packagedElement client="_pm_-QJJgEeOxXciWaJrA3g" name="Dependency5" supplier="_L2CT4HnKEeOPFeVV0hjJ3A" xmi:id="_J4r3AJkyEeOoNL1JcaDakA" xmi:type="uml:Dependency"/>
      <packagedElement client="_8HaVQJ7HEeKjC9zfFNGw9A" name="Dependency3" supplier="_L2CT4HnKEeOPFeVV0hjJ3A" xmi:id="_PQzLMJkyEeOoNL1JcaDakA" xmi:type="uml:Dependency"/>
      <packagedElement client="_oVSh8JJkEeOxXciWaJrA3g" name="Dependency6" supplier="_IhK0YHnLEeOPFeVV0hjJ3A" xmi:id="_yYlOIJ0gEeOK_uvNdgNkAg" xmi:type="uml:Dependency"/>
      <packagedElement client="_9a8vYJ0gEeOK_uvNdgNkAg" name="Dependency8" supplier="_IhK0YHnLEeOPFeVV0hjJ3A" xmi:id="_HR5mYJ0hEeOK_uvNdgNkAg" xmi:type="uml:Dependency"/>
      <packagedElement client="_x_LX4JJlEeOxXciWaJrA3g" name="Dependency11" supplier="_OCNbEHnLEeOPFeVV0hjJ3A" xmi:id="_NHnckJ0hEeOK_uvNdgNkAg" xmi:type="uml:Dependency"/>
      <packagedElement client="_ymfa4J4SEeKag5gLaCX0lg" name="Satisfy11" supplier="_1J_yQIsLEeO6vI6VTIg-DA" xmi:id="_MmGjkJ0kEeOK_uvNdgNkAg" xmi:type="sysML:Satisfy"/>
      <packagedElement client="_g-qzIJ4TEeKag5gLaCX0lg" name="Satisfy12" supplier="_bNRVEIsMEeO6vI6VTIg-DA" xmi:id="_SG1oQJ0kEeOK_uvNdgNkAg" xmi:type="sysML:Satisfy"/>
      <packagedElement client="_MXOWUJ7JEeKjC9zfFNGw9A" name="Satisfy13" supplier="_hmHYIJL8EeOonalRpHtFwQ" xmi:id="_9FECIJ0kEeOK_uvNdgNkAg" xmi:type="sysML:Satisfy"/>
      <packagedElement client="_MXOWUJ7JEeKjC9zfFNGw9A" name="Satisfy14" supplier="_DOoU8JL_EeOonalRpHtFwQ" xmi:id="_EamFQJ0lEeOK_uvNdgNkAg" xmi:type="sysML:Satisfy"/>
      <packagedElement client="_RjkecHnKEeOPFeVV0hjJ3A" name="Satisfy15" supplier="_DOoU8JL_EeOonalRpHtFwQ" xmi:id="_E7nusJ0lEeOK_uvNdgNkAg" xmi:type="sysML:Satisfy"/>
      <packagedElement classifierBehavior="_nXckAM-iEeSMN_LOZR19Kw" clientDependency="_9zkuANJvEeSmYZQ6osQPtg" id="TSR1.1.1.2" isAbstract="true" name="Sw_off_in_fault" text="In case of a short circuit on the hi_side-switch against battery the lo_side-switch must (turn off or be off) and stay off. Turn off must occur within Xms." xmi:id="_NU-goM-iEeSMN_LOZR19Kw" xmi:type="sysML:Requirement">
        <ownedBehavior name="stm_Sw_off_in_fault" xmi:id="_nXckAM-iEeSMN_LOZR19Kw" xmi:type="uml:StateMachine">
          <region name="Region" xmi:id="_nXckAc-iEeSMN_LOZR19Kw" xmi:type="uml:Region">
            <subvertex name="Init" xmi:id="_oH6-sM-iEeSMN_LOZR19Kw" xmi:type="uml:Pseudostate"/>
            <subvertex name="State1" xmi:id="_rFimYM-iEeSMN_LOZR19Kw" xmi:type="uml:State">
              <region name="Region1" xmi:id="_rFimYc-iEeSMN_LOZR19Kw" xmi:type="uml:Region">
                <subvertex name="Init1" xmi:id="_NnvRsNJtEeSmYZQ6osQPtg" xmi:type="uml:Pseudostate"/>
                <subvertex name="Sw1Open" xmi:id="_Q1fnItJtEeSmYZQ6osQPtg" xmi:type="uml:State"/>
                <subvertex name="Sw1Closed" xmi:id="_Sm23ENJtEeSmYZQ6osQPtg" xmi:type="uml:State"/>
                <subvertex name="Sw1FaultOpen" xmi:id="_Vmnz0tJtEeSmYZQ6osQPtg" xmi:type="uml:State"/>
                <subvertex name="Sw1FaultClosed" xmi:id="_Y2wu4NJtEeSmYZQ6osQPtg" xmi:type="uml:State"/>
                <transition kind="local" name="sw1_close" source="_Q1fnItJtEeSmYZQ6osQPtg" target="_Sm23ENJtEeSmYZQ6osQPtg" xmi:id="_fTBAptJtEeSmYZQ6osQPtg" xmi:type="uml:Transition"/>
                <transition kind="local" name="" source="_NnvRsNJtEeSmYZQ6osQPtg" target="_Q1fnItJtEeSmYZQ6osQPtg" xmi:id="_j_FuNdJtEeSmYZQ6osQPtg" xmi:type="uml:Transition"/>
                <transition kind="local" name="sw1_open" source="_Sm23ENJtEeSmYZQ6osQPtg" target="_Q1fnItJtEeSmYZQ6osQPtg" xmi:id="_mW-ypNJtEeSmYZQ6osQPtg" xmi:type="uml:Transition"/>
                <transition kind="local" name="fault" source="_Q1fnItJtEeSmYZQ6osQPtg" target="_Vmnz0tJtEeSmYZQ6osQPtg" xmi:id="_rTkoddJtEeSmYZQ6osQPtg" xmi:type="uml:Transition"/>
                <transition kind="local" name="fault" source="_Sm23ENJtEeSmYZQ6osQPtg" target="_Y2wu4NJtEeSmYZQ6osQPtg" xmi:id="_tCaI1NJtEeSmYZQ6osQPtg" xmi:type="uml:Transition"/>
                <transition kind="local" name="sw1_close" source="_Vmnz0tJtEeSmYZQ6osQPtg" target="_Y2wu4NJtEeSmYZQ6osQPtg" xmi:id="_vCqJVNJtEeSmYZQ6osQPtg" xmi:type="uml:Transition"/>
              </region>
              <region name="Region2" xmi:id="_2tKJwM-iEeSMN_LOZR19Kw" xmi:type="uml:Region">
                <subvertex name="Init2" xmi:id="_1RzzM9JtEeSmYZQ6osQPtg" xmi:type="uml:Pseudostate"/>
                <subvertex name="Sw2State" xmi:id="_36hh4NJtEeSmYZQ6osQPtg" xmi:type="uml:State">
                  <region name="Region1" xmi:id="_36hh4dJtEeSmYZQ6osQPtg" xmi:type="uml:Region">
                    <subvertex name="I2" xmi:id="_EvAhAdJuEeSmYZQ6osQPtg" xmi:type="uml:Pseudostate"/>
                    <subvertex name="Sw2Open" xmi:id="_PbXWAtJuEeSmYZQ6osQPtg" xmi:type="uml:State"/>
                    <subvertex name="Sw2Closed" xmi:id="_Rd1kENJuEeSmYZQ6osQPtg" xmi:type="uml:State"/>
                    <subvertex name="Sw2FaultOpen" xmi:id="_iK7McNJuEeSmYZQ6osQPtg" xmi:type="uml:State"/>
                    <subvertex name="Sw2FaultClosed" xmi:id="_uPDsstJuEeSmYZQ6osQPtg" xmi:type="uml:State"/>
                    <transition kind="local" name="" source="_EvAhAdJuEeSmYZQ6osQPtg" target="_PbXWAtJuEeSmYZQ6osQPtg" xmi:id="_VQ8CRtJuEeSmYZQ6osQPtg" xmi:type="uml:Transition"/>
                    <transition kind="local" name="sw2_close" source="_PbXWAtJuEeSmYZQ6osQPtg" target="_Rd1kENJuEeSmYZQ6osQPtg" xmi:id="_Ynd5NdJuEeSmYZQ6osQPtg" xmi:type="uml:Transition"/>
                    <transition kind="local" name="sw2_open" source="_Rd1kENJuEeSmYZQ6osQPtg" target="_PbXWAtJuEeSmYZQ6osQPtg" xmi:id="_dB1yxNJuEeSmYZQ6osQPtg" xmi:type="uml:Transition"/>
                    <transition kind="local" name="fault" source="_PbXWAtJuEeSmYZQ6osQPtg" target="_iK7McNJuEeSmYZQ6osQPtg" xmi:id="_ocKhBdJuEeSmYZQ6osQPtg" xmi:type="uml:Transition"/>
                    <transition kind="local" name="fault" source="_Rd1kENJuEeSmYZQ6osQPtg" target="_uPDsstJuEeSmYZQ6osQPtg" xmi:id="_1JOCdNJuEeSmYZQ6osQPtg" xmi:type="uml:Transition"/>
                    <transition kind="local" name="sw2_open" source="_uPDsstJuEeSmYZQ6osQPtg" target="_iK7McNJuEeSmYZQ6osQPtg" xmi:id="_3LZVlNJuEeSmYZQ6osQPtg" xmi:type="uml:Transition"/>
                    <transition kind="local" name="off" source="_iK7McNJuEeSmYZQ6osQPtg" target="_iK7McNJuEeSmYZQ6osQPtg" xmi:id="_5e0wxdJuEeSmYZQ6osQPtg" xmi:type="uml:Transition"/>
                  </region>
                  <region name="Region2" xmi:id="_C8TNQtJuEeSmYZQ6osQPtg" xmi:type="uml:Region">
                    <subvertex name="Itime" xmi:id="_CwvBA9JvEeSmYZQ6osQPtg" xmi:type="uml:Pseudostate"/>
                    <subvertex name="NoFault" xmi:id="_GfXO4NJvEeSmYZQ6osQPtg" xmi:type="uml:State"/>
                    <subvertex name="Fault" xmi:id="_JMrwwNJvEeSmYZQ6osQPtg" xmi:type="uml:State"/>
                    <subvertex name="Safe" xmi:id="_M_VjANJvEeSmYZQ6osQPtg" xmi:type="uml:State"/>
                    <transition kind="local" name="fault" source="_GfXO4NJvEeSmYZQ6osQPtg" target="_JMrwwNJvEeSmYZQ6osQPtg" xmi:id="_OwZ4BtJvEeSmYZQ6osQPtg" xmi:type="uml:Transition"/>
                    <transition kind="local" name="off" source="_JMrwwNJvEeSmYZQ6osQPtg" target="_M_VjANJvEeSmYZQ6osQPtg" xmi:id="_QizpxdJvEeSmYZQ6osQPtg" xmi:type="uml:Transition"/>
                    <transition kind="local" name="both_sw_closed_for_Xms" source="_GfXO4NJvEeSmYZQ6osQPtg" target="_GfXO4NJvEeSmYZQ6osQPtg" xmi:id="_T3jYBdJvEeSmYZQ6osQPtg" xmi:type="uml:Transition"/>
                    <transition kind="local" name="both_sw_closed_for_Xms" source="_M_VjANJvEeSmYZQ6osQPtg" target="_M_VjANJvEeSmYZQ6osQPtg" xmi:id="_fHxIBdJvEeSmYZQ6osQPtg" xmi:type="uml:Transition"/>
                    <transition kind="local" name="" source="_CwvBA9JvEeSmYZQ6osQPtg" target="_GfXO4NJvEeSmYZQ6osQPtg" xmi:id="_rYGRNdJvEeSmYZQ6osQPtg" xmi:type="uml:Transition"/>
                  </region>
                </subvertex>
                <transition kind="local" name="" source="_1RzzM9JtEeSmYZQ6osQPtg" target="_36hh4NJtEeSmYZQ6osQPtg" xmi:id="_82E15NJtEeSmYZQ6osQPtg" xmi:type="uml:Transition"/>
              </region>
            </subvertex>
            <transition kind="local" name="" source="_oH6-sM-iEeSMN_LOZR19Kw" target="_rFimYM-iEeSMN_LOZR19Kw" xmi:id="_vJEtRM-iEeSMN_LOZR19Kw" xmi:type="uml:Transition"/>
          </region>
        </ownedBehavior>
      </packagedElement>
      <packagedElement client="_NU-goM-iEeSMN_LOZR19Kw" name="DeriveReqt15" supplier="_h2XyMJJuEeOxXciWaJrA3g" xmi:id="_9zkuANJvEeSmYZQ6osQPtg" xmi:type="sysML:DeriveReqt"/>
      <packagedElement client="_RjkecHnKEeOPFeVV0hjJ3A" name="Satisfy1" supplier="_NU-goM-iEeSMN_LOZR19Kw" xmi:id="_eGfbwNJwEeSmYZQ6osQPtg" xmi:type="sysML:Satisfy"/>
      <profileApplication xmi:id="_8HOJ0J6MEeK7LPxvVzK9VA" xmi:type="uml:ProfileApplication">
        <eAnnotations source="http://www.eclipse.org/uml2/2.0.0/UML" xmi:id="_8HOJ0Z6MEeK7LPxvVzK9VA" xmi:type="ecore:EAnnotation">
          <references href="http://www.eclipse.org/papyrus/0.7.0/SysML#//allocations" xmi:type="ecore:EPackage"/>
        </eAnnotations>
        <appliedProfile href="pathmap://SysML_PROFILES/SysML.profile.uml#_NxdG4LX8EduFmqQsrNB9lw" xmi:type="uml:Profile"/>
      </profileApplication>
    </packagedElement>
    <profileApplication xmi:id="idProfileApplication" xmi:type="uml:ProfileApplication">
      <eAnnotations source="http://www.eclipse.org/uml2/2.0.0/UML" xmi:id="idProfileAnnotation" xmi:type="ecore:EAnnotation">
        <references href="pathmap://SysMLActivityExtensionsProfile.uml#ProfileContentId" xmi:type="ecore:EPackage"/>
      </eAnnotations>
      <appliedProfile href="pathmap://SysMLActivityExtensionsProfile.uml#ActivityProfileId" xmi:type="uml:Profile"/>
    </profileApplication>
    <profileApplication xmi:id="_qmGH8N2vEeKqZblNfF30mA" xmi:type="uml:ProfileApplication">
      <eAnnotations source="http://www.eclipse.org/uml2/2.0.0/UML" xmi:id="_qmP48N2vEeKqZblNfF30mA" xmi:type="ecore:EAnnotation">
        <references href="file:/E:/svnWorkingCopies/sisma/software/trunk/RefCheckMapProfile/refMapProfile.sysml#_WoF1sGZAEeKTUctFx_SZgg" xmi:type="ecore:EPackage"/>
      </eAnnotations>
      <appliedProfile href="file:/E:/svnWorkingCopies/sisma/software/trunk/RefCheckMapProfile/refMapProfile.sysml#_ks1BoB09Ed-QQ4mYkrb7Gg" xmi:type="uml:Profile"/>
    </profileApplication>
  </uml:Model>
  <Allocations:Allocated xmi:id="_Xaj_MJ6NEeK7LPxvVzK9VA"/>
  <Allocations:Allocated xmi:id="_DfLawJ7NEeKjC9zfFNGw9A"/>
  <Allocations:Allocated xmi:id="_Rv5uYJ7NEeKjC9zfFNGw9A"/>
  <Allocations:Allocated xmi:id="_mFhjsJ7NEeKjC9zfFNGw9A"/>
  <Allocations:Allocated xmi:id="_zH2KgJ7NEeKjC9zfFNGw9A"/>
  <Allocations:Allocated base_NamedElement="_5YMuQJ7NEeKjC9zfFNGw9A" xmi:id="_87X6EJ7NEeKjC9zfFNGw9A"/>
  <Allocations:Allocated xmi:id="_AreLYKNfEeK4dOleASoksQ"/>
  <Allocations:Allocated xmi:id="_uCPjcKN_EeKgfePOCLPvNw"/>
  <Allocations:Allocated xmi:id="_jcKgIKOAEeKgfePOCLPvNw"/>
  <Allocations:Allocated base_NamedElement="_Hzu4kKRREeKwkqm_92I2PA" xmi:id="_J8J9oKRREeKwkqm_92I2PA"/>
  <Allocations:Allocated xmi:id="_WS6UMKkNEeKktu4qQz8ePA"/>
  <Allocations:Allocated xmi:id="_malfwKvpEeKWO5hzXyJUJg"/>
  <Allocations:Allocated xmi:id="_saJ1gKvpEeKWO5hzXyJUJg"/>
  <refMapProfile:Redefined_DeriveReqt base_DeriveReqt="_JMdMQIsSEeO6vI6VTIg-DA" refinementMapAsString="&lt;mC_cmd cc_detected&gt;" xmi:id="_VMn9EIsTEeO6vI6VTIg-DA"/>
  <Allocations:Allocated xmi:id="_p8CIMJJiEeOxXciWaJrA3g"/>
  <Allocations:Allocated xmi:id="_yjr6gJJiEeOxXciWaJrA3g"/>
  <Allocations:Allocated xmi:id="_Kcg7YJJkEeOxXciWaJrA3g"/>
  <Allocations:Allocated base_NamedElement="_ARiqQJJmEeOxXciWaJrA3g" xmi:id="_CS1MkJJmEeOxXciWaJrA3g"/>
  <Allocations:Allocated xmi:id="_H0IqMJgSEeOuA--HTLcmKg"/>
  <Allocations:Allocated base_NamedElement="_rbmpgJkxEeOoNL1JcaDakA" xmi:id="_s4lk4JkxEeOoNL1JcaDakA"/>
  <Allocations:Allocated base_NamedElement="__k4E4JkxEeOoNL1JcaDakA" xmi:id="_Af7-8JkyEeOoNL1JcaDakA"/>
  <Allocations:Allocated base_NamedElement="_CtajIJkyEeOoNL1JcaDakA" xmi:id="_EZbZAJkyEeOoNL1JcaDakA"/>
  <Allocations:Allocated base_NamedElement="_J4r3AJkyEeOoNL1JcaDakA" xmi:id="_LLs-EJkyEeOoNL1JcaDakA"/>
  <Allocations:Allocated base_NamedElement="_PQzLMJkyEeOoNL1JcaDakA" xmi:id="_QK9tYJkyEeOoNL1JcaDakA"/>
  <Allocations:Allocated xmi:id="_fna0UJkyEeOoNL1JcaDakA"/>
  <Allocations:Allocated xmi:id="_sqfCAJkyEeOoNL1JcaDakA"/>
  <Allocations:Allocated base_NamedElement="_yYlOIJ0gEeOK_uvNdgNkAg" xmi:id="_0AauoJ0gEeOK_uvNdgNkAg"/>
  <Allocations:Allocated base_NamedElement="_HR5mYJ0hEeOK_uvNdgNkAg" xmi:id="_J_E-UJ0hEeOK_uvNdgNkAg"/>
  <Allocations:Allocated base_NamedElement="_NHnckJ0hEeOK_uvNdgNkAg" xmi:id="_PCgb8J0hEeOK_uvNdgNkAg"/>
</xmi:XMI>