<?xml version="1.0" encoding="UTF-8"?><diagrams xmlns:xmi="http://www.omg.org/XMI" xmlns:xsi="http://www.w3.org/2001/XMLSchema-instance" xmlns:di="http://www.topcased.org/DI/1.0" xmlns:diagrams="http://www.topcased.org/Diagrams/1.0" xmi:id="_TSavcxiHEeSuAfOWNKTejg" position="0,0" size="100,100" name="FSR1" viewport="0,80">
      <property xmi:id="_TTKWUhiHEeSuAfOWNKTejg" key="pageFormatName" value="A4"/>
      <property xmi:id="_TTKWUxiHEeSuAfOWNKTejg" key="diagramWidth" value="840"/>
      <property xmi:id="_TTKWVBiHEeSuAfOWNKTejg" key="diagramHeight" value="1188"/>
      <property xmi:id="_TTKWVRiHEeSuAfOWNKTejg" key="pageMarginName" value="Small Margin"/>
      <property xmi:id="_TTKWVhiHEeSuAfOWNKTejg" key="diagramTopMargin" value="20"/>
      <property xmi:id="_TTKWVxiHEeSuAfOWNKTejg" key="diagramBottomMargin" value="20"/>
      <property xmi:id="_TTKWWBiHEeSuAfOWNKTejg" key="diagramLeftMargin" value="20"/>
      <property xmi:id="_TTKWWRiHEeSuAfOWNKTejg" key="diagramRightMargin" value="20"/>
      <property xmi:id="_TTKWWhiHEeSuAfOWNKTejg" key="orientation" value="portrait"/>
      <semanticModel xsi:type="di:EMFSemanticModelBridge" xmi:id="_TSavdBiHEeSuAfOWNKTejg" presentation="org.topcased.modeler.sysml.statemachinediagram">
        <element href="crf_eshift.sysml#_TSavcBiHEeSuAfOWNKTejg"/>
      </semanticModel>
      <contained xsi:type="di:GraphNode" xmi:id="_TTKWUBiHEeSuAfOWNKTejg" size="-1,-1">
        <semanticModel xsi:type="di:EMFSemanticModelBridge" xmi:id="_TTKWURiHEeSuAfOWNKTejg" presentation="default">
          <element href="crf_eshift.sysml#_TSavcRiHEeSuAfOWNKTejg"/>
        </semanticModel>
        <contained xsi:type="di:GraphNode" xmi:id="_UevYoBiHEeSuAfOWNKTejg" position="48,51" size="-1,-1">
          <property xmi:id="_UevYohiHEeSuAfOWNKTejg" key="name" value="visible"/>
          <anchorage xmi:id="_ZPlRcBiHEeSuAfOWNKTejg" graphEdge="_ZPlRchiHEeSuAfOWNKTejg"/>
          <semanticModel xsi:type="di:EMFSemanticModelBridge" xmi:id="_UevYoRiHEeSuAfOWNKTejg" presentation="default">
            <element href="crf_eshift.sysml#_Ue5JoBiHEeSuAfOWNKTejg"/>
          </semanticModel>
        </contained>
        <contained xsi:type="di:GraphNode" xmi:id="_W434wBiHEeSuAfOWNKTejg" position="208,48" size="225,50">
          <anchorage xmi:id="_ZPlRcRiHEeSuAfOWNKTejg" graphEdge="_ZPlRchiHEeSuAfOWNKTejg _jSbPYRiHEeSuAfOWNKTejg _4kv9gRiHEeSuAfOWNKTejg _EAj5gRiIEeSuAfOWNKTejg _Gv0VERiIEeSuAfOWNKTejg"/>
          <semanticModel xsi:type="di:EMFSemanticModelBridge" xmi:id="_W434wRiHEeSuAfOWNKTejg" presentation="default">
            <element href="crf_eshift.sysml#_W5BpwBiHEeSuAfOWNKTejg"/>
          </semanticModel>
        </contained>
        <contained xsi:type="di:GraphEdge" xmi:id="_ZPlRchiHEeSuAfOWNKTejg" anchor="_ZPlRcBiHEeSuAfOWNKTejg _ZPlRcRiHEeSuAfOWNKTejg">
          <semanticModel xsi:type="di:EMFSemanticModelBridge" xmi:id="_ZPlRcxiHEeSuAfOWNKTejg" presentation="default">
            <element href="crf_eshift.sysml#_ZPlRdhiHEeSuAfOWNKTejg"/>
          </semanticModel>
          <contained xsi:type="di:EdgeObjectOffset" xmi:id="_ZPlRdBiHEeSuAfOWNKTejg" id="nameEdgeObject" offset="-15,-16"/>
          <contained xsi:type="di:EdgeObjectOffset" xmi:id="_ZPlRdRiHEeSuAfOWNKTejg" visible="false" id="TransitionStereotypeEdgeObject"/>
        </contained>
        <contained xsi:type="di:GraphNode" xmi:id="_d378oBiHEeSuAfOWNKTejg" position="581,45" size="185,50">
          <anchorage xmi:id="_jSbPYBiHEeSuAfOWNKTejg" graphEdge="_jSbPYRiHEeSuAfOWNKTejg _JUqQYBiIEeSuAfOWNKTejg _SnAlgBiIEeSuAfOWNKTejg _WkE4ABiIEeSuAfOWNKTejg"/>
          <semanticModel xsi:type="di:EMFSemanticModelBridge" xmi:id="_d378oRiHEeSuAfOWNKTejg" presentation="default">
            <element href="crf_eshift.sysml#_d4FtoBiHEeSuAfOWNKTejg"/>
          </semanticModel>
        </contained>
        <contained xsi:type="di:GraphEdge" xmi:id="_jSbPYRiHEeSuAfOWNKTejg" anchor="_ZPlRcRiHEeSuAfOWNKTejg _jSbPYBiHEeSuAfOWNKTejg">
          <semanticModel xsi:type="di:EMFSemanticModelBridge" xmi:id="_jSbPYhiHEeSuAfOWNKTejg" presentation="default">
            <element href="crf_eshift.sysml#_jSbPZRiHEeSuAfOWNKTejg"/>
          </semanticModel>
          <contained xsi:type="di:EdgeObjectOffset" xmi:id="_jSbPYxiHEeSuAfOWNKTejg" id="nameEdgeObject" offset="-1,-14"/>
          <contained xsi:type="di:EdgeObjectOffset" xmi:id="_jSbPZBiHEeSuAfOWNKTejg" visible="false" id="TransitionStereotypeEdgeObject"/>
        </contained>
        <contained xsi:type="di:GraphNode" xmi:id="_no78oBiHEeSuAfOWNKTejg" position="452,140" size="115,50">
          <anchorage xmi:id="_4kv9gBiHEeSuAfOWNKTejg" graphEdge="_4kv9gRiHEeSuAfOWNKTejg _JUqQYBiIEeSuAfOWNKTejg"/>
          <semanticModel xsi:type="di:EMFSemanticModelBridge" xmi:id="_no78oRiHEeSuAfOWNKTejg" presentation="default">
            <element href="crf_eshift.sysml#_npFGkBiHEeSuAfOWNKTejg"/>
          </semanticModel>
        </contained>
        <contained xsi:type="di:GraphNode" xmi:id="_t_1NQBiHEeSuAfOWNKTejg" position="258,195" size="117,50">
          <anchorage xmi:id="_EAj5gBiIEeSuAfOWNKTejg" graphEdge="_EAj5gRiIEeSuAfOWNKTejg _SnAlgBiIEeSuAfOWNKTejg _d_s8ERiIEeSuAfOWNKTejg"/>
          <anchorage xmi:id="_d_s8EBiIEeSuAfOWNKTejg" graphEdge="_d_s8ERiIEeSuAfOWNKTejg"/>
          <semanticModel xsi:type="di:EMFSemanticModelBridge" xmi:id="_t_1NQRiHEeSuAfOWNKTejg" presentation="default">
            <element href="crf_eshift.sysml#_t_-XMBiHEeSuAfOWNKTejg"/>
          </semanticModel>
        </contained>
        <contained xsi:type="di:GraphNode" xmi:id="_yVJAoBiHEeSuAfOWNKTejg" position="169,288" size="135,50">
          <anchorage xmi:id="_Gv0VEBiIEeSuAfOWNKTejg" graphEdge="_Gv0VERiIEeSuAfOWNKTejg _WkE4ABiIEeSuAfOWNKTejg"/>
          <semanticModel xsi:type="di:EMFSemanticModelBridge" xmi:id="_yVJAoRiHEeSuAfOWNKTejg" presentation="default">
            <element href="crf_eshift.sysml#_yVSxoBiHEeSuAfOWNKTejg"/>
          </semanticModel>
        </contained>
        <contained xsi:type="di:GraphEdge" xmi:id="_4kv9gRiHEeSuAfOWNKTejg" anchor="_4kv9gBiHEeSuAfOWNKTejg _ZPlRcRiHEeSuAfOWNKTejg">
          <semanticModel xsi:type="di:EMFSemanticModelBridge" xmi:id="_4kv9ghiHEeSuAfOWNKTejg" presentation="default">
            <element href="crf_eshift.sysml#_4kv9hRiHEeSuAfOWNKTejg"/>
          </semanticModel>
          <contained xsi:type="di:EdgeObjectOffset" xmi:id="_4kv9gxiHEeSuAfOWNKTejg" id="nameEdgeObject" offset="58,-34"/>
          <contained xsi:type="di:EdgeObjectOffset" xmi:id="_4kv9hBiHEeSuAfOWNKTejg" visible="false" id="TransitionStereotypeEdgeObject"/>
          <waypoints>[-116, -4, -14, 76]</waypoints>
        </contained>
        <contained xsi:type="di:GraphEdge" xmi:id="_EAj5gRiIEeSuAfOWNKTejg" anchor="_EAj5gBiIEeSuAfOWNKTejg _ZPlRcRiHEeSuAfOWNKTejg">
          <semanticModel xsi:type="di:EMFSemanticModelBridge" xmi:id="_EAj5ghiIEeSuAfOWNKTejg" presentation="default">
            <element href="crf_eshift.sysml#_EAj5hRiIEeSuAfOWNKTejg"/>
          </semanticModel>
          <contained xsi:type="di:EdgeObjectOffset" xmi:id="_EAj5gxiIEeSuAfOWNKTejg" id="nameEdgeObject"/>
          <contained xsi:type="di:EdgeObjectOffset" xmi:id="_EAj5hBiIEeSuAfOWNKTejg" visible="false" id="TransitionStereotypeEdgeObject"/>
          <waypoints>[-10, -48, -15, 98]</waypoints>
        </contained>
        <contained xsi:type="di:GraphEdge" xmi:id="_Gv0VERiIEeSuAfOWNKTejg" anchor="_Gv0VEBiIEeSuAfOWNKTejg _ZPlRcRiHEeSuAfOWNKTejg">
          <semanticModel xsi:type="di:EMFSemanticModelBridge" xmi:id="_Gv0VEhiIEeSuAfOWNKTejg" presentation="default">
            <element href="crf_eshift.sysml#_Gv0VFRiIEeSuAfOWNKTejg"/>
          </semanticModel>
          <contained xsi:type="di:EdgeObjectOffset" xmi:id="_Gv0VExiIEeSuAfOWNKTejg" id="nameEdgeObject" offset="-14,-13"/>
          <contained xsi:type="di:EdgeObjectOffset" xmi:id="_Gv0VFBiIEeSuAfOWNKTejg" visible="false" id="TransitionStereotypeEdgeObject"/>
          <waypoints>[-11, -52, -95, 188]</waypoints>
        </contained>
        <contained xsi:type="di:GraphEdge" xmi:id="_JUqQYBiIEeSuAfOWNKTejg" anchor="_jSbPYBiHEeSuAfOWNKTejg _4kv9gBiHEeSuAfOWNKTejg">
          <semanticModel xsi:type="di:EMFSemanticModelBridge" xmi:id="_JUqQYRiIEeSuAfOWNKTejg" presentation="default">
            <element href="crf_eshift.sysml#_JUqQZBiIEeSuAfOWNKTejg"/>
          </semanticModel>
          <contained xsi:type="di:EdgeObjectOffset" xmi:id="_JUqQYhiIEeSuAfOWNKTejg" id="nameEdgeObject" offset="-63,-44"/>
          <contained xsi:type="di:EdgeObjectOffset" xmi:id="_JUqQYxiIEeSuAfOWNKTejg" visible="false" id="TransitionStereotypeEdgeObject"/>
          <waypoints>[-30, 95, 96, 0]</waypoints>
        </contained>
        <contained xsi:type="di:GraphEdge" xmi:id="_SnAlgBiIEeSuAfOWNKTejg" anchor="_jSbPYBiHEeSuAfOWNKTejg _EAj5gBiIEeSuAfOWNKTejg">
          <semanticModel xsi:type="di:EMFSemanticModelBridge" xmi:id="_SnAlgRiIEeSuAfOWNKTejg" presentation="default">
            <element href="crf_eshift.sysml#_SnAlhBiIEeSuAfOWNKTejg"/>
          </semanticModel>
          <contained xsi:type="di:EdgeObjectOffset" xmi:id="_SnAlghiIEeSuAfOWNKTejg" id="nameEdgeObject" offset="-69,-11"/>
          <contained xsi:type="di:EdgeObjectOffset" xmi:id="_SnAlgxiIEeSuAfOWNKTejg" visible="false" id="TransitionStereotypeEdgeObject"/>
          <waypoints>[-7, 143, 350, -7]</waypoints>
        </contained>
        <contained xsi:type="di:GraphEdge" xmi:id="_WkE4ABiIEeSuAfOWNKTejg" anchor="_jSbPYBiHEeSuAfOWNKTejg _Gv0VEBiIEeSuAfOWNKTejg">
          <semanticModel xsi:type="di:EMFSemanticModelBridge" xmi:id="_WkE4ARiIEeSuAfOWNKTejg" presentation="default">
            <element href="crf_eshift.sysml#_WkE4BBiIEeSuAfOWNKTejg"/>
          </semanticModel>
          <contained xsi:type="di:EdgeObjectOffset" xmi:id="_WkE4AhiIEeSuAfOWNKTejg" id="nameEdgeObject" offset="-55,-16"/>
          <contained xsi:type="di:EdgeObjectOffset" xmi:id="_WkE4AxiIEeSuAfOWNKTejg" visible="false" id="TransitionStereotypeEdgeObject"/>
          <waypoints>[45, 241, 482, -2]</waypoints>
        </contained>
        <contained xsi:type="di:GraphEdge" xmi:id="_d_s8ERiIEeSuAfOWNKTejg" anchor="_EAj5gBiIEeSuAfOWNKTejg _d_s8EBiIEeSuAfOWNKTejg">
          <semanticModel xsi:type="di:EMFSemanticModelBridge" xmi:id="_d_s8EhiIEeSuAfOWNKTejg" presentation="default">
            <element href="crf_eshift.sysml#_d_s8FRiIEeSuAfOWNKTejg"/>
          </semanticModel>
          <contained xsi:type="di:EdgeObjectOffset" xmi:id="_d_s8ExiIEeSuAfOWNKTejg" id="nameEdgeObject" offset="24,-11"/>
          <contained xsi:type="di:EdgeObjectOffset" xmi:id="_d_s8FBiIEeSuAfOWNKTejg" visible="false" id="TransitionStereotypeEdgeObject"/>
          <waypoints>[76, 13, 76, 13]</waypoints>
          <waypoints>[76, 56, 76, 56]</waypoints>
          <waypoints>[30, 56, 30, 56]</waypoints>
        </contained>
        <contained xsi:type="di:GraphNode" xmi:id="_DL6lAEFPEeSOF7IRiNVoOg" position="7,119" size="150,142">
          <property xmi:id="_DL6lAUFPEeSOF7IRiNVoOg" key="noteValue" value="Here we also specify that D_in is possible only if validation succeeds and the acquired status is unplugged"/>
          <semanticModel xsi:type="di:SimpleSemanticModelElement" xmi:id="_DL6lAkFPEeSOF7IRiNVoOg" presentation="default" typeInfo="Note"/>
        </contained>
      </contained>
    </diagrams>