<?xml version="1.0" encoding="UTF-8"?><ownedBehavior xmlns:xmi="http://www.omg.org/XMI" xmlns:Allocations="http://www.eclipse.org/papyrus/0.7.0/SysML/Allocations" xmlns:ecore="http://www.eclipse.org/emf/2002/Ecore" xmlns:refMapProfile="http:///schemas/refMapProfile/_Wn_IAGZAEeKTUctFx_SZgg/7" xmlns:sysML="http://www.topcased.org/2.0/sysML" xmlns:uml="http://www.eclipse.org/uml2/3.0.0/UML" xmlns:xsi="http://www.w3.org/2001/XMLSchema-instance" name="stm_FSR1" xmi:id="_TSavcBiHEeSuAfOWNKTejg" xmi:type="uml:StateMachine">
          <region name="Region" xmi:id="_TSavcRiHEeSuAfOWNKTejg" xmi:type="uml:Region">
            <subvertex name="Init" xmi:id="_Ue5JoBiHEeSuAfOWNKTejg" xmi:type="uml:Pseudostate"/>
            <subvertex name="Acquisition" xmi:id="_W5BpwBiHEeSuAfOWNKTejg" xmi:type="uml:State"/>
            <subvertex name="Validation" xmi:id="_d4FtoBiHEeSuAfOWNKTejg" xmi:type="uml:State"/>
            <subvertex name="OK_plugged" xmi:id="_npFGkBiHEeSuAfOWNKTejg" xmi:type="uml:State"/>
            <subvertex name="OK_unplugged" xmi:id="_t_-XMBiHEeSuAfOWNKTejg" xmi:type="uml:State"/>
            <subvertex name="NOK" xmi:id="_yVSxoBiHEeSuAfOWNKTejg" xmi:type="uml:State"/>
            <transition kind="local" name="start_Pacq" source="_Ue5JoBiHEeSuAfOWNKTejg" target="_W5BpwBiHEeSuAfOWNKTejg" xmi:id="_ZPlRdhiHEeSuAfOWNKTejg" xmi:type="uml:Transition"/>
            <transition kind="local" name="start_Pval" source="_W5BpwBiHEeSuAfOWNKTejg" target="_d4FtoBiHEeSuAfOWNKTejg" xmi:id="_jSbPZRiHEeSuAfOWNKTejg" xmi:type="uml:Transition"/>
            <transition kind="local" name="start_Pacq" source="_npFGkBiHEeSuAfOWNKTejg" target="_W5BpwBiHEeSuAfOWNKTejg" xmi:id="_4kv9hRiHEeSuAfOWNKTejg" xmi:type="uml:Transition"/>
            <transition kind="local" name="start_Pacq" source="_t_-XMBiHEeSuAfOWNKTejg" target="_W5BpwBiHEeSuAfOWNKTejg" xmi:id="_EAj5hRiIEeSuAfOWNKTejg" xmi:type="uml:Transition"/>
            <transition kind="local" name="start_Pacq" source="_yVSxoBiHEeSuAfOWNKTejg" target="_W5BpwBiHEeSuAfOWNKTejg" xmi:id="_Gv0VFRiIEeSuAfOWNKTejg" xmi:type="uml:Transition"/>
            <transition kind="local" name="P_valid_plugged" source="_d4FtoBiHEeSuAfOWNKTejg" target="_npFGkBiHEeSuAfOWNKTejg" xmi:id="_JUqQZBiIEeSuAfOWNKTejg" xmi:type="uml:Transition"/>
            <transition kind="local" name="P_valid_unplugged" source="_d4FtoBiHEeSuAfOWNKTejg" target="_t_-XMBiHEeSuAfOWNKTejg" xmi:id="_SnAlhBiIEeSuAfOWNKTejg" xmi:type="uml:Transition"/>
            <transition kind="local" name="P_invalid" source="_d4FtoBiHEeSuAfOWNKTejg" target="_yVSxoBiHEeSuAfOWNKTejg" xmi:id="_WkE4BBiIEeSuAfOWNKTejg" xmi:type="uml:Transition"/>
            <transition kind="local" name="D_in" source="_t_-XMBiHEeSuAfOWNKTejg" target="_t_-XMBiHEeSuAfOWNKTejg" xmi:id="_d_s8FRiIEeSuAfOWNKTejg" xmi:type="uml:Transition"/>
          </region>
        </ownedBehavior>