<?xml version="1.0" encoding="UTF-8" standalone="no"?><ownedBehavior xmlns:Allocations="http://www.eclipse.org/papyrus/0.7.0/SysML/Allocations" xmlns:ecore="http://www.eclipse.org/emf/2002/Ecore" xmlns:refMapProfile="http:///schemas/refMapProfile/_Wn_IAGZAEeKTUctFx_SZgg/7" xmlns:sysML="http://www.topcased.org/2.0/sysML" xmlns:uml="http://www.eclipse.org/uml2/3.0.0/UML" xmlns:xmi="http://www.omg.org/XMI" xmlns:xsi="http://www.w3.org/2001/XMLSchema-instance" name="stm_TSR1" xmi:id="_htCSQBpxEeS2geI9OXLqnw" xmi:type="uml:StateMachine">
          <region name="Region" xmi:id="_htCSQRpxEeS2geI9OXLqnw" xmi:type="uml:Region">
            <subvertex name="TSR1_AcquisitionAndValidation" xmi:id="_ivi4IBpxEeS2geI9OXLqnw" xmi:type="uml:State">
              <region name="Region1" xmi:id="_ivi4IRpxEeS2geI9OXLqnw" xmi:type="uml:Region">
                <subvertex name="TSR1_InitVal" xmi:id="_sMN8AxpzEeS2geI9OXLqnw" xmi:type="uml:Pseudostate"/>
                <subvertex name="TSR1_ValStart" xmi:id="_wHzAwBpzEeS2geI9OXLqnw" xmi:type="uml:State"/>
                <subvertex name="TSR1_StConn" xmi:id="_6yg3ABpzEeS2geI9OXLqnw" xmi:type="uml:State"/>
                <subvertex name="TSR1_StUnConn" xmi:id="__mVLUBpzEeS2geI9OXLqnw" xmi:type="uml:State"/>
                <subvertex name="TSR1_Fault" xmi:id="_DsnrQBp0EeS2geI9OXLqnw" xmi:type="uml:State"/>
                <subvertex name="TSR1_S2Closed" xmi:id="_a-bk4Bp0EeS2geI9OXLqnw" xmi:type="uml:State"/>
                <subvertex name="TSR1_S2Open" xmi:id="_fRhKshp0EeS2geI9OXLqnw" xmi:type="uml:State"/>
                <subvertex name="TSR1_NotCoherent" xmi:id="_2S0jIBp0EeS2geI9OXLqnw" xmi:type="uml:State"/>
                <subvertex name="TSR1_Plugged" xmi:id="_LQKfwBp1EeS2geI9OXLqnw" xmi:type="uml:State"/>
                <subvertex name="TSR1_UnPlugged" xmi:id="_RlRnsBp1EeS2geI9OXLqnw" xmi:type="uml:State"/>
                <subvertex name="TSR1_ValFinished" xmi:id="_TzO3kBp2EeS2geI9OXLqnw" xmi:type="uml:State"/>
                <subvertex name="TSR1_AcqStart" xmi:id="_u8PqoBrWEeSyd7KqnyTZ1g" xmi:type="uml:State"/>
                <transition kind="local" name="_start_Pacq_" source="_sMN8AxpzEeS2geI9OXLqnw" target="_u8PqoBrWEeSyd7KqnyTZ1g" xmi:id="_ztWyNhpzEeS2geI9OXLqnw" xmi:type="uml:Transition"/>
                <transition kind="local" name="_stConn_" source="_wHzAwBpzEeS2geI9OXLqnw" target="_6yg3ABpzEeS2geI9OXLqnw" xmi:id="_GZVwNRp0EeS2geI9OXLqnw" xmi:type="uml:Transition"/>
                <transition kind="local" name="_stUnConn_" source="_wHzAwBpzEeS2geI9OXLqnw" target="__mVLUBpzEeS2geI9OXLqnw" xmi:id="_IiqNJBp0EeS2geI9OXLqnw" xmi:type="uml:Transition"/>
                <transition kind="local" name="_stFault_" source="_wHzAwBpzEeS2geI9OXLqnw" target="_DsnrQBp0EeS2geI9OXLqnw" xmi:id="_NYtWFRp0EeS2geI9OXLqnw" xmi:type="uml:Transition"/>
                <transition kind="local" name="_s2Closed_" source="_6yg3ABpzEeS2geI9OXLqnw" target="_a-bk4Bp0EeS2geI9OXLqnw" xmi:id="_ms_dxRp0EeS2geI9OXLqnw" xmi:type="uml:Transition"/>
                <transition kind="local" name="_s2Open_" source="__mVLUBpzEeS2geI9OXLqnw" target="_fRhKshp0EeS2geI9OXLqnw" xmi:id="_o-yhRRp0EeS2geI9OXLqnw" xmi:type="uml:Transition"/>
                <transition kind="local" name="_s2Open_" source="_6yg3ABpzEeS2geI9OXLqnw" target="_2S0jIBp0EeS2geI9OXLqnw" xmi:id="_6FUkZRp0EeS2geI9OXLqnw" xmi:type="uml:Transition"/>
                <transition kind="local" name="_s2Closed_" source="__mVLUBpzEeS2geI9OXLqnw" target="_2S0jIBp0EeS2geI9OXLqnw" xmi:id="_9vfJBBp0EeS2geI9OXLqnw" xmi:type="uml:Transition"/>
                <transition kind="local" name="_proxIn_" source="_a-bk4Bp0EeS2geI9OXLqnw" target="_LQKfwBp1EeS2geI9OXLqnw" xmi:id="_V48cVRp1EeS2geI9OXLqnw" xmi:type="uml:Transition"/>
                <transition kind="local" name="_proxOut_" source="_fRhKshp0EeS2geI9OXLqnw" target="_RlRnsBp1EeS2geI9OXLqnw" xmi:id="_YOKnRRp1EeS2geI9OXLqnw" xmi:type="uml:Transition"/>
                <transition kind="local" name="_proxFault_" source="_fRhKshp0EeS2geI9OXLqnw" target="_DsnrQBp0EeS2geI9OXLqnw" xmi:id="_gFnrtBp1EeS2geI9OXLqnw" xmi:type="uml:Transition"/>
                <transition kind="local" name="_proxFault_" source="_a-bk4Bp0EeS2geI9OXLqnw" target="_DsnrQBp0EeS2geI9OXLqnw" xmi:id="_sz245Bp1EeS2geI9OXLqnw" xmi:type="uml:Transition"/>
                <transition kind="local" name="_proxOut_" source="_a-bk4Bp0EeS2geI9OXLqnw" target="_2S0jIBp0EeS2geI9OXLqnw" xmi:id="_6fY0xBp1EeS2geI9OXLqnw" xmi:type="uml:Transition"/>
                <transition kind="local" name="_proxIn_" source="_fRhKshp0EeS2geI9OXLqnw" target="_2S0jIBp0EeS2geI9OXLqnw" xmi:id="_9r83ZBp1EeS2geI9OXLqnw" xmi:type="uml:Transition"/>
                <transition kind="local" name="_plug_incoherent_" source="_2S0jIBp0EeS2geI9OXLqnw" target="_TzO3kBp2EeS2geI9OXLqnw" xmi:id="_cvQ-dRp2EeS2geI9OXLqnw" xmi:type="uml:Transition"/>
                <transition kind="local" name="_P_valid_plugged_" source="_LQKfwBp1EeS2geI9OXLqnw" target="_TzO3kBp2EeS2geI9OXLqnw" xmi:id="_ev9D1Bp2EeS2geI9OXLqnw" xmi:type="uml:Transition"/>
                <transition kind="local" name="_P_valid_unplugged_" source="_RlRnsBp1EeS2geI9OXLqnw" target="_TzO3kBp2EeS2geI9OXLqnw" xmi:id="_mFyB5Bp2EeS2geI9OXLqnw" xmi:type="uml:Transition"/>
                <transition kind="local" name="_plug_faulty_" source="_DsnrQBp0EeS2geI9OXLqnw" target="_TzO3kBp2EeS2geI9OXLqnw" xmi:id="_rpgJJBp2EeS2geI9OXLqnw" xmi:type="uml:Transition"/>
                <transition kind="local" name="" source="_TzO3kBp2EeS2geI9OXLqnw" target="_4W1-cBp2EeS2geI9OXLqnw" xmi:id="_Hp7G9Bp3EeS2geI9OXLqnw" xmi:type="uml:Transition"/>
                <transition kind="local" name="_start_Pval_" source="_u8PqoBrWEeSyd7KqnyTZ1g" target="_wHzAwBpzEeS2geI9OXLqnw" xmi:id="_0Sk2JBrWEeSyd7KqnyTZ1g" xmi:type="uml:Transition"/>
              </region>
              <region name="Region2" xmi:id="_nXvyUhpxEeS2geI9OXLqnw" xmi:type="uml:Region">
                <subvertex name="TSR1_StInit" xmi:id="_wepFYBpxEeS2geI9OXLqnw" xmi:type="uml:Pseudostate"/>
                <subvertex name="TSR1_StAcq" xmi:id="_6b_fUBpxEeS2geI9OXLqnw" xmi:type="uml:State"/>
                <subvertex name="TSR1_StAcqFin" xmi:id="_RZIJcBpyEeS2geI9OXLqnw" xmi:type="uml:State"/>
                <transition kind="local" name="_start_Pacq_" source="_wepFYBpxEeS2geI9OXLqnw" target="_6b_fUBpxEeS2geI9OXLqnw" xmi:id="_Gi8qFBpyEeS2geI9OXLqnw" xmi:type="uml:Transition"/>
                <transition kind="local" name="_stConn_" source="_6b_fUBpxEeS2geI9OXLqnw" target="_RZIJcBpyEeS2geI9OXLqnw" xmi:id="_cVZpxRpyEeS2geI9OXLqnw" xmi:type="uml:Transition"/>
                <transition kind="local" name="_stUnConn_" source="_6b_fUBpxEeS2geI9OXLqnw" target="_RZIJcBpyEeS2geI9OXLqnw" xmi:id="_824_BBpyEeS2geI9OXLqnw" xmi:type="uml:Transition"/>
                <transition kind="local" name="_stFault_" source="_6b_fUBpxEeS2geI9OXLqnw" target="_RZIJcBpyEeS2geI9OXLqnw" xmi:id="_-3b6dBpyEeS2geI9OXLqnw" xmi:type="uml:Transition"/>
                <transition kind="local" name="" source="_RZIJcBpyEeS2geI9OXLqnw" target="_4W1-cBp2EeS2geI9OXLqnw" xmi:id="_ClJlhBp3EeS2geI9OXLqnw" xmi:type="uml:Transition"/>
              </region>
              <region name="Region3" xmi:id="_nuqdghpxEeS2geI9OXLqnw" xmi:type="uml:Region">
                <subvertex name="TSR1_S2Init" xmi:id="_x-mcQBpxEeS2geI9OXLqnw" xmi:type="uml:Pseudostate"/>
                <subvertex name="TSR1_S2Acq" xmi:id="_7frw8BpxEeS2geI9OXLqnw" xmi:type="uml:State"/>
                <subvertex name="TSR1_S2AcqFin" xmi:id="_GgAOUhpzEeS2geI9OXLqnw" xmi:type="uml:State"/>
                <transition kind="local" name="_start_Pacq_" source="_x-mcQBpxEeS2geI9OXLqnw" target="_7frw8BpxEeS2geI9OXLqnw" xmi:id="_IIazFhpyEeS2geI9OXLqnw" xmi:type="uml:Transition"/>
                <transition kind="local" name="_s2Closed_" source="_7frw8BpxEeS2geI9OXLqnw" target="_GgAOUhpzEeS2geI9OXLqnw" xmi:id="_KEXs9RpzEeS2geI9OXLqnw" xmi:type="uml:Transition"/>
                <transition kind="local" name="_s2Open_" source="_7frw8BpxEeS2geI9OXLqnw" target="_GgAOUhpzEeS2geI9OXLqnw" xmi:id="_ODhDFBpzEeS2geI9OXLqnw" xmi:type="uml:Transition"/>
                <transition kind="local" name="" source="_GgAOUhpzEeS2geI9OXLqnw" target="_4W1-cBp2EeS2geI9OXLqnw" xmi:id="_9FAWtBp2EeS2geI9OXLqnw" xmi:type="uml:Transition"/>
              </region>
              <region name="Region4" xmi:id="_scrEwhpxEeS2geI9OXLqnw" xmi:type="uml:Region">
                <subvertex name="TSR1_ProxInit" xmi:id="_y-krgRpxEeS2geI9OXLqnw" xmi:type="uml:Pseudostate"/>
                <subvertex name="TSR1_ProxAcq" xmi:id="_85if0BpxEeS2geI9OXLqnw" xmi:type="uml:State"/>
                <subvertex name="TSR1_ProxAcqFin" xmi:id="_Q6qPUBpzEeS2geI9OXLqnw" xmi:type="uml:State"/>
                <transition kind="local" name="_start_Pacq_" source="_y-krgRpxEeS2geI9OXLqnw" target="_85if0BpxEeS2geI9OXLqnw" xmi:id="_IlH9NhpyEeS2geI9OXLqnw" xmi:type="uml:Transition"/>
                <transition kind="local" name="_proxIn_" source="_85if0BpxEeS2geI9OXLqnw" target="_Q6qPUBpzEeS2geI9OXLqnw" xmi:id="_T1hd9RpzEeS2geI9OXLqnw" xmi:type="uml:Transition"/>
                <transition kind="local" name="_proxOut_" source="_85if0BpxEeS2geI9OXLqnw" target="_Q6qPUBpzEeS2geI9OXLqnw" xmi:id="_e0By5BpzEeS2geI9OXLqnw" xmi:type="uml:Transition"/>
                <transition kind="local" name="_proxFault_" source="_85if0BpxEeS2geI9OXLqnw" target="_Q6qPUBpzEeS2geI9OXLqnw" xmi:id="_iHSTZBpzEeS2geI9OXLqnw" xmi:type="uml:Transition"/>
                <transition kind="local" name="" source="_Q6qPUBpzEeS2geI9OXLqnw" target="_4W1-cBp2EeS2geI9OXLqnw" xmi:id="_53i8MBp2EeS2geI9OXLqnw" xmi:type="uml:Transition"/>
              </region>
            </subvertex>
            <subvertex kind="join" name="TSR1_Pseudostate1" xmi:id="_4W1-cBp2EeS2geI9OXLqnw" xmi:type="uml:Pseudostate"/>
            <transition kind="local" name="" source="_4W1-cBp2EeS2geI9OXLqnw" target="_ivi4IBpxEeS2geI9OXLqnw" xmi:id="_RE5zpBp3EeS2geI9OXLqnw" xmi:type="uml:Transition"/>
          </region>
        </ownedBehavior>