<?xml version="1.0" encoding="UTF-8"?><diagrams xmlns:xmi="http://www.omg.org/XMI" xmlns:xsi="http://www.w3.org/2001/XMLSchema-instance" xmlns:di="http://www.topcased.org/DI/1.0" xmlns:diagrams="http://www.topcased.org/Diagrams/1.0" xmi:id="_jnRQc4sNEeO6vI6VTIg-DA" position="0,0" size="100,100" name="No_deploy_without_detection_after_each_reset" viewport="0,0">
        <property xmi:id="_jn3GUosNEeO6vI6VTIg-DA" key="pageFormatName" value="A4"/>
        <property xmi:id="_jn3GU4sNEeO6vI6VTIg-DA" key="diagramWidth" value="840"/>
        <property xmi:id="_jn3GVIsNEeO6vI6VTIg-DA" key="diagramHeight" value="1188"/>
        <property xmi:id="_jn3GVYsNEeO6vI6VTIg-DA" key="pageMarginName" value="Small Margin"/>
        <property xmi:id="_jn3GVosNEeO6vI6VTIg-DA" key="diagramTopMargin" value="20"/>
        <property xmi:id="_jn3GV4sNEeO6vI6VTIg-DA" key="diagramBottomMargin" value="20"/>
        <property xmi:id="_jn3GWIsNEeO6vI6VTIg-DA" key="diagramLeftMargin" value="20"/>
        <property xmi:id="_jn3GWYsNEeO6vI6VTIg-DA" key="diagramRightMargin" value="20"/>
        <property xmi:id="_jn3GWosNEeO6vI6VTIg-DA" key="orientation" value="portrait"/>
        <semanticModel xsi:type="di:EMFSemanticModelBridge" xmi:id="_jnRQdIsNEeO6vI6VTIg-DA" presentation="org.topcased.modeler.sysml.statemachinediagram">
          <element href="airbag1.sysml#_jnRQcIsNEeO6vI6VTIg-DA"/>
        </semanticModel>
        <contained xsi:type="di:GraphNode" xmi:id="_jn3GUIsNEeO6vI6VTIg-DA" size="-1,-1">
          <semanticModel xsi:type="di:EMFSemanticModelBridge" xmi:id="_jn3GUYsNEeO6vI6VTIg-DA" presentation="default">
            <element href="airbag1.sysml#_jnRQcYsNEeO6vI6VTIg-DA"/>
          </semanticModel>
          <contained xsi:type="di:GraphNode" xmi:id="_siQOcIsNEeO6vI6VTIg-DA" position="43,51" size="-1,-1">
            <property xmi:id="_siQOcosNEeO6vI6VTIg-DA" key="name" value="visible"/>
            <anchorage xmi:id="_zrb3oIsNEeO6vI6VTIg-DA" graphEdge="_zrlooIsNEeO6vI6VTIg-DA"/>
            <semanticModel xsi:type="di:EMFSemanticModelBridge" xmi:id="_siQOcYsNEeO6vI6VTIg-DA" presentation="default">
              <element href="airbag1.sysml#_siZ_cIsNEeO6vI6VTIg-DA"/>
            </semanticModel>
          </contained>
          <contained xsi:type="di:GraphNode" xmi:id="_u8YukIsNEeO6vI6VTIg-DA" position="137,37" size="116,50">
            <anchorage xmi:id="_zrb3oYsNEeO6vI6VTIg-DA" graphEdge="_zrlooIsNEeO6vI6VTIg-DA _fcGbEYsOEeO6vI6VTIg-DA _lOZJ0IsOEeO6vI6VTIg-DA _w3v1wYsSEeO6vI6VTIg-DA"/>
            <anchorage xmi:id="_w3v1wIsSEeO6vI6VTIg-DA" graphEdge="_w3v1wYsSEeO6vI6VTIg-DA"/>
            <semanticModel xsi:type="di:EMFSemanticModelBridge" xmi:id="_u8YukYsNEeO6vI6VTIg-DA" presentation="default">
              <element href="airbag1.sysml#_u8YukosNEeO6vI6VTIg-DA"/>
            </semanticModel>
          </contained>
          <contained xsi:type="di:GraphEdge" xmi:id="_zrlooIsNEeO6vI6VTIg-DA" anchor="_zrb3oIsNEeO6vI6VTIg-DA _zrb3oYsNEeO6vI6VTIg-DA">
            <semanticModel xsi:type="di:EMFSemanticModelBridge" xmi:id="_zrlooYsNEeO6vI6VTIg-DA" presentation="default">
              <element href="airbag1.sysml#_zrlopIsNEeO6vI6VTIg-DA"/>
            </semanticModel>
            <contained xsi:type="di:EdgeObjectOffset" xmi:id="_zrlooosNEeO6vI6VTIg-DA" id="nameEdgeObject" offset="-3,-12"/>
            <contained xsi:type="di:EdgeObjectOffset" xmi:id="_zrloo4sNEeO6vI6VTIg-DA" visible="false" id="TransitionStereotypeEdgeObject"/>
          </contained>
          <contained xsi:type="di:GraphNode" xmi:id="_V_yRoIsOEeO6vI6VTIg-DA" position="378,30" size="313,200">
            <anchorage xmi:id="_fcGbEIsOEeO6vI6VTIg-DA" graphEdge="_fcGbEYsOEeO6vI6VTIg-DA _lOZJ0IsOEeO6vI6VTIg-DA"/>
            <semanticModel xsi:type="di:EMFSemanticModelBridge" xmi:id="_V_yRoYsOEeO6vI6VTIg-DA" presentation="default">
              <element href="airbag1.sysml#_V_yRpIsOEeO6vI6VTIg-DA"/>
            </semanticModel>
            <contained xsi:type="di:GraphNode" xmi:id="_V_yRoosOEeO6vI6VTIg-DA">
              <semanticModel xsi:type="di:EMFSemanticModelBridge" xmi:id="_V_yRo4sOEeO6vI6VTIg-DA" presentation="default">
                <element href="airbag1.sysml#_V_yRpYsOEeO6vI6VTIg-DA"/>
              </semanticModel>
              <contained xsi:type="di:GraphNode" xmi:id="_si4rIIsOEeO6vI6VTIg-DA" position="26,7" size="-1,-1">
                <property xmi:id="_si4rIosOEeO6vI6VTIg-DA" key="name" value="visible"/>
                <anchorage xmi:id="_ylGFMIsOEeO6vI6VTIg-DA" graphEdge="_ylGFMosOEeO6vI6VTIg-DA"/>
                <semanticModel xsi:type="di:EMFSemanticModelBridge" xmi:id="_si4rIYsOEeO6vI6VTIg-DA" presentation="default">
                  <element href="airbag1.sysml#_si4rI4sOEeO6vI6VTIg-DA"/>
                </semanticModel>
              </contained>
              <contained xsi:type="di:GraphNode" xmi:id="_waJQkIsOEeO6vI6VTIg-DA" position="137,31" size="59,50">
                <anchorage xmi:id="_ylGFMYsOEeO6vI6VTIg-DA" graphEdge="_ylGFMosOEeO6vI6VTIg-DA _7Co5QYsOEeO6vI6VTIg-DA _87cN8IsOEeO6vI6VTIg-DA"/>
                <anchorage xmi:id="_7Co5QIsOEeO6vI6VTIg-DA" graphEdge="_7Co5QYsOEeO6vI6VTIg-DA _87cN8IsOEeO6vI6VTIg-DA"/>
                <semanticModel xsi:type="di:EMFSemanticModelBridge" xmi:id="_waJQkYsOEeO6vI6VTIg-DA" presentation="default">
                  <element href="airbag1.sysml#_waJQkosOEeO6vI6VTIg-DA"/>
                </semanticModel>
              </contained>
              <contained xsi:type="di:GraphEdge" xmi:id="_ylGFMosOEeO6vI6VTIg-DA" anchor="_ylGFMIsOEeO6vI6VTIg-DA _ylGFMYsOEeO6vI6VTIg-DA">
                <semanticModel xsi:type="di:EMFSemanticModelBridge" xmi:id="_ylGFM4sOEeO6vI6VTIg-DA" presentation="default">
                  <element href="airbag1.sysml#_ylGFNosOEeO6vI6VTIg-DA"/>
                </semanticModel>
                <contained xsi:type="di:EdgeObjectOffset" xmi:id="_ylGFNIsOEeO6vI6VTIg-DA" id="nameEdgeObject" offset="-1,-12"/>
                <contained xsi:type="di:EdgeObjectOffset" xmi:id="_ylGFNYsOEeO6vI6VTIg-DA" visible="false" id="TransitionStereotypeEdgeObject"/>
              </contained>
              <contained xsi:type="di:GraphEdge" xmi:id="_7Co5QYsOEeO6vI6VTIg-DA" anchor="_ylGFMYsOEeO6vI6VTIg-DA _7Co5QIsOEeO6vI6VTIg-DA">
                <semanticModel xsi:type="di:EMFSemanticModelBridge" xmi:id="_7Co5QosOEeO6vI6VTIg-DA" presentation="default">
                  <element href="airbag1.sysml#_7Co5RYsOEeO6vI6VTIg-DA"/>
                </semanticModel>
                <contained xsi:type="di:EdgeObjectOffset" xmi:id="_7Co5Q4sOEeO6vI6VTIg-DA" id="nameEdgeObject" offset="10,16"/>
                <contained xsi:type="di:EdgeObjectOffset" xmi:id="_7Co5RIsOEeO6vI6VTIg-DA" visible="false" id="TransitionStereotypeEdgeObject"/>
                <waypoints>[62, 0, 62, 0]</waypoints>
                <waypoints>[62, 60, 62, 60]</waypoints>
                <waypoints>[22, 60, 22, 60]</waypoints>
              </contained>
              <contained xsi:type="di:GraphEdge" xmi:id="_87cN8IsOEeO6vI6VTIg-DA" anchor="_ylGFMYsOEeO6vI6VTIg-DA _7Co5QIsOEeO6vI6VTIg-DA">
                <semanticModel xsi:type="di:EMFSemanticModelBridge" xmi:id="_87cN8YsOEeO6vI6VTIg-DA" presentation="default">
                  <element href="airbag1.sysml#_87cN9IsOEeO6vI6VTIg-DA"/>
                </semanticModel>
                <contained xsi:type="di:EdgeObjectOffset" xmi:id="_87cN8osOEeO6vI6VTIg-DA" id="nameEdgeObject" offset="19,17"/>
                <contained xsi:type="di:EdgeObjectOffset" xmi:id="_87cN84sOEeO6vI6VTIg-DA" visible="false" id="TransitionStereotypeEdgeObject"/>
                <waypoints>[-64, 0, -64, 0]</waypoints>
                <waypoints>[-64, 61, -64, 61]</waypoints>
                <waypoints>[-20, 61, -20, 61]</waypoints>
              </contained>
            </contained>
          </contained>
          <contained xsi:type="di:GraphEdge" xmi:id="_fcGbEYsOEeO6vI6VTIg-DA" anchor="_zrb3oYsNEeO6vI6VTIg-DA _fcGbEIsOEeO6vI6VTIg-DA">
            <semanticModel xsi:type="di:EMFSemanticModelBridge" xmi:id="_fcGbEosOEeO6vI6VTIg-DA" presentation="default">
              <element href="airbag1.sysml#_fcGbFYsOEeO6vI6VTIg-DA"/>
            </semanticModel>
            <contained xsi:type="di:EdgeObjectOffset" xmi:id="_fcGbE4sOEeO6vI6VTIg-DA" id="nameEdgeObject" offset="1,-15"/>
            <contained xsi:type="di:EdgeObjectOffset" xmi:id="_fcGbFIsOEeO6vI6VTIg-DA" visible="false" id="TransitionStereotypeEdgeObject"/>
            <waypoints>[106, -9, -182, -77]</waypoints>
          </contained>
          <contained xsi:type="di:GraphEdge" xmi:id="_lOZJ0IsOEeO6vI6VTIg-DA" anchor="_fcGbEIsOEeO6vI6VTIg-DA _zrb3oYsNEeO6vI6VTIg-DA">
            <semanticModel xsi:type="di:EMFSemanticModelBridge" xmi:id="_lOZJ0YsOEeO6vI6VTIg-DA" presentation="default">
              <element href="airbag1.sysml#_lOZJ1IsOEeO6vI6VTIg-DA"/>
            </semanticModel>
            <contained xsi:type="di:EdgeObjectOffset" xmi:id="_lOZJ0osOEeO6vI6VTIg-DA" id="nameEdgeObject" offset="-45,-3"/>
            <contained xsi:type="di:EdgeObjectOffset" xmi:id="_lOZJ04sOEeO6vI6VTIg-DA" visible="false" id="TransitionStereotypeEdgeObject"/>
            <waypoints>[-188, 0, 100, 68]</waypoints>
          </contained>
          <contained xsi:type="di:GraphEdge" xmi:id="_w3v1wYsSEeO6vI6VTIg-DA" anchor="_zrb3oYsNEeO6vI6VTIg-DA _w3v1wIsSEeO6vI6VTIg-DA">
            <semanticModel xsi:type="di:EMFSemanticModelBridge" xmi:id="_w3v1wosSEeO6vI6VTIg-DA" presentation="default">
              <element href="airbag1.sysml#_w3v1xYsSEeO6vI6VTIg-DA"/>
            </semanticModel>
            <contained xsi:type="di:EdgeObjectOffset" xmi:id="_w3v1w4sSEeO6vI6VTIg-DA" id="nameEdgeObject" offset="-34,-5"/>
            <contained xsi:type="di:EdgeObjectOffset" xmi:id="_w3v1xIsSEeO6vI6VTIg-DA" visible="false" id="TransitionStereotypeEdgeObject"/>
            <waypoints>[8, 61, 8, 61]</waypoints>
            <waypoints>[-8, 61, -8, 61]</waypoints>
          </contained>
        </contained>
      </diagrams>