<?xml version="1.0" encoding="UTF-8"?><ownedBehavior xmlns:xmi="http://www.omg.org/XMI" xmlns:Allocations="http://www.eclipse.org/papyrus/0.7.0/SysML/Allocations" xmlns:ecore="http://www.eclipse.org/emf/2002/Ecore" xmlns:refMapProfile="http:///schemas/refMapProfile/_Wn_IAGZAEeKTUctFx_SZgg/7" xmlns:sysML="http://www.topcased.org/2.0/sysML" xmlns:uml="http://www.eclipse.org/uml2/3.0.0/UML" xmlns:xsi="http://www.w3.org/2001/XMLSchema-instance" name="stm_No_deploy_without_detection_after_each_reset" xmi:id="_jnRQcIsNEeO6vI6VTIg-DA" xmi:type="uml:StateMachine">
          <region name="Region" xmi:id="_jnRQcYsNEeO6vI6VTIg-DA" xmi:type="uml:Region">
            <subvertex name="Init" xmi:id="_siZ_cIsNEeO6vI6VTIg-DA" xmi:type="uml:Pseudostate"/>
            <subvertex name="AfterReset" xmi:id="_u8YukosNEeO6vI6VTIg-DA" xmi:type="uml:State"/>
            <subvertex name="AfterCollisionDetected" xmi:id="_V_yRpIsOEeO6vI6VTIg-DA" xmi:type="uml:State">
              <region name="Region1" xmi:id="_V_yRpYsOEeO6vI6VTIg-DA" xmi:type="uml:Region">
                <subvertex name="Init1" xmi:id="_si4rI4sOEeO6vI6VTIg-DA" xmi:type="uml:Pseudostate"/>
                <subvertex name="State1" xmi:id="_waJQkosOEeO6vI6VTIg-DA" xmi:type="uml:State"/>
                <transition kind="local" name="" source="_si4rI4sOEeO6vI6VTIg-DA" target="_waJQkosOEeO6vI6VTIg-DA" xmi:id="_ylGFNosOEeO6vI6VTIg-DA" xmi:type="uml:Transition"/>
                <transition kind="local" name="cc_detected" source="_waJQkosOEeO6vI6VTIg-DA" target="_waJQkosOEeO6vI6VTIg-DA" xmi:id="_7Co5RYsOEeO6vI6VTIg-DA" xmi:type="uml:Transition"/>
                <transition kind="local" name="deploy" source="_waJQkosOEeO6vI6VTIg-DA" target="_waJQkosOEeO6vI6VTIg-DA" xmi:id="_87cN9IsOEeO6vI6VTIg-DA" xmi:type="uml:Transition"/>
              </region>
            </subvertex>
            <transition kind="local" name="" source="_siZ_cIsNEeO6vI6VTIg-DA" target="_u8YukosNEeO6vI6VTIg-DA" xmi:id="_zrlopIsNEeO6vI6VTIg-DA" xmi:type="uml:Transition"/>
            <transition kind="local" name="cc_detected" source="_u8YukosNEeO6vI6VTIg-DA" target="_V_yRpIsOEeO6vI6VTIg-DA" xmi:id="_fcGbFYsOEeO6vI6VTIg-DA" xmi:type="uml:Transition"/>
            <transition kind="local" name="reset" source="_V_yRpIsOEeO6vI6VTIg-DA" target="_u8YukosNEeO6vI6VTIg-DA" xmi:id="_lOZJ1IsOEeO6vI6VTIg-DA" xmi:type="uml:Transition"/>
            <transition kind="local" name="reset" source="_u8YukosNEeO6vI6VTIg-DA" target="_u8YukosNEeO6vI6VTIg-DA" xmi:id="_w3v1xYsSEeO6vI6VTIg-DA" xmi:type="uml:Transition"/>
          </region>
        </ownedBehavior>