<?xml version="1.0" encoding="UTF-8"?><diagrams xmlns:xmi="http://www.omg.org/XMI" xmlns:xsi="http://www.w3.org/2001/XMLSchema-instance" xmlns:di="http://www.topcased.org/DI/1.0" xmlns:diagrams="http://www.topcased.org/Diagrams/1.0" xmi:id="_e3nREaIoEeSlHLP-P69lcw" position="0,0" size="100,100" name="TSR18" viewport="0,0">
      <property xmi:id="_e5SsEqIoEeSlHLP-P69lcw" key="pageFormatName" value="A4"/>
      <property xmi:id="_e5SsE6IoEeSlHLP-P69lcw" key="diagramWidth" value="840"/>
      <property xmi:id="_e5SsFKIoEeSlHLP-P69lcw" key="diagramHeight" value="1188"/>
      <property xmi:id="_e5SsFaIoEeSlHLP-P69lcw" key="pageMarginName" value="Small Margin"/>
      <property xmi:id="_e5SsFqIoEeSlHLP-P69lcw" key="diagramTopMargin" value="20"/>
      <property xmi:id="_e5SsF6IoEeSlHLP-P69lcw" key="diagramBottomMargin" value="20"/>
      <property xmi:id="_e5SsGKIoEeSlHLP-P69lcw" key="diagramLeftMargin" value="20"/>
      <property xmi:id="_e5SsGaIoEeSlHLP-P69lcw" key="diagramRightMargin" value="20"/>
      <property xmi:id="_e5SsGqIoEeSlHLP-P69lcw" key="orientation" value="portrait"/>
      <semanticModel xsi:type="di:EMFSemanticModelBridge" xmi:id="_e3nREqIoEeSlHLP-P69lcw" presentation="org.topcased.modeler.sysml.statemachinediagram">
        <element href="crf_eshift.sysml#_e3mqAKIoEeSlHLP-P69lcw"/>
      </semanticModel>
      <contained xsi:type="di:GraphNode" xmi:id="_e5SsEKIoEeSlHLP-P69lcw" size="-1,-1">
        <semanticModel xsi:type="di:EMFSemanticModelBridge" xmi:id="_e5SsEaIoEeSlHLP-P69lcw" presentation="default">
          <element href="crf_eshift.sysml#_e3mqAaIoEeSlHLP-P69lcw"/>
        </semanticModel>
        <contained xsi:type="di:GraphNode" xmi:id="_gtgbsKIoEeSlHLP-P69lcw" position="13,40" size="-1,-1">
          <property xmi:id="_gtiQ4KIoEeSlHLP-P69lcw" key="name" value="visible"/>
          <anchorage xmi:id="_o5wrcKIoEeSlHLP-P69lcw" graphEdge="_o5x5kKIoEeSlHLP-P69lcw"/>
          <semanticModel xsi:type="di:EMFSemanticModelBridge" xmi:id="_gtgbsaIoEeSlHLP-P69lcw" presentation="default">
            <element href="crf_eshift.sysml#_gtktIKIoEeSlHLP-P69lcw"/>
          </semanticModel>
        </contained>
        <contained xsi:type="di:GraphNode" xmi:id="_jj1IkKIoEeSlHLP-P69lcw" position="73,35" size="61,50">
          <anchorage xmi:id="_o5wrcaIoEeSlHLP-P69lcw" graphEdge="_o5x5kKIoEeSlHLP-P69lcw _u1H2oKIoEeSlHLP-P69lcw"/>
          <semanticModel xsi:type="di:EMFSemanticModelBridge" xmi:id="_jj1IkaIoEeSlHLP-P69lcw" presentation="default">
            <element href="crf_eshift.sysml#_jj8dUKIoEeSlHLP-P69lcw"/>
          </semanticModel>
        </contained>
        <contained xsi:type="di:GraphEdge" xmi:id="_o5x5kKIoEeSlHLP-P69lcw" anchor="_o5wrcKIoEeSlHLP-P69lcw _o5wrcaIoEeSlHLP-P69lcw">
          <semanticModel xsi:type="di:EMFSemanticModelBridge" xmi:id="_o5x5kaIoEeSlHLP-P69lcw" presentation="default">
            <element href="crf_eshift.sysml#_o5ygoKIoEeSlHLP-P69lcw"/>
          </semanticModel>
          <contained xsi:type="di:EdgeObjectOffset" xmi:id="_o5x5kqIoEeSlHLP-P69lcw" id="nameEdgeObject"/>
          <contained xsi:type="di:EdgeObjectOffset" xmi:id="_o5x5k6IoEeSlHLP-P69lcw" visible="false" id="TransitionStereotypeEdgeObject"/>
        </contained>
        <contained xsi:type="di:GraphNode" xmi:id="_r-eZoKIoEeSlHLP-P69lcw" position="335,20" size="83,151">
          <anchorage xmi:id="_u1GogKIoEeSlHLP-P69lcw" graphEdge="_u1H2oKIoEeSlHLP-P69lcw _m2KmkKIpEeSlHLP-P69lcw _wLy5MKIpEeSlHLP-P69lcw _568fEKIpEeSlHLP-P69lcw _57eOEKIqEeSlHLP-P69lcw _9jLUkKIqEeSlHLP-P69lcw _jqrQEKIrEeSlHLP-P69lcw _sKk0kKIrEeSlHLP-P69lcw _xRaykKIrEeSlHLP-P69lcw"/>
          <semanticModel xsi:type="di:EMFSemanticModelBridge" xmi:id="_r-eZoaIoEeSlHLP-P69lcw" presentation="default">
            <element href="crf_eshift.sysml#_r-luYKIoEeSlHLP-P69lcw"/>
          </semanticModel>
        </contained>
        <contained xsi:type="di:GraphEdge" xmi:id="_u1H2oKIoEeSlHLP-P69lcw" anchor="_o5wrcaIoEeSlHLP-P69lcw _u1GogKIoEeSlHLP-P69lcw">
          <semanticModel xsi:type="di:EMFSemanticModelBridge" xmi:id="_u1H2oaIoEeSlHLP-P69lcw" presentation="default">
            <element href="crf_eshift.sysml#_u1H2pKIoEeSlHLP-P69lcw"/>
          </semanticModel>
          <contained xsi:type="di:EdgeObjectOffset" xmi:id="_u1H2oqIoEeSlHLP-P69lcw" id="nameEdgeObject" offset="0,-15"/>
          <contained xsi:type="di:EdgeObjectOffset" xmi:id="_u1H2o6IoEeSlHLP-P69lcw" visible="false" id="TransitionStereotypeEdgeObject"/>
          <waypoints>[92, -5, -78, -22]</waypoints>
        </contained>
        <contained xsi:type="di:GraphNode" xmi:id="_CZiRcKIpEeSlHLP-P69lcw" position="212,158" size="85,50">
          <anchorage xmi:id="_567Q8KIpEeSlHLP-P69lcw" graphEdge="_568fEKIpEeSlHLP-P69lcw __dQREKIpEeSlHLP-P69lcw _QgtyEKIqEeSlHLP-P69lcw _VDjEEKIqEeSlHLP-P69lcw"/>
          <semanticModel xsi:type="di:EMFSemanticModelBridge" xmi:id="_CZiRcaIpEeSlHLP-P69lcw" presentation="default">
            <element href="crf_eshift.sysml#_CZspgKIpEeSlHLP-P69lcw"/>
          </semanticModel>
        </contained>
        <contained xsi:type="di:GraphNode" xmi:id="_MdEy8KIpEeSlHLP-P69lcw" position="444,158" size="99,50">
          <anchorage xmi:id="_jqqB8KIrEeSlHLP-P69lcw" graphEdge="_jqrQEKIrEeSlHLP-P69lcw _3ggyEKIrEeSlHLP-P69lcw _AZvckKIsEeSlHLP-P69lcw _HUoyIKIsEeSlHLP-P69lcw"/>
          <semanticModel xsi:type="di:EMFSemanticModelBridge" xmi:id="_MdEy8aIpEeSlHLP-P69lcw" presentation="default">
            <element href="crf_eshift.sysml#_MdNV0KIpEeSlHLP-P69lcw"/>
          </semanticModel>
        </contained>
        <contained xsi:type="di:GraphNode" xmi:id="_So408KIpEeSlHLP-P69lcw" position="311,241" size="123,50">
          <anchorage xmi:id="__dPqAKIpEeSlHLP-P69lcw" graphEdge="__dQREKIpEeSlHLP-P69lcw _57eOEKIqEeSlHLP-P69lcw _3ggyEKIrEeSlHLP-P69lcw"/>
          <semanticModel xsi:type="di:EMFSemanticModelBridge" xmi:id="_So408aIpEeSlHLP-P69lcw" presentation="default">
            <element href="crf_eshift.sysml#_SpD0EKIpEeSlHLP-P69lcw"/>
          </semanticModel>
        </contained>
        <contained xsi:type="di:GraphNode" xmi:id="_XiTa8KIpEeSlHLP-P69lcw" position="96,156" size="100,50">
          <anchorage xmi:id="_m2JYcKIpEeSlHLP-P69lcw" graphEdge="_m2KmkKIpEeSlHLP-P69lcw _wLy5MKIpEeSlHLP-P69lcw _etFKIKIqEeSlHLP-P69lcw _lOK4kKIqEeSlHLP-P69lcw _pZzykKIqEeSlHLP-P69lcw"/>
          <semanticModel xsi:type="di:EMFSemanticModelBridge" xmi:id="_XiTa8aIpEeSlHLP-P69lcw" presentation="default">
            <element href="crf_eshift.sysml#_Xib90KIpEeSlHLP-P69lcw"/>
          </semanticModel>
        </contained>
        <contained xsi:type="di:GraphNode" xmi:id="_aK1jcKIpEeSlHLP-P69lcw" position="571,158" size="97,50">
          <anchorage xmi:id="_sKjmcKIrEeSlHLP-P69lcw" graphEdge="_sKk0kKIrEeSlHLP-P69lcw _xRaykKIrEeSlHLP-P69lcw _OCslkKIsEeSlHLP-P69lcw _CyyiIKItEeSlHLP-P69lcw _GfXhkKItEeSlHLP-P69lcw"/>
          <semanticModel xsi:type="di:EMFSemanticModelBridge" xmi:id="_aK1jcaIpEeSlHLP-P69lcw" presentation="default">
            <element href="crf_eshift.sysml#_aK84MKIpEeSlHLP-P69lcw"/>
          </semanticModel>
        </contained>
        <contained xsi:type="di:GraphNode" xmi:id="_eLMagKIpEeSlHLP-P69lcw" position="94,344" size="587,50">
          <anchorage xmi:id="_Qgsj8KIqEeSlHLP-P69lcw" graphEdge="_QgtyEKIqEeSlHLP-P69lcw _VDjEEKIqEeSlHLP-P69lcw _etFKIKIqEeSlHLP-P69lcw _lOK4kKIqEeSlHLP-P69lcw _pZzykKIqEeSlHLP-P69lcw _9jLUkKIqEeSlHLP-P69lcw _AZvckKIsEeSlHLP-P69lcw _HUoyIKIsEeSlHLP-P69lcw _OCslkKIsEeSlHLP-P69lcw _CyyiIKItEeSlHLP-P69lcw _GfXhkKItEeSlHLP-P69lcw _Qnj5kKItEeSlHLP-P69lcw"/>
          <anchorage xmi:id="_QnircKItEeSlHLP-P69lcw" graphEdge="_Qnj5kKItEeSlHLP-P69lcw"/>
          <semanticModel xsi:type="di:EMFSemanticModelBridge" xmi:id="_eLMagaIpEeSlHLP-P69lcw" presentation="default">
            <element href="crf_eshift.sysml#_eLTvQKIpEeSlHLP-P69lcw"/>
          </semanticModel>
        </contained>
        <contained xsi:type="di:GraphEdge" xmi:id="_m2KmkKIpEeSlHLP-P69lcw" anchor="_u1GogKIoEeSlHLP-P69lcw _m2JYcKIpEeSlHLP-P69lcw">
          <semanticModel xsi:type="di:EMFSemanticModelBridge" xmi:id="_m2KmkaIpEeSlHLP-P69lcw" presentation="default">
            <element href="crf_eshift.sysml#_m2LNoKIpEeSlHLP-P69lcw"/>
          </semanticModel>
          <contained xsi:type="di:EdgeObjectOffset" xmi:id="_m2KmkqIpEeSlHLP-P69lcw" id="nameEdgeObject" offset="155,-10"/>
          <contained xsi:type="di:EdgeObjectOffset" xmi:id="_m2Kmk6IpEeSlHLP-P69lcw" visible="false" id="TransitionStereotypeEdgeObject"/>
          <waypoints>[-245, -3, -20, -89]</waypoints>
        </contained>
        <contained xsi:type="di:GraphEdge" xmi:id="_wLy5MKIpEeSlHLP-P69lcw" anchor="_u1GogKIoEeSlHLP-P69lcw _m2JYcKIpEeSlHLP-P69lcw">
          <semanticModel xsi:type="di:EMFSemanticModelBridge" xmi:id="_wLy5MaIpEeSlHLP-P69lcw" presentation="default">
            <element href="crf_eshift.sysml#_wLy5NKIpEeSlHLP-P69lcw"/>
          </semanticModel>
          <contained xsi:type="di:EdgeObjectOffset" xmi:id="_wLy5MqIpEeSlHLP-P69lcw" id="nameEdgeObject" offset="136,-11"/>
          <contained xsi:type="di:EdgeObjectOffset" xmi:id="_wLy5M6IpEeSlHLP-P69lcw" visible="false" id="TransitionStereotypeEdgeObject"/>
          <waypoints>[-226, 21, 4, -65]</waypoints>
        </contained>
        <contained xsi:type="di:GraphEdge" xmi:id="_568fEKIpEeSlHLP-P69lcw" anchor="_u1GogKIoEeSlHLP-P69lcw _567Q8KIpEeSlHLP-P69lcw">
          <semanticModel xsi:type="di:EMFSemanticModelBridge" xmi:id="_568fEaIpEeSlHLP-P69lcw" presentation="default">
            <element href="crf_eshift.sysml#_568fFKIpEeSlHLP-P69lcw"/>
          </semanticModel>
          <contained xsi:type="di:EdgeObjectOffset" xmi:id="_568fEqIpEeSlHLP-P69lcw" id="nameEdgeObject" offset="23,-14"/>
          <contained xsi:type="di:EdgeObjectOffset" xmi:id="_568fE6IpEeSlHLP-P69lcw" visible="false" id="TransitionStereotypeEdgeObject"/>
          <waypoints>[-102, 48, 11, -40]</waypoints>
        </contained>
        <contained xsi:type="di:GraphEdge" xmi:id="__dQREKIpEeSlHLP-P69lcw" anchor="_567Q8KIpEeSlHLP-P69lcw __dPqAKIpEeSlHLP-P69lcw">
          <semanticModel xsi:type="di:EMFSemanticModelBridge" xmi:id="__dQREaIpEeSlHLP-P69lcw" presentation="default">
            <element href="crf_eshift.sysml#__dQ4IKIpEeSlHLP-P69lcw"/>
          </semanticModel>
          <contained xsi:type="di:EdgeObjectOffset" xmi:id="__dQREqIpEeSlHLP-P69lcw" id="nameEdgeObject" offset="38,-22"/>
          <contained xsi:type="di:EdgeObjectOffset" xmi:id="__dQRE6IpEeSlHLP-P69lcw" visible="false" id="TransitionStereotypeEdgeObject"/>
          <waypoints>[20, 66, -82, -17]</waypoints>
        </contained>
        <contained xsi:type="di:GraphEdge" xmi:id="_QgtyEKIqEeSlHLP-P69lcw" anchor="_567Q8KIpEeSlHLP-P69lcw _Qgsj8KIqEeSlHLP-P69lcw">
          <semanticModel xsi:type="di:EMFSemanticModelBridge" xmi:id="_QgtyEaIqEeSlHLP-P69lcw" presentation="default">
            <element href="crf_eshift.sysml#_QguZIKIqEeSlHLP-P69lcw"/>
          </semanticModel>
          <contained xsi:type="di:EdgeObjectOffset" xmi:id="_QgtyEqIqEeSlHLP-P69lcw" id="nameEdgeObject" offset="48,37"/>
          <contained xsi:type="di:EdgeObjectOffset" xmi:id="_QgtyE6IqEeSlHLP-P69lcw" visible="false" id="TransitionStereotypeEdgeObject"/>
          <waypoints>[9, 145, -114, -41]</waypoints>
        </contained>
        <contained xsi:type="di:GraphEdge" xmi:id="_VDjEEKIqEeSlHLP-P69lcw" anchor="_567Q8KIpEeSlHLP-P69lcw _Qgsj8KIqEeSlHLP-P69lcw">
          <semanticModel xsi:type="di:EMFSemanticModelBridge" xmi:id="_VDjEEaIqEeSlHLP-P69lcw" presentation="default">
            <element href="crf_eshift.sysml#_VDjrIKIqEeSlHLP-P69lcw"/>
          </semanticModel>
          <contained xsi:type="di:EdgeObjectOffset" xmi:id="_VDjEEqIqEeSlHLP-P69lcw" id="nameEdgeObject" offset="14,8"/>
          <contained xsi:type="di:EdgeObjectOffset" xmi:id="_VDjEE6IqEeSlHLP-P69lcw" visible="false" id="TransitionStereotypeEdgeObject"/>
          <waypoints>[-19, 140, -142, -46]</waypoints>
        </contained>
        <contained xsi:type="di:GraphEdge" xmi:id="_etFKIKIqEeSlHLP-P69lcw" anchor="_m2JYcKIpEeSlHLP-P69lcw _Qgsj8KIqEeSlHLP-P69lcw">
          <semanticModel xsi:type="di:EMFSemanticModelBridge" xmi:id="_etFKIaIqEeSlHLP-P69lcw" presentation="default">
            <element href="crf_eshift.sysml#_etFKJKIqEeSlHLP-P69lcw"/>
          </semanticModel>
          <contained xsi:type="di:EdgeObjectOffset" xmi:id="_etFKIqIqEeSlHLP-P69lcw" id="nameEdgeObject" offset="15,-40"/>
          <contained xsi:type="di:EdgeObjectOffset" xmi:id="_etFKI6IqEeSlHLP-P69lcw" visible="false" id="TransitionStereotypeEdgeObject"/>
          <waypoints>[23, 100, -208, -88]</waypoints>
        </contained>
        <contained xsi:type="di:GraphEdge" xmi:id="_lOK4kKIqEeSlHLP-P69lcw" anchor="_m2JYcKIpEeSlHLP-P69lcw _Qgsj8KIqEeSlHLP-P69lcw">
          <semanticModel xsi:type="di:EMFSemanticModelBridge" xmi:id="_lOK4kaIqEeSlHLP-P69lcw" presentation="default">
            <element href="crf_eshift.sysml#_lOLfoKIqEeSlHLP-P69lcw"/>
          </semanticModel>
          <contained xsi:type="di:EdgeObjectOffset" xmi:id="_lOK4kqIqEeSlHLP-P69lcw" id="nameEdgeObject" offset="19,-11"/>
          <contained xsi:type="di:EdgeObjectOffset" xmi:id="_lOK4k6IqEeSlHLP-P69lcw" visible="false" id="TransitionStereotypeEdgeObject"/>
          <waypoints>[-4, 98, -235, -90]</waypoints>
        </contained>
        <contained xsi:type="di:GraphEdge" xmi:id="_pZzykKIqEeSlHLP-P69lcw" anchor="_m2JYcKIpEeSlHLP-P69lcw _Qgsj8KIqEeSlHLP-P69lcw">
          <semanticModel xsi:type="di:EMFSemanticModelBridge" xmi:id="_pZ0ZoKIqEeSlHLP-P69lcw" presentation="default">
            <element href="crf_eshift.sysml#_pZ0Zo6IqEeSlHLP-P69lcw"/>
          </semanticModel>
          <contained xsi:type="di:EdgeObjectOffset" xmi:id="_pZ0ZoaIqEeSlHLP-P69lcw" id="nameEdgeObject" offset="6,18"/>
          <contained xsi:type="di:EdgeObjectOffset" xmi:id="_pZ0ZoqIqEeSlHLP-P69lcw" visible="false" id="TransitionStereotypeEdgeObject"/>
          <waypoints>[-37, 106, -268, -82]</waypoints>
        </contained>
        <contained xsi:type="di:GraphEdge" xmi:id="_57eOEKIqEeSlHLP-P69lcw" anchor="__dPqAKIpEeSlHLP-P69lcw _u1GogKIoEeSlHLP-P69lcw">
          <semanticModel xsi:type="di:EMFSemanticModelBridge" xmi:id="_57eOEaIqEeSlHLP-P69lcw" presentation="default">
            <element href="crf_eshift.sysml#_57eOFKIqEeSlHLP-P69lcw"/>
          </semanticModel>
          <contained xsi:type="di:EdgeObjectOffset" xmi:id="_57eOEqIqEeSlHLP-P69lcw" id="nameEdgeObject"/>
          <contained xsi:type="di:EdgeObjectOffset" xmi:id="_57eOE6IqEeSlHLP-P69lcw" visible="false" id="TransitionStereotypeEdgeObject"/>
        </contained>
        <contained xsi:type="di:GraphEdge" xmi:id="_9jLUkKIqEeSlHLP-P69lcw" anchor="_Qgsj8KIqEeSlHLP-P69lcw _u1GogKIoEeSlHLP-P69lcw">
          <semanticModel xsi:type="di:EMFSemanticModelBridge" xmi:id="_9jLUkaIqEeSlHLP-P69lcw" presentation="default">
            <element href="crf_eshift.sysml#_9jLUlKIqEeSlHLP-P69lcw"/>
          </semanticModel>
          <contained xsi:type="di:EdgeObjectOffset" xmi:id="_9jLUkqIqEeSlHLP-P69lcw" id="nameEdgeObject" offset="-29,-173"/>
          <contained xsi:type="di:EdgeObjectOffset" xmi:id="_9jLUk6IqEeSlHLP-P69lcw" visible="false" id="TransitionStereotypeEdgeObject"/>
          <waypoints>[333, 0, 334, 274]</waypoints>
          <waypoints>[333, -313, 334, -39]</waypoints>
        </contained>
        <contained xsi:type="di:GraphEdge" xmi:id="_jqrQEKIrEeSlHLP-P69lcw" anchor="_u1GogKIoEeSlHLP-P69lcw _jqqB8KIrEeSlHLP-P69lcw">
          <semanticModel xsi:type="di:EMFSemanticModelBridge" xmi:id="_jqrQEaIrEeSlHLP-P69lcw" presentation="default">
            <element href="crf_eshift.sysml#_jqr3IKIrEeSlHLP-P69lcw"/>
          </semanticModel>
          <contained xsi:type="di:EdgeObjectOffset" xmi:id="_jqrQEqIrEeSlHLP-P69lcw" id="nameEdgeObject" offset="-8,-10"/>
          <contained xsi:type="di:EdgeObjectOffset" xmi:id="_jqrQE6IrEeSlHLP-P69lcw" visible="false" id="TransitionStereotypeEdgeObject"/>
          <waypoints>[90, 49, -27, -39]</waypoints>
        </contained>
        <contained xsi:type="di:GraphEdge" xmi:id="_sKk0kKIrEeSlHLP-P69lcw" anchor="_u1GogKIoEeSlHLP-P69lcw _sKjmcKIrEeSlHLP-P69lcw">
          <semanticModel xsi:type="di:EMFSemanticModelBridge" xmi:id="_sKk0kaIrEeSlHLP-P69lcw" presentation="default">
            <element href="crf_eshift.sysml#_sKlboKIrEeSlHLP-P69lcw"/>
          </semanticModel>
          <contained xsi:type="di:EdgeObjectOffset" xmi:id="_sKk0kqIrEeSlHLP-P69lcw" id="nameEdgeObject" offset="-152,-11"/>
          <contained xsi:type="di:EdgeObjectOffset" xmi:id="_sKk0k6IrEeSlHLP-P69lcw" visible="false" id="TransitionStereotypeEdgeObject"/>
          <waypoints>[243, 24, 0, -64]</waypoints>
        </contained>
        <contained xsi:type="di:GraphEdge" xmi:id="_xRaykKIrEeSlHLP-P69lcw" anchor="_u1GogKIoEeSlHLP-P69lcw _sKjmcKIrEeSlHLP-P69lcw">
          <semanticModel xsi:type="di:EMFSemanticModelBridge" xmi:id="_xRaykaIrEeSlHLP-P69lcw" presentation="default">
            <element href="crf_eshift.sysml#_xRaylKIrEeSlHLP-P69lcw"/>
          </semanticModel>
          <contained xsi:type="di:EdgeObjectOffset" xmi:id="_xRaykqIrEeSlHLP-P69lcw" id="nameEdgeObject" offset="-169,-11"/>
          <contained xsi:type="di:EdgeObjectOffset" xmi:id="_xRayk6IrEeSlHLP-P69lcw" visible="false" id="TransitionStereotypeEdgeObject"/>
          <waypoints>[260, -3, 17, -91]</waypoints>
        </contained>
        <contained xsi:type="di:GraphEdge" xmi:id="_3ggyEKIrEeSlHLP-P69lcw" anchor="_jqqB8KIrEeSlHLP-P69lcw __dPqAKIpEeSlHLP-P69lcw">
          <semanticModel xsi:type="di:EMFSemanticModelBridge" xmi:id="_3ggyEaIrEeSlHLP-P69lcw" presentation="default">
            <element href="crf_eshift.sysml#_3ghZIKIrEeSlHLP-P69lcw"/>
          </semanticModel>
          <contained xsi:type="di:EdgeObjectOffset" xmi:id="_3ggyEqIrEeSlHLP-P69lcw" id="nameEdgeObject" offset="-25,-25"/>
          <contained xsi:type="di:EdgeObjectOffset" xmi:id="_3ggyE6IrEeSlHLP-P69lcw" visible="false" id="TransitionStereotypeEdgeObject"/>
          <waypoints>[-33, 70, 95, -13]</waypoints>
        </contained>
        <contained xsi:type="di:GraphEdge" xmi:id="_AZvckKIsEeSlHLP-P69lcw" anchor="_jqqB8KIrEeSlHLP-P69lcw _Qgsj8KIqEeSlHLP-P69lcw">
          <semanticModel xsi:type="di:EMFSemanticModelBridge" xmi:id="_AZvckaIsEeSlHLP-P69lcw" presentation="default">
            <element href="crf_eshift.sysml#_AZwDoKIsEeSlHLP-P69lcw"/>
          </semanticModel>
          <contained xsi:type="di:EdgeObjectOffset" xmi:id="_AZvckqIsEeSlHLP-P69lcw" id="nameEdgeObject" offset="6,-3"/>
          <contained xsi:type="di:EdgeObjectOffset" xmi:id="_AZvck6IsEeSlHLP-P69lcw" visible="false" id="TransitionStereotypeEdgeObject"/>
          <waypoints>[-10, 117, 106, -69]</waypoints>
        </contained>
        <contained xsi:type="di:GraphEdge" xmi:id="_HUoyIKIsEeSlHLP-P69lcw" anchor="_jqqB8KIrEeSlHLP-P69lcw _Qgsj8KIqEeSlHLP-P69lcw">
          <semanticModel xsi:type="di:EMFSemanticModelBridge" xmi:id="_HUoyIaIsEeSlHLP-P69lcw" presentation="default">
            <element href="crf_eshift.sysml#_HUoyJKIsEeSlHLP-P69lcw"/>
          </semanticModel>
          <contained xsi:type="di:EdgeObjectOffset" xmi:id="_HUoyIqIsEeSlHLP-P69lcw" id="nameEdgeObject" offset="16,22"/>
          <contained xsi:type="di:EdgeObjectOffset" xmi:id="_HUoyI6IsEeSlHLP-P69lcw" visible="false" id="TransitionStereotypeEdgeObject"/>
          <waypoints>[20, 54, 136, -132]</waypoints>
        </contained>
        <contained xsi:type="di:GraphEdge" xmi:id="_OCslkKIsEeSlHLP-P69lcw" anchor="_sKjmcKIrEeSlHLP-P69lcw _Qgsj8KIqEeSlHLP-P69lcw">
          <semanticModel xsi:type="di:EMFSemanticModelBridge" xmi:id="_OCslkaIsEeSlHLP-P69lcw" presentation="default">
            <element href="crf_eshift.sysml#_OCsllKIsEeSlHLP-P69lcw"/>
          </semanticModel>
          <contained xsi:type="di:EdgeObjectOffset" xmi:id="_OCslkqIsEeSlHLP-P69lcw" id="nameEdgeObject" offset="0,-35"/>
          <contained xsi:type="di:EdgeObjectOffset" xmi:id="_OCslk6IsEeSlHLP-P69lcw" visible="false" id="TransitionStereotypeEdgeObject"/>
          <waypoints>[-40, 65, 192, -121]</waypoints>
        </contained>
        <contained xsi:type="di:GraphEdge" xmi:id="_CyyiIKItEeSlHLP-P69lcw" anchor="_sKjmcKIrEeSlHLP-P69lcw _Qgsj8KIqEeSlHLP-P69lcw">
          <semanticModel xsi:type="di:EMFSemanticModelBridge" xmi:id="_CyyiIaItEeSlHLP-P69lcw" presentation="default">
            <element href="crf_eshift.sysml#_CyyiJKItEeSlHLP-P69lcw"/>
          </semanticModel>
          <contained xsi:type="di:EdgeObjectOffset" xmi:id="_CyyiIqItEeSlHLP-P69lcw" id="nameEdgeObject" offset="23,-10"/>
          <contained xsi:type="di:EdgeObjectOffset" xmi:id="_CyyiI6ItEeSlHLP-P69lcw" visible="false" id="TransitionStereotypeEdgeObject"/>
          <waypoints>[-7, 119, 225, -67]</waypoints>
        </contained>
        <contained xsi:type="di:GraphEdge" xmi:id="_GfXhkKItEeSlHLP-P69lcw" anchor="_sKjmcKIrEeSlHLP-P69lcw _Qgsj8KIqEeSlHLP-P69lcw">
          <semanticModel xsi:type="di:EMFSemanticModelBridge" xmi:id="_GfXhkaItEeSlHLP-P69lcw" presentation="default">
            <element href="crf_eshift.sysml#_GfYIoKItEeSlHLP-P69lcw"/>
          </semanticModel>
          <contained xsi:type="di:EdgeObjectOffset" xmi:id="_GfXhkqItEeSlHLP-P69lcw" id="nameEdgeObject" offset="21,20"/>
          <contained xsi:type="di:EdgeObjectOffset" xmi:id="_GfXhk6ItEeSlHLP-P69lcw" visible="false" id="TransitionStereotypeEdgeObject"/>
          <waypoints>[22, 99, 254, -87]</waypoints>
        </contained>
        <contained xsi:type="di:GraphEdge" xmi:id="_Qnj5kKItEeSlHLP-P69lcw" anchor="_Qgsj8KIqEeSlHLP-P69lcw _QnircKItEeSlHLP-P69lcw">
          <semanticModel xsi:type="di:EMFSemanticModelBridge" xmi:id="_Qnj5kaItEeSlHLP-P69lcw" presentation="default">
            <element href="crf_eshift.sysml#_QnkgoKItEeSlHLP-P69lcw"/>
          </semanticModel>
          <contained xsi:type="di:EdgeObjectOffset" xmi:id="_Qnj5kqItEeSlHLP-P69lcw" id="nameEdgeObject" offset="22,-18"/>
          <contained xsi:type="di:EdgeObjectOffset" xmi:id="_Qnj5k6ItEeSlHLP-P69lcw" visible="false" id="TransitionStereotypeEdgeObject"/>
          <waypoints>[312, 12, 312, 12]</waypoints>
          <waypoints>[312, 47, 312, 47]</waypoints>
          <waypoints>[201, 47, 201, 47]</waypoints>
        </contained>
      </contained>
    </diagrams>