<?xml version="1.0" encoding="UTF-8"?><diagrams xmlns:xmi="http://www.omg.org/XMI" xmlns:xsi="http://www.w3.org/2001/XMLSchema-instance" xmlns:di="http://www.topcased.org/DI/1.0" xmlns:diagrams="http://www.topcased.org/Diagrams/1.0" xmi:id="_uLN3oKIgEeSlHLP-P69lcw" position="0,0" size="100,100" name="FSR11" viewport="0,0">
      <property xmi:id="_uMoz8qIgEeSlHLP-P69lcw" key="pageFormatName" value="A4"/>
      <property xmi:id="_uMoz86IgEeSlHLP-P69lcw" key="diagramWidth" value="840"/>
      <property xmi:id="_uMoz9KIgEeSlHLP-P69lcw" key="diagramHeight" value="1188"/>
      <property xmi:id="_uMoz9aIgEeSlHLP-P69lcw" key="pageMarginName" value="Small Margin"/>
      <property xmi:id="_uMoz9qIgEeSlHLP-P69lcw" key="diagramTopMargin" value="20"/>
      <property xmi:id="_uMoz96IgEeSlHLP-P69lcw" key="diagramBottomMargin" value="20"/>
      <property xmi:id="_uMoz-KIgEeSlHLP-P69lcw" key="diagramLeftMargin" value="20"/>
      <property xmi:id="_uMoz-aIgEeSlHLP-P69lcw" key="diagramRightMargin" value="20"/>
      <property xmi:id="_uMoz-qIgEeSlHLP-P69lcw" key="orientation" value="portrait"/>
      <semanticModel xsi:type="di:EMFSemanticModelBridge" xmi:id="_uLN3oaIgEeSlHLP-P69lcw" presentation="org.topcased.modeler.sysml.statemachinediagram">
        <element href="crf_eshift.sysml#_uLLbYKIgEeSlHLP-P69lcw"/>
      </semanticModel>
      <contained xsi:type="di:GraphNode" xmi:id="_uMoz8KIgEeSlHLP-P69lcw" size="-1,-1">
        <semanticModel xsi:type="di:EMFSemanticModelBridge" xmi:id="_uMoz8aIgEeSlHLP-P69lcw" presentation="default">
          <element href="crf_eshift.sysml#_uLLbYaIgEeSlHLP-P69lcw"/>
        </semanticModel>
        <contained xsi:type="di:GraphNode" xmi:id="_wG_AwKIgEeSlHLP-P69lcw" position="40,95" size="-1,-1">
          <property xmi:id="_wG_n0KIgEeSlHLP-P69lcw" key="name" value="visible"/>
          <anchorage xmi:id="_1-iqAKIgEeSlHLP-P69lcw" graphEdge="_1-kfMKIgEeSlHLP-P69lcw"/>
          <semanticModel xsi:type="di:EMFSemanticModelBridge" xmi:id="_wG_AwaIgEeSlHLP-P69lcw" presentation="default">
            <element href="crf_eshift.sysml#_wHCEEKIgEeSlHLP-P69lcw"/>
          </semanticModel>
        </contained>
        <contained xsi:type="di:GraphNode" xmi:id="_zP-yAKIgEeSlHLP-P69lcw" position="135,79" size="69,50">
          <anchorage xmi:id="_1-iqAaIgEeSlHLP-P69lcw" graphEdge="_1-kfMKIgEeSlHLP-P69lcw _D7MLEKIhEeSlHLP-P69lcw _HbqBIKIhEeSlHLP-P69lcw _030noKIiEeSlHLP-P69lcw _AaUmIM70EeSLX4LeTeuHzQ"/>
          <anchorage xmi:id="_03zZgKIiEeSlHLP-P69lcw" graphEdge="_030noKIiEeSlHLP-P69lcw _AaUmIM70EeSLX4LeTeuHzQ"/>
          <semanticModel xsi:type="di:EMFSemanticModelBridge" xmi:id="_zP-yAaIgEeSlHLP-P69lcw" presentation="default">
            <element href="crf_eshift.sysml#_zQFfsKIgEeSlHLP-P69lcw"/>
          </semanticModel>
        </contained>
        <contained xsi:type="di:GraphEdge" xmi:id="_1-kfMKIgEeSlHLP-P69lcw" anchor="_1-iqAKIgEeSlHLP-P69lcw _1-iqAaIgEeSlHLP-P69lcw">
          <semanticModel xsi:type="di:EMFSemanticModelBridge" xmi:id="_1-kfMaIgEeSlHLP-P69lcw" presentation="default">
            <element href="crf_eshift.sysml#_1-kfNKIgEeSlHLP-P69lcw"/>
          </semanticModel>
          <contained xsi:type="di:EdgeObjectOffset" xmi:id="_1-kfMqIgEeSlHLP-P69lcw" id="nameEdgeObject"/>
          <contained xsi:type="di:EdgeObjectOffset" xmi:id="_1-kfM6IgEeSlHLP-P69lcw" visible="false" id="TransitionStereotypeEdgeObject"/>
          <waypoints>[51, 0, -62, 1]</waypoints>
        </contained>
        <contained xsi:type="di:GraphNode" xmi:id="_5bLwAKIgEeSlHLP-P69lcw" position="270,25" size="103,50">
          <anchorage xmi:id="_D7K88KIhEeSlHLP-P69lcw" graphEdge="_D7MLEKIhEeSlHLP-P69lcw _NSpCoKIhEeSlHLP-P69lcw _63RooKIiEeSlHLP-P69lcw _HNe8AM70EeSLX4LeTeuHzQ"/>
          <anchorage xmi:id="_63QagKIiEeSlHLP-P69lcw" graphEdge="_63RooKIiEeSlHLP-P69lcw _HNe8AM70EeSLX4LeTeuHzQ"/>
          <semanticModel xsi:type="di:EMFSemanticModelBridge" xmi:id="_5bLwAaIgEeSlHLP-P69lcw" presentation="default">
            <element href="crf_eshift.sysml#_5bR2oKIgEeSlHLP-P69lcw"/>
          </semanticModel>
        </contained>
        <contained xsi:type="di:GraphNode" xmi:id="_7-xHEKIgEeSlHLP-P69lcw" position="272,151" size="102,50">
          <anchorage xmi:id="_HbozAKIhEeSlHLP-P69lcw" graphEdge="_HbqBIKIhEeSlHLP-P69lcw _QMCRoKIhEeSlHLP-P69lcw _BOS1EKIjEeSlHLP-P69lcw _FK288M70EeSLX4LeTeuHzQ"/>
          <anchorage xmi:id="_BORm8KIjEeSlHLP-P69lcw" graphEdge="_BOS1EKIjEeSlHLP-P69lcw _FK288M70EeSLX4LeTeuHzQ"/>
          <semanticModel xsi:type="di:EMFSemanticModelBridge" xmi:id="_7-xHEaIgEeSlHLP-P69lcw" presentation="default">
            <element href="crf_eshift.sysml#_7-30wKIgEeSlHLP-P69lcw"/>
          </semanticModel>
        </contained>
        <contained xsi:type="di:GraphNode" xmi:id="__4BQkKIgEeSlHLP-P69lcw" position="446,82" size="124,50">
          <anchorage xmi:id="_WA6e8K3VEeSJE6NWtMG9zQ" graphEdge="_NSpCoKIhEeSlHLP-P69lcw _QMCRoKIhEeSlHLP-P69lcw _1ybaYc7zEeSLX4LeTeuHzQ _NtTfIc70EeSLX4LeTeuHzQ"/>
          <anchorage xmi:id="_1ybaYM7zEeSLX4LeTeuHzQ" graphEdge="_1ybaYc7zEeSLX4LeTeuHzQ"/>
          <semanticModel xsi:type="di:EMFSemanticModelBridge" xmi:id="__4BQkaIgEeSlHLP-P69lcw" presentation="default">
            <element href="crf_eshift.sysml#__4IlUKIgEeSlHLP-P69lcw"/>
          </semanticModel>
        </contained>
        <contained xsi:type="di:GraphEdge" xmi:id="_D7MLEKIhEeSlHLP-P69lcw" anchor="_1-iqAaIgEeSlHLP-P69lcw _D7K88KIhEeSlHLP-P69lcw">
          <semanticModel xsi:type="di:EMFSemanticModelBridge" xmi:id="_D7MyIKIhEeSlHLP-P69lcw" presentation="default">
            <element href="crf_eshift.sysml#_D7MyI6IhEeSlHLP-P69lcw"/>
          </semanticModel>
          <contained xsi:type="di:EdgeObjectOffset" xmi:id="_D7MyIaIhEeSlHLP-P69lcw" id="nameEdgeObject" offset="50,-15"/>
          <contained xsi:type="di:EdgeObjectOffset" xmi:id="_D7MyIqIhEeSlHLP-P69lcw" visible="false" id="TransitionStereotypeEdgeObject"/>
          <waypoints>[0, -58, -152, -4]</waypoints>
        </contained>
        <contained xsi:type="di:GraphEdge" xmi:id="_HbqBIKIhEeSlHLP-P69lcw" anchor="_1-iqAaIgEeSlHLP-P69lcw _HbozAKIhEeSlHLP-P69lcw">
          <semanticModel xsi:type="di:EMFSemanticModelBridge" xmi:id="_HbqBIaIhEeSlHLP-P69lcw" presentation="default">
            <element href="crf_eshift.sysml#_HbqoMKIhEeSlHLP-P69lcw"/>
          </semanticModel>
          <contained xsi:type="di:EdgeObjectOffset" xmi:id="_HbqBIqIhEeSlHLP-P69lcw" id="nameEdgeObject" offset="55,-15"/>
          <contained xsi:type="di:EdgeObjectOffset" xmi:id="_HbqBI6IhEeSlHLP-P69lcw" visible="false" id="TransitionStereotypeEdgeObject"/>
          <waypoints>[-1, 74, -155, 2]</waypoints>
        </contained>
        <contained xsi:type="di:GraphEdge" xmi:id="_NSpCoKIhEeSlHLP-P69lcw" anchor="_D7K88KIhEeSlHLP-P69lcw _WA6e8K3VEeSJE6NWtMG9zQ">
          <semanticModel xsi:type="di:EMFSemanticModelBridge" xmi:id="_NSpCoaIhEeSlHLP-P69lcw" presentation="default">
            <element href="crf_eshift.sysml#_NSpCpKIhEeSlHLP-P69lcw"/>
          </semanticModel>
          <contained xsi:type="di:EdgeObjectOffset" xmi:id="_NSpCoqIhEeSlHLP-P69lcw" id="nameEdgeObject" offset="-62,-12"/>
          <contained xsi:type="di:EdgeObjectOffset" xmi:id="_NSpCo6IhEeSlHLP-P69lcw" visible="false" id="TransitionStereotypeEdgeObject"/>
          <waypoints>[181, -1, -6, -58]</waypoints>
        </contained>
        <contained xsi:type="di:GraphEdge" xmi:id="_QMCRoKIhEeSlHLP-P69lcw" anchor="_HbozAKIhEeSlHLP-P69lcw _WA6e8K3VEeSJE6NWtMG9zQ">
          <semanticModel xsi:type="di:EMFSemanticModelBridge" xmi:id="_QMCRoaIhEeSlHLP-P69lcw" presentation="default">
            <element href="crf_eshift.sysml#_QMC4sKIhEeSlHLP-P69lcw"/>
          </semanticModel>
          <contained xsi:type="di:EdgeObjectOffset" xmi:id="_QMCRoqIhEeSlHLP-P69lcw" id="nameEdgeObject" offset="-63,-14"/>
          <contained xsi:type="di:EdgeObjectOffset" xmi:id="_QMCRo6IhEeSlHLP-P69lcw" visible="false" id="TransitionStereotypeEdgeObject"/>
          <waypoints>[183, 0, -2, 69]</waypoints>
        </contained>
        <contained xsi:type="di:GraphEdge" xmi:id="_030noKIiEeSlHLP-P69lcw" anchor="_1-iqAaIgEeSlHLP-P69lcw _03zZgKIiEeSlHLP-P69lcw">
          <semanticModel xsi:type="di:EMFSemanticModelBridge" xmi:id="_030noaIiEeSlHLP-P69lcw" presentation="default">
            <element href="crf_eshift.sysml#_031OsKIiEeSlHLP-P69lcw"/>
          </semanticModel>
          <contained xsi:type="di:EdgeObjectOffset" xmi:id="_030noqIiEeSlHLP-P69lcw" id="nameEdgeObject" offset="25,0"/>
          <contained xsi:type="di:EdgeObjectOffset" xmi:id="_030no6IiEeSlHLP-P69lcw" visible="false" id="TransitionStereotypeEdgeObject"/>
          <waypoints>[55, 14, 55, 14]</waypoints>
          <waypoints>[55, -15, 55, -15]</waypoints>
        </contained>
        <contained xsi:type="di:GraphEdge" xmi:id="_63RooKIiEeSlHLP-P69lcw" anchor="_D7K88KIhEeSlHLP-P69lcw _63QagKIiEeSlHLP-P69lcw">
          <semanticModel xsi:type="di:EMFSemanticModelBridge" xmi:id="_63RooaIiEeSlHLP-P69lcw" presentation="default">
            <element href="crf_eshift.sysml#_63RopKIiEeSlHLP-P69lcw"/>
          </semanticModel>
          <contained xsi:type="di:EdgeObjectOffset" xmi:id="_63RooqIiEeSlHLP-P69lcw" id="nameEdgeObject" offset="2,-13"/>
          <contained xsi:type="di:EdgeObjectOffset" xmi:id="_63Roo6IiEeSlHLP-P69lcw" visible="false" id="TransitionStereotypeEdgeObject"/>
          <waypoints>[0, -45, 0, -45]</waypoints>
          <waypoints>[22, -45, 22, -45]</waypoints>
        </contained>
        <contained xsi:type="di:GraphEdge" xmi:id="_BOS1EKIjEeSlHLP-P69lcw" anchor="_HbozAKIhEeSlHLP-P69lcw _BORm8KIjEeSlHLP-P69lcw">
          <semanticModel xsi:type="di:EMFSemanticModelBridge" xmi:id="_BOS1EaIjEeSlHLP-P69lcw" presentation="default">
            <element href="crf_eshift.sysml#_BOTcIKIjEeSlHLP-P69lcw"/>
          </semanticModel>
          <contained xsi:type="di:EdgeObjectOffset" xmi:id="_BOS1EqIjEeSlHLP-P69lcw" id="nameEdgeObject" offset="4,14"/>
          <contained xsi:type="di:EdgeObjectOffset" xmi:id="_BOS1E6IjEeSlHLP-P69lcw" visible="false" id="TransitionStereotypeEdgeObject"/>
          <waypoints>[18, 42, 18, 42]</waypoints>
          <waypoints>[-9, 42, -9, 42]</waypoints>
        </contained>
        <contained xsi:type="di:GraphEdge" xmi:id="_1ybaYc7zEeSLX4LeTeuHzQ" anchor="_WA6e8K3VEeSJE6NWtMG9zQ _1ybaYM7zEeSLX4LeTeuHzQ">
          <semanticModel xsi:type="di:EMFSemanticModelBridge" xmi:id="_1ybaYs7zEeSLX4LeTeuHzQ" presentation="default">
            <element href="crf_eshift.sysml#_1ybaZc7zEeSLX4LeTeuHzQ"/>
          </semanticModel>
          <contained xsi:type="di:EdgeObjectOffset" xmi:id="_1ybaY87zEeSLX4LeTeuHzQ" id="nameEdgeObject" offset="-7,-17"/>
          <contained xsi:type="di:EdgeObjectOffset" xmi:id="_1ybaZM7zEeSLX4LeTeuHzQ" visible="false" id="TransitionStereotypeEdgeObject"/>
          <waypoints>[82, -13, 82, -13]</waypoints>
          <waypoints>[82, -44, 82, -44]</waypoints>
          <waypoints>[41, -44, 41, -44]</waypoints>
        </contained>
        <contained xsi:type="di:GraphEdge" xmi:id="_AaUmIM70EeSLX4LeTeuHzQ" anchor="_1-iqAaIgEeSlHLP-P69lcw _03zZgKIiEeSlHLP-P69lcw">
          <semanticModel xsi:type="di:EMFSemanticModelBridge" xmi:id="_AaUmIc70EeSLX4LeTeuHzQ" presentation="default">
            <element href="crf_eshift.sysml#_AaUmJM70EeSLX4LeTeuHzQ"/>
          </semanticModel>
          <contained xsi:type="di:EdgeObjectOffset" xmi:id="_AaUmIs70EeSLX4LeTeuHzQ" id="nameEdgeObject" offset="-1,17"/>
          <contained xsi:type="di:EdgeObjectOffset" xmi:id="_AaUmI870EeSLX4LeTeuHzQ" visible="false" id="TransitionStereotypeEdgeObject"/>
          <waypoints>[-52, 17, -52, 17]</waypoints>
          <waypoints>[-52, 45, -52, 45]</waypoints>
          <waypoints>[-17, 45, -17, 45]</waypoints>
        </contained>
        <contained xsi:type="di:GraphEdge" xmi:id="_FK288M70EeSLX4LeTeuHzQ" anchor="_HbozAKIhEeSlHLP-P69lcw _BORm8KIjEeSlHLP-P69lcw">
          <semanticModel xsi:type="di:EMFSemanticModelBridge" xmi:id="_FK288c70EeSLX4LeTeuHzQ" presentation="default">
            <element href="crf_eshift.sysml#_FLAt8M70EeSLX4LeTeuHzQ"/>
          </semanticModel>
          <contained xsi:type="di:EdgeObjectOffset" xmi:id="_FK288s70EeSLX4LeTeuHzQ" id="nameEdgeObject" offset="-22,14"/>
          <contained xsi:type="di:EdgeObjectOffset" xmi:id="_FK288870EeSLX4LeTeuHzQ" visible="false" id="TransitionStereotypeEdgeObject"/>
          <waypoints>[113, 12, 113, 12]</waypoints>
          <waypoints>[113, 52, 113, 52]</waypoints>
          <waypoints>[36, 52, 36, 52]</waypoints>
        </contained>
        <contained xsi:type="di:GraphEdge" xmi:id="_HNe8AM70EeSLX4LeTeuHzQ" anchor="_D7K88KIhEeSlHLP-P69lcw _63QagKIiEeSlHLP-P69lcw">
          <semanticModel xsi:type="di:EMFSemanticModelBridge" xmi:id="_HNe8Ac70EeSLX4LeTeuHzQ" presentation="default">
            <element href="crf_eshift.sysml#_HNe8BM70EeSLX4LeTeuHzQ"/>
          </semanticModel>
          <contained xsi:type="di:EdgeObjectOffset" xmi:id="_HNe8As70EeSLX4LeTeuHzQ" id="nameEdgeObject" offset="-12,16"/>
          <contained xsi:type="di:EdgeObjectOffset" xmi:id="_HNe8A870EeSLX4LeTeuHzQ" visible="false" id="TransitionStereotypeEdgeObject"/>
          <waypoints>[65, 9, 65, 9]</waypoints>
          <waypoints>[65, 50, 65, 50]</waypoints>
          <waypoints>[27, 50, 27, 50]</waypoints>
        </contained>
        <contained xsi:type="di:GraphNode" xmi:id="_Khx-UM70EeSLX4LeTeuHzQ" position="490,201" size="184,50">
          <anchorage xmi:id="_NtTfIM70EeSLX4LeTeuHzQ" graphEdge="_NtTfIc70EeSLX4LeTeuHzQ _QCOIEc70EeSLX4LeTeuHzQ"/>
          <anchorage xmi:id="_QCOIEM70EeSLX4LeTeuHzQ" graphEdge="_QCOIEc70EeSLX4LeTeuHzQ"/>
          <semanticModel xsi:type="di:EMFSemanticModelBridge" xmi:id="_Khx-Uc70EeSLX4LeTeuHzQ" presentation="default">
            <element href="crf_eshift.sysml#_Kh7vUM70EeSLX4LeTeuHzQ"/>
          </semanticModel>
        </contained>
        <contained xsi:type="di:GraphEdge" xmi:id="_NtTfIc70EeSLX4LeTeuHzQ" anchor="_WA6e8K3VEeSJE6NWtMG9zQ _NtTfIM70EeSLX4LeTeuHzQ">
          <semanticModel xsi:type="di:EMFSemanticModelBridge" xmi:id="_NtTfIs70EeSLX4LeTeuHzQ" presentation="default">
            <element href="crf_eshift.sysml#_NtTfJc70EeSLX4LeTeuHzQ"/>
          </semanticModel>
          <contained xsi:type="di:EdgeObjectOffset" xmi:id="_NtTfI870EeSLX4LeTeuHzQ" id="nameEdgeObject" offset="36,3"/>
          <contained xsi:type="di:EdgeObjectOffset" xmi:id="_NtTfJM70EeSLX4LeTeuHzQ" visible="false" id="TransitionStereotypeEdgeObject"/>
        </contained>
        <contained xsi:type="di:GraphEdge" xmi:id="_QCOIEc70EeSLX4LeTeuHzQ" anchor="_NtTfIM70EeSLX4LeTeuHzQ _QCOIEM70EeSLX4LeTeuHzQ">
          <semanticModel xsi:type="di:EMFSemanticModelBridge" xmi:id="_QCOIEs70EeSLX4LeTeuHzQ" presentation="default">
            <element href="crf_eshift.sysml#_QCOIFc70EeSLX4LeTeuHzQ"/>
          </semanticModel>
          <contained xsi:type="di:EdgeObjectOffset" xmi:id="_QCOIE870EeSLX4LeTeuHzQ" id="nameEdgeObject" offset="-8,13"/>
          <contained xsi:type="di:EdgeObjectOffset" xmi:id="_QCOIFM70EeSLX4LeTeuHzQ" visible="false" id="TransitionStereotypeEdgeObject"/>
          <waypoints>[103, 12, 103, 12]</waypoints>
          <waypoints>[103, 44, 103, 44]</waypoints>
          <waypoints>[38, 44, 38, 44]</waypoints>
        </contained>
      </contained>
    </diagrams>