<?xml version="1.0" encoding="UTF-8"?><ownedBehavior xmlns:xmi="http://www.omg.org/XMI" xmlns:Allocations="http://www.eclipse.org/papyrus/0.7.0/SysML/Allocations" xmlns:ecore="http://www.eclipse.org/emf/2002/Ecore" xmlns:refMapProfile="http:///schemas/refMapProfile/_Wn_IAGZAEeKTUctFx_SZgg/7" xmlns:sysML="http://www.topcased.org/2.0/sysML" xmlns:uml="http://www.eclipse.org/uml2/3.0.0/UML" xmlns:xsi="http://www.w3.org/2001/XMLSchema-instance" name="stm_FSR11" xmi:id="_uLLbYKIgEeSlHLP-P69lcw" xmi:type="uml:StateMachine">
          <region name="Region" xmi:id="_uLLbYaIgEeSlHLP-P69lcw" xmi:type="uml:Region">
            <subvertex name="Init" xmi:id="_wHCEEKIgEeSlHLP-P69lcw" xmi:type="uml:Pseudostate"/>
            <subvertex name="NoFault" xmi:id="_zQFfsKIgEeSlHLP-P69lcw" xmi:type="uml:State"/>
            <subvertex name="Sw1Faulty" xmi:id="_5bR2oKIgEeSlHLP-P69lcw" xmi:type="uml:State"/>
            <subvertex name="Sw2Faulty" xmi:id="_7-30wKIgEeSlHLP-P69lcw" xmi:type="uml:State"/>
            <subvertex name="BothSwFaulty" xmi:id="__4IlUKIgEeSlHLP-P69lcw" xmi:type="uml:State"/>
            <subvertex name="BothSwFaultyAfterDval" xmi:id="_Kh7vUM70EeSLX4LeTeuHzQ" xmi:type="uml:State"/>
            <transition kind="local" name="" source="_wHCEEKIgEeSlHLP-P69lcw" target="_zQFfsKIgEeSlHLP-P69lcw" xmi:id="_1-kfNKIgEeSlHLP-P69lcw" xmi:type="uml:Transition"/>
            <transition kind="local" name="sw1_fault" source="_zQFfsKIgEeSlHLP-P69lcw" target="_5bR2oKIgEeSlHLP-P69lcw" xmi:id="_D7MyI6IhEeSlHLP-P69lcw" xmi:type="uml:Transition"/>
            <transition kind="local" name="sw2_fault" source="_zQFfsKIgEeSlHLP-P69lcw" target="_7-30wKIgEeSlHLP-P69lcw" xmi:id="_HbqoMKIhEeSlHLP-P69lcw" xmi:type="uml:Transition"/>
            <transition kind="local" name="sw2_fault" source="_5bR2oKIgEeSlHLP-P69lcw" target="__4IlUKIgEeSlHLP-P69lcw" xmi:id="_NSpCpKIhEeSlHLP-P69lcw" xmi:type="uml:Transition"/>
            <transition kind="local" name="sw1_fault" source="_7-30wKIgEeSlHLP-P69lcw" target="__4IlUKIgEeSlHLP-P69lcw" xmi:id="_QMC4sKIhEeSlHLP-P69lcw" xmi:type="uml:Transition"/>
            <transition kind="local" name="D_in" source="_zQFfsKIgEeSlHLP-P69lcw" target="_zQFfsKIgEeSlHLP-P69lcw" xmi:id="_031OsKIiEeSlHLP-P69lcw" xmi:type="uml:Transition"/>
            <transition kind="local" name="D_in" source="_5bR2oKIgEeSlHLP-P69lcw" target="_5bR2oKIgEeSlHLP-P69lcw" xmi:id="_63RopKIiEeSlHLP-P69lcw" xmi:type="uml:Transition"/>
            <transition kind="local" name="D_in" source="_7-30wKIgEeSlHLP-P69lcw" target="_7-30wKIgEeSlHLP-P69lcw" xmi:id="_BOTcIKIjEeSlHLP-P69lcw" xmi:type="uml:Transition"/>
            <transition kind="local" name="D_in" source="__4IlUKIgEeSlHLP-P69lcw" target="__4IlUKIgEeSlHLP-P69lcw" xmi:id="_1ybaZc7zEeSLX4LeTeuHzQ" xmi:type="uml:Transition"/>
            <transition kind="local" name="startDval" source="_zQFfsKIgEeSlHLP-P69lcw" target="_zQFfsKIgEeSlHLP-P69lcw" xmi:id="_AaUmJM70EeSLX4LeTeuHzQ" xmi:type="uml:Transition"/>
            <transition kind="local" name="startDval" source="_7-30wKIgEeSlHLP-P69lcw" target="_7-30wKIgEeSlHLP-P69lcw" xmi:id="_FLAt8M70EeSLX4LeTeuHzQ" xmi:type="uml:Transition"/>
            <transition kind="local" name="startDval" source="_5bR2oKIgEeSlHLP-P69lcw" target="_5bR2oKIgEeSlHLP-P69lcw" xmi:id="_HNe8BM70EeSLX4LeTeuHzQ" xmi:type="uml:Transition"/>
            <transition kind="local" name="startDval" source="__4IlUKIgEeSlHLP-P69lcw" target="_Kh7vUM70EeSLX4LeTeuHzQ" xmi:id="_NtTfJc70EeSLX4LeTeuHzQ" xmi:type="uml:Transition"/>
            <transition kind="local" name="startDval" source="_Kh7vUM70EeSLX4LeTeuHzQ" target="_Kh7vUM70EeSLX4LeTeuHzQ" xmi:id="_QCOIFc70EeSLX4LeTeuHzQ" xmi:type="uml:Transition"/>
          </region>
        </ownedBehavior>