<?xml version="1.0" encoding="UTF-8" standalone="no"?><ownedBehavior xmlns:Allocations="http://www.eclipse.org/papyrus/0.7.0/SysML/Allocations" xmlns:ecore="http://www.eclipse.org/emf/2002/Ecore" xmlns:refMapProfile="http:///schemas/refMapProfile/_Wn_IAGZAEeKTUctFx_SZgg/7" xmlns:sysML="http://www.topcased.org/2.0/sysML" xmlns:uml="http://www.eclipse.org/uml2/3.0.0/UML" xmlns:xmi="http://www.omg.org/XMI" xmlns:xsi="http://www.w3.org/2001/XMLSchema-instance" name="stm_TSR18" xmi:id="_e3mqAKIoEeSlHLP-P69lcw" xmi:type="uml:StateMachine">
          <region name="Region" xmi:id="_e3mqAaIoEeSlHLP-P69lcw" xmi:type="uml:Region">
            <subvertex name="TSR18_Init" xmi:id="_gtktIKIoEeSlHLP-P69lcw" xmi:type="uml:Pseudostate"/>
            <subvertex name="TSR18_Initial" xmi:id="_jj8dUKIoEeSlHLP-P69lcw" xmi:type="uml:State"/>
            <subvertex name="TSR18_ValStarted" xmi:id="_r-luYKIoEeSlHLP-P69lcw" xmi:type="uml:State"/>
            <subvertex name="TSR18_Sw1Np" xmi:id="_CZspgKIpEeSlHLP-P69lcw" xmi:type="uml:State"/>
            <subvertex name="TSR18_Sw2Np" xmi:id="_MdNV0KIpEeSlHLP-P69lcw" xmi:type="uml:State"/>
            <subvertex name="TSR18_BothSwNp" xmi:id="_SpD0EKIpEeSlHLP-P69lcw" xmi:type="uml:State"/>
            <subvertex name="TSR18_Sw1Pl" xmi:id="_Xib90KIpEeSlHLP-P69lcw" xmi:type="uml:State"/>
            <subvertex name="TSR18_Sw2Pl" xmi:id="_aK84MKIpEeSlHLP-P69lcw" xmi:type="uml:State"/>
            <subvertex name="TSR18_AtLeastOneSwPl" xmi:id="_eLTvQKIpEeSlHLP-P69lcw" xmi:type="uml:State"/>
            <transition kind="local" name="" source="_gtktIKIoEeSlHLP-P69lcw" target="_jj8dUKIoEeSlHLP-P69lcw" xmi:id="_o5ygoKIoEeSlHLP-P69lcw" xmi:type="uml:Transition"/>
            <transition kind="local" name="_start_Dval_" source="_jj8dUKIoEeSlHLP-P69lcw" target="_r-luYKIoEeSlHLP-P69lcw" xmi:id="_u1H2pKIoEeSlHLP-P69lcw" xmi:type="uml:Transition"/>
            <transition kind="local" name="_Dsw1_pl_on_" source="_r-luYKIoEeSlHLP-P69lcw" target="_Xib90KIpEeSlHLP-P69lcw" xmi:id="_m2LNoKIpEeSlHLP-P69lcw" xmi:type="uml:Transition"/>
            <transition kind="local" name="_Dsw1_pl_off_" source="_r-luYKIoEeSlHLP-P69lcw" target="_Xib90KIpEeSlHLP-P69lcw" xmi:id="_wLy5NKIpEeSlHLP-P69lcw" xmi:type="uml:Transition"/>
            <transition kind="local" name="_Dsw1_np_" source="_r-luYKIoEeSlHLP-P69lcw" target="_CZspgKIpEeSlHLP-P69lcw" xmi:id="_568fFKIpEeSlHLP-P69lcw" xmi:type="uml:Transition"/>
            <transition kind="local" name="_Dsw2_np_" source="_CZspgKIpEeSlHLP-P69lcw" target="_SpD0EKIpEeSlHLP-P69lcw" xmi:id="__dQ4IKIpEeSlHLP-P69lcw" xmi:type="uml:Transition"/>
            <transition kind="local" name="_Dsw2_pl_on_" source="_CZspgKIpEeSlHLP-P69lcw" target="_eLTvQKIpEeSlHLP-P69lcw" xmi:id="_QguZIKIqEeSlHLP-P69lcw" xmi:type="uml:Transition"/>
            <transition kind="local" name="_Dsw2_pl_off_" source="_CZspgKIpEeSlHLP-P69lcw" target="_eLTvQKIpEeSlHLP-P69lcw" xmi:id="_VDjrIKIqEeSlHLP-P69lcw" xmi:type="uml:Transition"/>
            <transition kind="local" name="_Dsw2_np_" source="_Xib90KIpEeSlHLP-P69lcw" target="_eLTvQKIpEeSlHLP-P69lcw" xmi:id="_etFKJKIqEeSlHLP-P69lcw" xmi:type="uml:Transition"/>
            <transition kind="local" name="_Dsw2_pl_on_" source="_Xib90KIpEeSlHLP-P69lcw" target="_eLTvQKIpEeSlHLP-P69lcw" xmi:id="_lOLfoKIqEeSlHLP-P69lcw" xmi:type="uml:Transition"/>
            <transition kind="local" name="_Dsw2_pl_off_" source="_Xib90KIpEeSlHLP-P69lcw" target="_eLTvQKIpEeSlHLP-P69lcw" xmi:id="_pZ0Zo6IqEeSlHLP-P69lcw" xmi:type="uml:Transition"/>
            <transition kind="local" name="_start_Dval_" source="_SpD0EKIpEeSlHLP-P69lcw" target="_r-luYKIoEeSlHLP-P69lcw" xmi:id="_57eOFKIqEeSlHLP-P69lcw" xmi:type="uml:Transition"/>
            <transition kind="local" name="_start_Dval_" source="_eLTvQKIpEeSlHLP-P69lcw" target="_r-luYKIoEeSlHLP-P69lcw" xmi:id="_9jLUlKIqEeSlHLP-P69lcw" xmi:type="uml:Transition"/>
            <transition kind="local" name="_Dsw2_np_" source="_r-luYKIoEeSlHLP-P69lcw" target="_MdNV0KIpEeSlHLP-P69lcw" xmi:id="_jqr3IKIrEeSlHLP-P69lcw" xmi:type="uml:Transition"/>
            <transition kind="local" name="_Dsw2_pl_off_" source="_r-luYKIoEeSlHLP-P69lcw" target="_aK84MKIpEeSlHLP-P69lcw" xmi:id="_sKlboKIrEeSlHLP-P69lcw" xmi:type="uml:Transition"/>
            <transition kind="local" name="_Dsw2_pl_on_" source="_r-luYKIoEeSlHLP-P69lcw" target="_aK84MKIpEeSlHLP-P69lcw" xmi:id="_xRaylKIrEeSlHLP-P69lcw" xmi:type="uml:Transition"/>
            <transition kind="local" name="_Dsw1_np_" source="_MdNV0KIpEeSlHLP-P69lcw" target="_SpD0EKIpEeSlHLP-P69lcw" xmi:id="_3ghZIKIrEeSlHLP-P69lcw" xmi:type="uml:Transition"/>
            <transition kind="local" name="_Dsw1_pl_on_" source="_MdNV0KIpEeSlHLP-P69lcw" target="_eLTvQKIpEeSlHLP-P69lcw" xmi:id="_AZwDoKIsEeSlHLP-P69lcw" xmi:type="uml:Transition"/>
            <transition kind="local" name="_Dsw1_pl_off_" source="_MdNV0KIpEeSlHLP-P69lcw" target="_eLTvQKIpEeSlHLP-P69lcw" xmi:id="_HUoyJKIsEeSlHLP-P69lcw" xmi:type="uml:Transition"/>
            <transition kind="local" name="_Dsw1_np_" source="_aK84MKIpEeSlHLP-P69lcw" target="_eLTvQKIpEeSlHLP-P69lcw" xmi:id="_OCsllKIsEeSlHLP-P69lcw" xmi:type="uml:Transition"/>
            <transition kind="local" name="_Dsw1_pl_on_" source="_aK84MKIpEeSlHLP-P69lcw" target="_eLTvQKIpEeSlHLP-P69lcw" xmi:id="_CyyiJKItEeSlHLP-P69lcw" xmi:type="uml:Transition"/>
            <transition kind="local" name="_Dsw1_pl_off_" source="_aK84MKIpEeSlHLP-P69lcw" target="_eLTvQKIpEeSlHLP-P69lcw" xmi:id="_GfYIoKItEeSlHLP-P69lcw" xmi:type="uml:Transition"/>
            <transition kind="local" name="_D_in_" source="_eLTvQKIpEeSlHLP-P69lcw" target="_eLTvQKIpEeSlHLP-P69lcw" xmi:id="_QnkgoKItEeSlHLP-P69lcw" xmi:type="uml:Transition"/>
          </region>
        </ownedBehavior>