<?xml version="1.0" encoding="UTF-8"?><diagrams xmlns:xmi="http://www.omg.org/XMI" xmlns:xsi="http://www.w3.org/2001/XMLSchema-instance" xmlns:di="http://www.topcased.org/DI/1.0" xmlns:diagrams="http://www.topcased.org/Diagrams/1.0" xmi:id="_-I4Yk5CMEeOxWeOImWZQsw" position="0,0" size="100,100" name="Squib_heated_only_if_both_sw_closed_for_Xms" viewport="0,0">
        <property xmi:id="_-J66YpCMEeOxWeOImWZQsw" key="pageFormatName" value="A4"/>
        <property xmi:id="_-J66Y5CMEeOxWeOImWZQsw" key="diagramWidth" value="840"/>
        <property xmi:id="_-J66ZJCMEeOxWeOImWZQsw" key="diagramHeight" value="1188"/>
        <property xmi:id="_-J66ZZCMEeOxWeOImWZQsw" key="pageMarginName" value="Small Margin"/>
        <property xmi:id="_-J66ZpCMEeOxWeOImWZQsw" key="diagramTopMargin" value="20"/>
        <property xmi:id="_-J66Z5CMEeOxWeOImWZQsw" key="diagramBottomMargin" value="20"/>
        <property xmi:id="_-J66aJCMEeOxWeOImWZQsw" key="diagramLeftMargin" value="20"/>
        <property xmi:id="_-J66aZCMEeOxWeOImWZQsw" key="diagramRightMargin" value="20"/>
        <property xmi:id="_-J66apCMEeOxWeOImWZQsw" key="orientation" value="portrait"/>
        <semanticModel xsi:type="di:EMFSemanticModelBridge" xmi:id="_-I4YlJCMEeOxWeOImWZQsw" presentation="org.topcased.modeler.sysml.statemachinediagram">
          <element href="airbag1.sysml#_-I4YkJCMEeOxWeOImWZQsw"/>
        </semanticModel>
        <contained xsi:type="di:GraphNode" xmi:id="_-J66YJCMEeOxWeOImWZQsw" size="-1,-1">
          <semanticModel xsi:type="di:EMFSemanticModelBridge" xmi:id="_-J66YZCMEeOxWeOImWZQsw" presentation="default">
            <element href="airbag1.sysml#_-I4YkZCMEeOxWeOImWZQsw"/>
          </semanticModel>
          <contained xsi:type="di:GraphNode" xmi:id="__tTYsJCMEeOxWeOImWZQsw" position="50,46" size="-1,-1">
            <property xmi:id="__tTYspCMEeOxWeOImWZQsw" key="name" value="visible"/>
            <anchorage xmi:id="_HvUHUJCNEeOxWeOImWZQsw" graphEdge="_HvUHUpCNEeOxWeOImWZQsw"/>
            <semanticModel xsi:type="di:EMFSemanticModelBridge" xmi:id="__tTYsZCMEeOxWeOImWZQsw" presentation="default">
              <element href="airbag1.sysml#__tTYs5CMEeOxWeOImWZQsw"/>
            </semanticModel>
          </contained>
          <contained xsi:type="di:GraphNode" xmi:id="_DniZoJCNEeOxWeOImWZQsw" position="156,31" size="71,50">
            <anchorage xmi:id="_HvUHUZCNEeOxWeOImWZQsw" graphEdge="_HvUHUpCNEeOxWeOImWZQsw _PgXo0ZCNEeOxWeOImWZQsw _XQ-eYZCNEeOxWeOImWZQsw"/>
            <semanticModel xsi:type="di:EMFSemanticModelBridge" xmi:id="_DniZoZCNEeOxWeOImWZQsw" presentation="default">
              <element href="airbag1.sysml#_DnsKoJCNEeOxWeOImWZQsw"/>
            </semanticModel>
          </contained>
          <contained xsi:type="di:GraphEdge" xmi:id="_HvUHUpCNEeOxWeOImWZQsw" anchor="_HvUHUJCNEeOxWeOImWZQsw _HvUHUZCNEeOxWeOImWZQsw">
            <semanticModel xsi:type="di:EMFSemanticModelBridge" xmi:id="_HvUHU5CNEeOxWeOImWZQsw" presentation="default">
              <element href="airbag1.sysml#_HvUHVpCNEeOxWeOImWZQsw"/>
            </semanticModel>
            <contained xsi:type="di:EdgeObjectOffset" xmi:id="_HvUHVJCNEeOxWeOImWZQsw" id="nameEdgeObject" offset="1,-11"/>
            <contained xsi:type="di:EdgeObjectOffset" xmi:id="_HvUHVZCNEeOxWeOImWZQsw" visible="false" id="TransitionStereotypeEdgeObject"/>
          </contained>
          <contained xsi:type="di:GraphNode" xmi:id="_LJRFsJCNEeOxWeOImWZQsw" position="461,30" size="71,50">
            <anchorage xmi:id="_PgXo0JCNEeOxWeOImWZQsw" graphEdge="_PgXo0ZCNEeOxWeOImWZQsw _XQ-eYZCNEeOxWeOImWZQsw"/>
            <anchorage xmi:id="_XQ-eYJCNEeOxWeOImWZQsw"/>
            <semanticModel xsi:type="di:EMFSemanticModelBridge" xmi:id="_LJRFsZCNEeOxWeOImWZQsw" presentation="default">
              <element href="airbag1.sysml#_LJa2sJCNEeOxWeOImWZQsw"/>
            </semanticModel>
          </contained>
          <contained xsi:type="di:GraphEdge" xmi:id="_PgXo0ZCNEeOxWeOImWZQsw" anchor="_HvUHUZCNEeOxWeOImWZQsw _PgXo0JCNEeOxWeOImWZQsw">
            <semanticModel xsi:type="di:EMFSemanticModelBridge" xmi:id="_PgXo0pCNEeOxWeOImWZQsw" presentation="default">
              <element href="airbag1.sysml#_PgXo1ZCNEeOxWeOImWZQsw"/>
            </semanticModel>
            <contained xsi:type="di:EdgeObjectOffset" xmi:id="_PgXo05CNEeOxWeOImWZQsw" id="nameEdgeObject" offset="-6,-14"/>
            <contained xsi:type="di:EdgeObjectOffset" xmi:id="_PgXo1JCNEeOxWeOImWZQsw" visible="false" id="TransitionStereotypeEdgeObject"/>
          </contained>
          <contained xsi:type="di:GraphEdge" xmi:id="_XQ-eYZCNEeOxWeOImWZQsw" anchor="_PgXo0JCNEeOxWeOImWZQsw _HvUHUZCNEeOxWeOImWZQsw">
            <semanticModel xsi:type="di:EMFSemanticModelBridge" xmi:id="_XQ-eYpCNEeOxWeOImWZQsw" presentation="default">
              <element href="airbag1.sysml#_XQ-eZZCNEeOxWeOImWZQsw"/>
            </semanticModel>
            <contained xsi:type="di:EdgeObjectOffset" xmi:id="_XQ-eY5CNEeOxWeOImWZQsw" id="nameEdgeObject" offset="-17,-14"/>
            <contained xsi:type="di:EdgeObjectOffset" xmi:id="_XQ-eZJCNEeOxWeOImWZQsw" visible="false" id="TransitionStereotypeEdgeObject"/>
            <waypoints>[0, 54, 305, 53]</waypoints>
            <waypoints>[-305, 54, 0, 53]</waypoints>
          </contained>
        </contained>
      </diagrams>