<?xml version="1.0" encoding="UTF-8"?><diagrams xmlns:xmi="http://www.omg.org/XMI" xmlns:xsi="http://www.w3.org/2001/XMLSchema-instance" xmlns:di="http://www.topcased.org/DI/1.0" xmlns:diagrams="http://www.topcased.org/Diagrams/1.0" xmi:id="_2wB0Y4_LEeOWUNI5RltWDA" position="0,0" size="100,100" name="Deploy_controlled_by_heating" viewport="0,0">
        <property xmi:id="_2wnqQo_LEeOWUNI5RltWDA" key="pageFormatName" value="A4"/>
        <property xmi:id="_2wnqQ4_LEeOWUNI5RltWDA" key="diagramWidth" value="840"/>
        <property xmi:id="_2wnqRI_LEeOWUNI5RltWDA" key="diagramHeight" value="1188"/>
        <property xmi:id="_2wnqRY_LEeOWUNI5RltWDA" key="pageMarginName" value="Small Margin"/>
        <property xmi:id="_2wnqRo_LEeOWUNI5RltWDA" key="diagramTopMargin" value="20"/>
        <property xmi:id="_2wnqR4_LEeOWUNI5RltWDA" key="diagramBottomMargin" value="20"/>
        <property xmi:id="_2wnqSI_LEeOWUNI5RltWDA" key="diagramLeftMargin" value="20"/>
        <property xmi:id="_2wnqSY_LEeOWUNI5RltWDA" key="diagramRightMargin" value="20"/>
        <property xmi:id="_2wnqSo_LEeOWUNI5RltWDA" key="orientation" value="portrait"/>
        <semanticModel xsi:type="di:EMFSemanticModelBridge" xmi:id="_2wB0ZI_LEeOWUNI5RltWDA" presentation="org.topcased.modeler.sysml.statemachinediagram">
          <element href="airbag1.sysml#_2wB0YI_LEeOWUNI5RltWDA"/>
        </semanticModel>
        <contained xsi:type="di:GraphNode" xmi:id="_2wnqQI_LEeOWUNI5RltWDA" size="-1,-1">
          <semanticModel xsi:type="di:EMFSemanticModelBridge" xmi:id="_2wnqQY_LEeOWUNI5RltWDA" presentation="default">
            <element href="airbag1.sysml#_2wB0YY_LEeOWUNI5RltWDA"/>
          </semanticModel>
          <contained xsi:type="di:GraphNode" xmi:id="_3ha1EI_LEeOWUNI5RltWDA" position="63,28" size="-1,-1">
            <property xmi:id="_3ha1Eo_LEeOWUNI5RltWDA" key="name" value="visible"/>
            <anchorage xmi:id="_-03NgI_LEeOWUNI5RltWDA" graphEdge="_-1A-gI_LEeOWUNI5RltWDA"/>
            <semanticModel xsi:type="di:EMFSemanticModelBridge" xmi:id="_3ha1EY_LEeOWUNI5RltWDA" presentation="default">
              <element href="airbag1.sysml#_3ha1E4_LEeOWUNI5RltWDA"/>
            </semanticModel>
          </contained>
          <contained xsi:type="di:GraphNode" xmi:id="_5L8dMI_LEeOWUNI5RltWDA" position="169,26" size="132,50">
            <anchorage xmi:id="_-03NgY_LEeOWUNI5RltWDA" graphEdge="_-1A-gI_LEeOWUNI5RltWDA _HfMgYY_MEeOWUNI5RltWDA _gii7YJAUEeOsxbuHs23Pxw"/>
            <semanticModel xsi:type="di:EMFSemanticModelBridge" xmi:id="_5L8dMY_LEeOWUNI5RltWDA" presentation="default">
              <element href="airbag1.sysml#_5L8dMo_LEeOWUNI5RltWDA"/>
            </semanticModel>
          </contained>
          <contained xsi:type="di:GraphEdge" xmi:id="_-1A-gI_LEeOWUNI5RltWDA" anchor="_-03NgI_LEeOWUNI5RltWDA _-03NgY_LEeOWUNI5RltWDA">
            <semanticModel xsi:type="di:EMFSemanticModelBridge" xmi:id="_-1A-gY_LEeOWUNI5RltWDA" presentation="default">
              <element href="airbag1.sysml#_-1A-hI_LEeOWUNI5RltWDA"/>
            </semanticModel>
            <contained xsi:type="di:EdgeObjectOffset" xmi:id="_-1A-go_LEeOWUNI5RltWDA" id="nameEdgeObject" offset="-1,-9"/>
            <contained xsi:type="di:EdgeObjectOffset" xmi:id="_-1A-g4_LEeOWUNI5RltWDA" visible="false" id="TransitionStereotypeEdgeObject"/>
          </contained>
          <contained xsi:type="di:GraphNode" xmi:id="_ERJQAI_MEeOWUNI5RltWDA" position="434,23" size="106,50">
            <anchorage xmi:id="_HfMgYI_MEeOWUNI5RltWDA" graphEdge="_HfMgYY_MEeOWUNI5RltWDA _MOPpcY_MEeOWUNI5RltWDA _gii7YJAUEeOsxbuHs23Pxw"/>
            <anchorage xmi:id="_MOPpcI_MEeOWUNI5RltWDA" graphEdge="_MOPpcY_MEeOWUNI5RltWDA"/>
            <semanticModel xsi:type="di:EMFSemanticModelBridge" xmi:id="_ERJQAY_MEeOWUNI5RltWDA" presentation="default">
              <element href="airbag1.sysml#_ERJQAo_MEeOWUNI5RltWDA"/>
            </semanticModel>
          </contained>
          <contained xsi:type="di:GraphEdge" xmi:id="_HfMgYY_MEeOWUNI5RltWDA" anchor="_-03NgY_LEeOWUNI5RltWDA _HfMgYI_MEeOWUNI5RltWDA">
            <semanticModel xsi:type="di:EMFSemanticModelBridge" xmi:id="_HfMgYo_MEeOWUNI5RltWDA" presentation="default">
              <element href="airbag1.sysml#_HfMgZY_MEeOWUNI5RltWDA"/>
            </semanticModel>
            <contained xsi:type="di:EdgeObjectOffset" xmi:id="_HfMgY4_MEeOWUNI5RltWDA" id="nameEdgeObject" offset="-5,-13"/>
            <contained xsi:type="di:EdgeObjectOffset" xmi:id="_HfMgZI_MEeOWUNI5RltWDA" visible="false" id="TransitionStereotypeEdgeObject"/>
            <waypoints>[131, -20, -125, -17]</waypoints>
          </contained>
          <contained xsi:type="di:GraphEdge" xmi:id="_MOPpcY_MEeOWUNI5RltWDA" anchor="_HfMgYI_MEeOWUNI5RltWDA _MOPpcI_MEeOWUNI5RltWDA">
            <semanticModel xsi:type="di:EMFSemanticModelBridge" xmi:id="_MOPpco_MEeOWUNI5RltWDA" presentation="default">
              <element href="airbag1.sysml#_MOPpdY_MEeOWUNI5RltWDA"/>
            </semanticModel>
            <contained xsi:type="di:EdgeObjectOffset" xmi:id="_MOPpc4_MEeOWUNI5RltWDA" id="nameEdgeObject" offset="17,-55"/>
            <contained xsi:type="di:EdgeObjectOffset" xmi:id="_MOPpdI_MEeOWUNI5RltWDA" visible="false" id="TransitionStereotypeEdgeObject"/>
            <waypoints>[83, 7, 83, 7]</waypoints>
            <waypoints>[83, 46, 83, 46]</waypoints>
            <waypoints>[0, 46, 0, 46]</waypoints>
          </contained>
          <contained xsi:type="di:GraphEdge" xmi:id="_gii7YJAUEeOsxbuHs23Pxw" anchor="_HfMgYI_MEeOWUNI5RltWDA _-03NgY_LEeOWUNI5RltWDA">
            <semanticModel xsi:type="di:EMFSemanticModelBridge" xmi:id="_gii7YZAUEeOsxbuHs23Pxw" presentation="default">
              <element href="airbag1.sysml#_gii7ZJAUEeOsxbuHs23Pxw"/>
            </semanticModel>
            <contained xsi:type="di:EdgeObjectOffset" xmi:id="_gii7YpAUEeOsxbuHs23Pxw" id="nameEdgeObject" offset="1,14"/>
            <contained xsi:type="di:EdgeObjectOffset" xmi:id="_gii7Y5AUEeOsxbuHs23Pxw" visible="false" id="TransitionStereotypeEdgeObject"/>
            <waypoints>[-118, 24, 134, 21]</waypoints>
          </contained>
        </contained>
      </diagrams>