<?xml version="1.0" encoding="UTF-8"?><diagrams xmlns:xmi="http://www.omg.org/XMI" xmlns:xsi="http://www.w3.org/2001/XMLSchema-instance" xmlns:di="http://www.topcased.org/DI/1.0" xmlns:diagrams="http://www.topcased.org/Diagrams/1.0" xmi:id="_xehXX4sREeO6vI6VTIg-DA" position="0,0" size="100,100" name="No_deploy_without_mC_cmd_after_each_reset" viewport="0,3">
        <property xmi:id="_xehXYIsREeO6vI6VTIg-DA" key="pageFormatName" value="A4"/>
        <property xmi:id="_xehXYYsREeO6vI6VTIg-DA" key="diagramWidth" value="840"/>
        <property xmi:id="_xehXYosREeO6vI6VTIg-DA" key="diagramHeight" value="1188"/>
        <property xmi:id="_xehXY4sREeO6vI6VTIg-DA" key="pageMarginName" value="Small Margin"/>
        <property xmi:id="_xehXZIsREeO6vI6VTIg-DA" key="diagramTopMargin" value="20"/>
        <property xmi:id="_xehXZYsREeO6vI6VTIg-DA" key="diagramBottomMargin" value="20"/>
        <property xmi:id="_xehXZosREeO6vI6VTIg-DA" key="diagramLeftMargin" value="20"/>
        <property xmi:id="_xehXZ4sREeO6vI6VTIg-DA" key="diagramRightMargin" value="20"/>
        <property xmi:id="_xehXaIsREeO6vI6VTIg-DA" key="orientation" value="portrait"/>
        <semanticModel xsi:type="di:EMFSemanticModelBridge" xmi:id="_xehXaYsREeO6vI6VTIg-DA" presentation="org.topcased.modeler.sysml.statemachinediagram">
          <element href="airbag1.sysml#_xehXUYsREeO6vI6VTIg-DA"/>
        </semanticModel>
        <contained xsi:type="di:GraphNode" xmi:id="_xehXaosREeO6vI6VTIg-DA" size="-1,-1">
          <semanticModel xsi:type="di:EMFSemanticModelBridge" xmi:id="_xehXa4sREeO6vI6VTIg-DA" presentation="default">
            <element href="airbag1.sysml#_xehXUosREeO6vI6VTIg-DA"/>
          </semanticModel>
          <contained xsi:type="di:GraphNode" xmi:id="_xehXbIsREeO6vI6VTIg-DA" position="43,51" size="-1,-1">
            <property xmi:id="_xehXbYsREeO6vI6VTIg-DA" key="name" value="visible"/>
            <anchorage xmi:id="_xehXbosREeO6vI6VTIg-DA" graphEdge="_xehXc4sREeO6vI6VTIg-DA"/>
            <semanticModel xsi:type="di:EMFSemanticModelBridge" xmi:id="_xehXb4sREeO6vI6VTIg-DA" presentation="default">
              <element href="airbag1.sysml#_xehXU4sREeO6vI6VTIg-DA"/>
            </semanticModel>
          </contained>
          <contained xsi:type="di:GraphNode" xmi:id="_xehXcIsREeO6vI6VTIg-DA" position="137,37" size="116,50">
            <anchorage xmi:id="_xehXcYsREeO6vI6VTIg-DA" graphEdge="_xehXc4sREeO6vI6VTIg-DA _xehXkIsREeO6vI6VTIg-DA _xehXlIsREeO6vI6VTIg-DA _YgE1IZCVEeOExvo4kvOggQ"/>
            <anchorage xmi:id="_YgE1IJCVEeOExvo4kvOggQ" graphEdge="_YgE1IZCVEeOExvo4kvOggQ"/>
            <semanticModel xsi:type="di:EMFSemanticModelBridge" xmi:id="_xehXcosREeO6vI6VTIg-DA" presentation="default">
              <element href="airbag1.sysml#_xehXVIsREeO6vI6VTIg-DA"/>
            </semanticModel>
          </contained>
          <contained xsi:type="di:GraphEdge" xmi:id="_xehXc4sREeO6vI6VTIg-DA" anchor="_xehXbosREeO6vI6VTIg-DA _xehXcYsREeO6vI6VTIg-DA">
            <semanticModel xsi:type="di:EMFSemanticModelBridge" xmi:id="_xehXdIsREeO6vI6VTIg-DA" presentation="default">
              <element href="airbag1.sysml#_xehXXIsREeO6vI6VTIg-DA"/>
            </semanticModel>
            <contained xsi:type="di:EdgeObjectOffset" xmi:id="_xehXdYsREeO6vI6VTIg-DA" id="nameEdgeObject" offset="-3,-12"/>
            <contained xsi:type="di:EdgeObjectOffset" xmi:id="_xehXdosREeO6vI6VTIg-DA" visible="false" id="TransitionStereotypeEdgeObject"/>
          </contained>
          <contained xsi:type="di:GraphNode" xmi:id="_xehXd4sREeO6vI6VTIg-DA" position="378,30" size="313,200">
            <anchorage xmi:id="_xehXeIsREeO6vI6VTIg-DA" graphEdge="_xehXkIsREeO6vI6VTIg-DA _xehXlIsREeO6vI6VTIg-DA"/>
            <semanticModel xsi:type="di:EMFSemanticModelBridge" xmi:id="_xehXeYsREeO6vI6VTIg-DA" presentation="default">
              <element href="airbag1.sysml#_xehXVYsREeO6vI6VTIg-DA"/>
            </semanticModel>
            <contained xsi:type="di:GraphNode" xmi:id="_xehXeosREeO6vI6VTIg-DA">
              <semanticModel xsi:type="di:EMFSemanticModelBridge" xmi:id="_xehXe4sREeO6vI6VTIg-DA" presentation="default">
                <element href="airbag1.sysml#_xehXVosREeO6vI6VTIg-DA"/>
              </semanticModel>
              <contained xsi:type="di:GraphNode" xmi:id="_xehXfIsREeO6vI6VTIg-DA" position="26,7" size="-1,-1">
                <property xmi:id="_xehXfYsREeO6vI6VTIg-DA" key="name" value="visible"/>
                <anchorage xmi:id="_xehXfosREeO6vI6VTIg-DA" graphEdge="_xehXhIsREeO6vI6VTIg-DA"/>
                <semanticModel xsi:type="di:EMFSemanticModelBridge" xmi:id="_xehXf4sREeO6vI6VTIg-DA" presentation="default">
                  <element href="airbag1.sysml#_xehXV4sREeO6vI6VTIg-DA"/>
                </semanticModel>
              </contained>
              <contained xsi:type="di:GraphNode" xmi:id="_xehXgIsREeO6vI6VTIg-DA" position="137,31" size="59,50">
                <anchorage xmi:id="_xehXgYsREeO6vI6VTIg-DA" graphEdge="_xehXhIsREeO6vI6VTIg-DA _xehXiIsREeO6vI6VTIg-DA _xehXjIsREeO6vI6VTIg-DA"/>
                <anchorage xmi:id="_xehXgosREeO6vI6VTIg-DA" graphEdge="_xehXiIsREeO6vI6VTIg-DA _xehXjIsREeO6vI6VTIg-DA"/>
                <semanticModel xsi:type="di:EMFSemanticModelBridge" xmi:id="_xehXg4sREeO6vI6VTIg-DA" presentation="default">
                  <element href="airbag1.sysml#_xehXWIsREeO6vI6VTIg-DA"/>
                </semanticModel>
              </contained>
              <contained xsi:type="di:GraphEdge" xmi:id="_xehXhIsREeO6vI6VTIg-DA" anchor="_xehXfosREeO6vI6VTIg-DA _xehXgYsREeO6vI6VTIg-DA">
                <semanticModel xsi:type="di:EMFSemanticModelBridge" xmi:id="_xehXhYsREeO6vI6VTIg-DA" presentation="default">
                  <element href="airbag1.sysml#_xehXWYsREeO6vI6VTIg-DA"/>
                </semanticModel>
                <contained xsi:type="di:EdgeObjectOffset" xmi:id="_xehXhosREeO6vI6VTIg-DA" id="nameEdgeObject" offset="-1,-12"/>
                <contained xsi:type="di:EdgeObjectOffset" xmi:id="_xehXh4sREeO6vI6VTIg-DA" visible="false" id="TransitionStereotypeEdgeObject"/>
              </contained>
              <contained xsi:type="di:GraphEdge" xmi:id="_xehXiIsREeO6vI6VTIg-DA" anchor="_xehXgYsREeO6vI6VTIg-DA _xehXgosREeO6vI6VTIg-DA">
                <semanticModel xsi:type="di:EMFSemanticModelBridge" xmi:id="_xehXiYsREeO6vI6VTIg-DA" presentation="default">
                  <element href="airbag1.sysml#_xehXWosREeO6vI6VTIg-DA"/>
                </semanticModel>
                <contained xsi:type="di:EdgeObjectOffset" xmi:id="_xehXiosREeO6vI6VTIg-DA" id="nameEdgeObject" offset="10,16"/>
                <contained xsi:type="di:EdgeObjectOffset" xmi:id="_xehXi4sREeO6vI6VTIg-DA" visible="false" id="TransitionStereotypeEdgeObject"/>
                <waypoints>[61, 0, 61, 0]</waypoints>
                <waypoints>[61, 60, 61, 60]</waypoints>
                <waypoints>[22, 60, 22, 60]</waypoints>
              </contained>
              <contained xsi:type="di:GraphEdge" xmi:id="_xehXjIsREeO6vI6VTIg-DA" anchor="_xehXgYsREeO6vI6VTIg-DA _xehXgosREeO6vI6VTIg-DA">
                <semanticModel xsi:type="di:EMFSemanticModelBridge" xmi:id="_xehXjYsREeO6vI6VTIg-DA" presentation="default">
                  <element href="airbag1.sysml#_xehXW4sREeO6vI6VTIg-DA"/>
                </semanticModel>
                <contained xsi:type="di:EdgeObjectOffset" xmi:id="_xehXjosREeO6vI6VTIg-DA" id="nameEdgeObject" offset="19,17"/>
                <contained xsi:type="di:EdgeObjectOffset" xmi:id="_xehXj4sREeO6vI6VTIg-DA" visible="false" id="TransitionStereotypeEdgeObject"/>
                <waypoints>[-64, 0, -64, 0]</waypoints>
                <waypoints>[-64, 61, -64, 61]</waypoints>
                <waypoints>[-20, 61, -20, 61]</waypoints>
              </contained>
            </contained>
          </contained>
          <contained xsi:type="di:GraphEdge" xmi:id="_xehXkIsREeO6vI6VTIg-DA" anchor="_xehXcYsREeO6vI6VTIg-DA _xehXeIsREeO6vI6VTIg-DA">
            <semanticModel xsi:type="di:EMFSemanticModelBridge" xmi:id="_xehXkYsREeO6vI6VTIg-DA" presentation="default">
              <element href="airbag1.sysml#_xehXXYsREeO6vI6VTIg-DA"/>
            </semanticModel>
            <contained xsi:type="di:EdgeObjectOffset" xmi:id="_xehXkosREeO6vI6VTIg-DA" id="nameEdgeObject" offset="1,-15"/>
            <contained xsi:type="di:EdgeObjectOffset" xmi:id="_xehXk4sREeO6vI6VTIg-DA" visible="false" id="TransitionStereotypeEdgeObject"/>
            <waypoints>[106, -9, -182, -77]</waypoints>
          </contained>
          <contained xsi:type="di:GraphEdge" xmi:id="_xehXlIsREeO6vI6VTIg-DA" anchor="_xehXeIsREeO6vI6VTIg-DA _xehXcYsREeO6vI6VTIg-DA">
            <semanticModel xsi:type="di:EMFSemanticModelBridge" xmi:id="_xehXlYsREeO6vI6VTIg-DA" presentation="default">
              <element href="airbag1.sysml#_xehXXosREeO6vI6VTIg-DA"/>
            </semanticModel>
            <contained xsi:type="di:EdgeObjectOffset" xmi:id="_xehXlosREeO6vI6VTIg-DA" id="nameEdgeObject" offset="-45,-3"/>
            <contained xsi:type="di:EdgeObjectOffset" xmi:id="_xehXl4sREeO6vI6VTIg-DA" visible="false" id="TransitionStereotypeEdgeObject"/>
            <waypoints>[-188, 0, 100, 68]</waypoints>
          </contained>
          <contained xsi:type="di:GraphEdge" xmi:id="_YgE1IZCVEeOExvo4kvOggQ" anchor="_xehXcYsREeO6vI6VTIg-DA _YgE1IJCVEeOExvo4kvOggQ">
            <semanticModel xsi:type="di:EMFSemanticModelBridge" xmi:id="_YgE1IpCVEeOExvo4kvOggQ" presentation="default">
              <element href="airbag1.sysml#_YgE1JZCVEeOExvo4kvOggQ"/>
            </semanticModel>
            <contained xsi:type="di:EdgeObjectOffset" xmi:id="_YgE1I5CVEeOExvo4kvOggQ" id="nameEdgeObject" offset="4,18"/>
            <contained xsi:type="di:EdgeObjectOffset" xmi:id="_YgE1JJCVEeOExvo4kvOggQ" visible="false" id="TransitionStereotypeEdgeObject"/>
            <waypoints>[8, 62, 8, 62]</waypoints>
            <waypoints>[-7, 62, -7, 62]</waypoints>
          </contained>
        </contained>
      </diagrams>