<?xml version="1.0" encoding="UTF-8"?><ownedBehavior xmlns:xmi="http://www.omg.org/XMI" xmlns:Allocations="http://www.eclipse.org/papyrus/0.7.0/SysML/Allocations" xmlns:ecore="http://www.eclipse.org/emf/2002/Ecore" xmlns:refMapProfile="http:///schemas/refMapProfile/_Wn_IAGZAEeKTUctFx_SZgg/7" xmlns:sysML="http://www.topcased.org/2.0/sysML" xmlns:uml="http://www.eclipse.org/uml2/3.0.0/UML" xmlns:xsi="http://www.w3.org/2001/XMLSchema-instance" name="stm_Deploy_controlled_by_heating" xmi:id="_2wB0YI_LEeOWUNI5RltWDA" xmi:type="uml:StateMachine">
          <region name="Region" xmi:id="_2wB0YY_LEeOWUNI5RltWDA" xmi:type="uml:Region">
            <subvertex name="Init" xmi:id="_3ha1E4_LEeOWUNI5RltWDA" xmi:type="uml:Pseudostate"/>
            <subvertex name="SquibNotHeated" xmi:id="_5L8dMo_LEeOWUNI5RltWDA" xmi:type="uml:State"/>
            <subvertex name="SquibHeated" xmi:id="_ERJQAo_MEeOWUNI5RltWDA" xmi:type="uml:State"/>
            <transition kind="local" name="" source="_3ha1E4_LEeOWUNI5RltWDA" target="_5L8dMo_LEeOWUNI5RltWDA" xmi:id="_-1A-hI_LEeOWUNI5RltWDA" xmi:type="uml:Transition"/>
            <transition kind="local" name="squib_heated" source="_5L8dMo_LEeOWUNI5RltWDA" target="_ERJQAo_MEeOWUNI5RltWDA" xmi:id="_HfMgZY_MEeOWUNI5RltWDA" xmi:type="uml:Transition"/>
            <transition kind="local" name="deploy" source="_ERJQAo_MEeOWUNI5RltWDA" target="_ERJQAo_MEeOWUNI5RltWDA" xmi:id="_MOPpdY_MEeOWUNI5RltWDA" xmi:type="uml:Transition"/>
            <transition kind="local" name="intst" source="_ERJQAo_MEeOWUNI5RltWDA" target="_5L8dMo_LEeOWUNI5RltWDA" xmi:id="_gii7ZJAUEeOsxbuHs23Pxw" xmi:type="uml:Transition"/>
          </region>
        </ownedBehavior>