<?xml version="1.0" encoding="UTF-8" standalone="no"?><ownedBehavior xmlns:Allocations="http://www.eclipse.org/papyrus/0.7.0/SysML/Allocations" xmlns:ecore="http://www.eclipse.org/emf/2002/Ecore" xmlns:refMapProfile="http:///schemas/refMapProfile/_Wn_IAGZAEeKTUctFx_SZgg/7" xmlns:sysML="http://www.topcased.org/2.0/sysML" xmlns:uml="http://www.eclipse.org/uml2/3.0.0/UML" xmlns:xmi="http://www.omg.org/XMI" xmlns:xsi="http://www.w3.org/2001/XMLSchema-instance" name="stm_No_both_sw_closed_for_Xms_without_mC_cmd" xmi:id="_7KiCgI9XEeOfsO5PIlXvBQ" xmi:type="uml:StateMachine">
          <region name="Region" xmi:id="_7KiCgY9XEeOfsO5PIlXvBQ" xmi:type="uml:Region">
            <subvertex name="No_both_sw_closed_for_Xms_without_mC_cmd_State1" xmi:id="_WcnBRI_UEeOWUNI5RltWDA" xmi:type="uml:State">
              <region name="Region1" xmi:id="_WcnBRY_UEeOWUNI5RltWDA" xmi:type="uml:Region">
                <subvertex name="No_both_sw_closed_for_Xms_without_mC_cmd_Init1" xmi:id="_HXxuUJAPEeOsxbuHs23Pxw" xmi:type="uml:Pseudostate"/>
                <subvertex name="No_both_sw_closed_for_Xms_without_mC_cmd_NoCmd" xmi:id="_OIGyoJAPEeOsxbuHs23Pxw" xmi:type="uml:State"/>
                <subvertex name="No_both_sw_closed_for_Xms_without_mC_cmd_Cmd" xmi:id="_PqJ0MJAPEeOsxbuHs23Pxw" xmi:type="uml:State"/>
                <transition kind="local" name="" source="_HXxuUJAPEeOsxbuHs23Pxw" target="_OIGyoJAPEeOsxbuHs23Pxw" xmi:id="_TKzQdJAPEeOsxbuHs23Pxw" xmi:type="uml:Transition"/>
                <transition kind="local" name="_mC_cmd_" source="_OIGyoJAPEeOsxbuHs23Pxw" target="_PqJ0MJAPEeOsxbuHs23Pxw" xmi:id="_WI71hJAPEeOsxbuHs23Pxw" xmi:type="uml:Transition"/>
                <transition kind="local" name="_both_sw_closed_for_Xms_" source="_PqJ0MJAPEeOsxbuHs23Pxw" target="_PqJ0MJAPEeOsxbuHs23Pxw" xmi:id="_A95lRJL7EeOonalRpHtFwQ" xmi:type="uml:Transition"/>
                <transition kind="local" name="_mC_cmd_" source="_PqJ0MJAPEeOsxbuHs23Pxw" target="_PqJ0MJAPEeOsxbuHs23Pxw" xmi:id="_KX1wJJL7EeOonalRpHtFwQ" xmi:type="uml:Transition"/>
              </region>
            </subvertex>
            <subvertex name="No_both_sw_closed_for_Xms_without_mC_cmd_Init" xmi:id="_o5UdQ5ANEeOsxbuHs23Pxw" xmi:type="uml:Pseudostate"/>
            <transition kind="local" name="" source="_o5UdQ5ANEeOsxbuHs23Pxw" target="_WcnBRI_UEeOWUNI5RltWDA" xmi:id="_wImudJANEeOsxbuHs23Pxw" xmi:type="uml:Transition"/>
            <transition kind="local" name="_reset_" source="_WcnBRI_UEeOWUNI5RltWDA" target="_WcnBRI_UEeOWUNI5RltWDA" xmi:id="_XqWaZZAOEeOsxbuHs23Pxw" xmi:type="uml:Transition"/>
          </region>
        </ownedBehavior>