<?xml version="1.0" encoding="UTF-8"?><ownedBehavior xmlns:xmi="http://www.omg.org/XMI" xmlns:Allocations="http://www.eclipse.org/papyrus/0.7.0/SysML/Allocations" xmlns:ecore="http://www.eclipse.org/emf/2002/Ecore" xmlns:refMapProfile="http:///schemas/refMapProfile/_Wn_IAGZAEeKTUctFx_SZgg/7" xmlns:sysML="http://www.topcased.org/2.0/sysML" xmlns:uml="http://www.eclipse.org/uml2/3.0.0/UML" xmlns:xsi="http://www.w3.org/2001/XMLSchema-instance" name="stm_No_deploy_without_mC_cmd_after_each_reset" xmi:id="_xehXUYsREeO6vI6VTIg-DA" xmi:type="uml:StateMachine">
          <region name="Region" xmi:id="_xehXUosREeO6vI6VTIg-DA" xmi:type="uml:Region">
            <subvertex name="Init" xmi:id="_xehXU4sREeO6vI6VTIg-DA" xmi:type="uml:Pseudostate"/>
            <subvertex name="AfterReset" xmi:id="_xehXVIsREeO6vI6VTIg-DA" xmi:type="uml:State"/>
            <subvertex name="AfterCmd" xmi:id="_xehXVYsREeO6vI6VTIg-DA" xmi:type="uml:State">
              <region name="Region1" xmi:id="_xehXVosREeO6vI6VTIg-DA" xmi:type="uml:Region">
                <subvertex name="Init1" xmi:id="_xehXV4sREeO6vI6VTIg-DA" xmi:type="uml:Pseudostate"/>
                <subvertex name="State1" xmi:id="_xehXWIsREeO6vI6VTIg-DA" xmi:type="uml:State"/>
                <transition kind="local" name="" source="_xehXV4sREeO6vI6VTIg-DA" target="_xehXWIsREeO6vI6VTIg-DA" xmi:id="_xehXWYsREeO6vI6VTIg-DA" xmi:type="uml:Transition"/>
                <transition kind="local" name="mC_cmd" source="_xehXWIsREeO6vI6VTIg-DA" target="_xehXWIsREeO6vI6VTIg-DA" xmi:id="_xehXWosREeO6vI6VTIg-DA" xmi:type="uml:Transition"/>
                <transition kind="local" name="deploy" source="_xehXWIsREeO6vI6VTIg-DA" target="_xehXWIsREeO6vI6VTIg-DA" xmi:id="_xehXW4sREeO6vI6VTIg-DA" xmi:type="uml:Transition"/>
              </region>
            </subvertex>
            <transition kind="local" name="" source="_xehXU4sREeO6vI6VTIg-DA" target="_xehXVIsREeO6vI6VTIg-DA" xmi:id="_xehXXIsREeO6vI6VTIg-DA" xmi:type="uml:Transition"/>
            <transition kind="local" name="mC_cmd" source="_xehXVIsREeO6vI6VTIg-DA" target="_xehXVYsREeO6vI6VTIg-DA" xmi:id="_xehXXYsREeO6vI6VTIg-DA" xmi:type="uml:Transition"/>
            <transition kind="local" name="reset" source="_xehXVYsREeO6vI6VTIg-DA" target="_xehXVIsREeO6vI6VTIg-DA" xmi:id="_xehXXosREeO6vI6VTIg-DA" xmi:type="uml:Transition"/>
            <transition kind="local" name="reset" source="_xehXVIsREeO6vI6VTIg-DA" target="_xehXVIsREeO6vI6VTIg-DA" xmi:id="_YgE1JZCVEeOExvo4kvOggQ" xmi:type="uml:Transition"/>
          </region>
        </ownedBehavior>