<?xml version="1.0" encoding="UTF-8"?><ownedBehavior xmlns:xmi="http://www.omg.org/XMI" xmlns:Allocations="http://www.eclipse.org/papyrus/0.7.0/SysML/Allocations" xmlns:ecore="http://www.eclipse.org/emf/2002/Ecore" xmlns:refMapProfile="http:///schemas/refMapProfile/_Wn_IAGZAEeKTUctFx_SZgg/7" xmlns:sysML="http://www.topcased.org/2.0/sysML" xmlns:uml="http://www.eclipse.org/uml2/3.0.0/UML" xmlns:xsi="http://www.w3.org/2001/XMLSchema-instance" name="stm_Squib_heated_only_if_both_sw_closed_for_Xms" xmi:id="_-I4YkJCMEeOxWeOImWZQsw" xmi:type="uml:StateMachine">
          <region name="Region" xmi:id="_-I4YkZCMEeOxWeOImWZQsw" xmi:type="uml:Region">
            <subvertex name="Init" xmi:id="__tTYs5CMEeOxWeOImWZQsw" xmi:type="uml:Pseudostate"/>
            <subvertex name="State1" xmi:id="_DnsKoJCNEeOxWeOImWZQsw" xmi:type="uml:State"/>
            <subvertex name="State2" xmi:id="_LJa2sJCNEeOxWeOImWZQsw" xmi:type="uml:State"/>
            <transition kind="local" name="" source="__tTYs5CMEeOxWeOImWZQsw" target="_DnsKoJCNEeOxWeOImWZQsw" xmi:id="_HvUHVpCNEeOxWeOImWZQsw" xmi:type="uml:Transition"/>
            <transition kind="local" name="both_sw_closed_for_Xms" source="_DnsKoJCNEeOxWeOImWZQsw" target="_LJa2sJCNEeOxWeOImWZQsw" xmi:id="_PgXo1ZCNEeOxWeOImWZQsw" xmi:type="uml:Transition"/>
            <transition kind="local" name="squib_heated" source="_LJa2sJCNEeOxWeOImWZQsw" target="_DnsKoJCNEeOxWeOImWZQsw" xmi:id="_XQ-eZZCNEeOxWeOImWZQsw" xmi:type="uml:Transition"/>
          </region>
        </ownedBehavior>