<?xml version="1.0" encoding="UTF-8"?><diagrams xmlns:xmi="http://www.omg.org/XMI" xmlns:xsi="http://www.w3.org/2001/XMLSchema-instance" xmlns:di="http://www.topcased.org/DI/1.0" xmlns:diagrams="http://www.topcased.org/Diagrams/1.0" xmi:id="_clVfwweFEeS1EOa_rhDbNA" position="0,0" size="100,100" name="FSR5" viewport="0,0">
      <property xmi:id="_cl7VogeFEeS1EOa_rhDbNA" key="pageFormatName" value="A4"/>
      <property xmi:id="_cl7VoweFEeS1EOa_rhDbNA" key="diagramWidth" value="840"/>
      <property xmi:id="_cl7VpAeFEeS1EOa_rhDbNA" key="diagramHeight" value="1188"/>
      <property xmi:id="_cl7VpQeFEeS1EOa_rhDbNA" key="pageMarginName" value="Small Margin"/>
      <property xmi:id="_cl7VpgeFEeS1EOa_rhDbNA" key="diagramTopMargin" value="20"/>
      <property xmi:id="_cl7VpweFEeS1EOa_rhDbNA" key="diagramBottomMargin" value="20"/>
      <property xmi:id="_cl7VqAeFEeS1EOa_rhDbNA" key="diagramLeftMargin" value="20"/>
      <property xmi:id="_cl7VqQeFEeS1EOa_rhDbNA" key="diagramRightMargin" value="20"/>
      <property xmi:id="_cl7VqgeFEeS1EOa_rhDbNA" key="orientation" value="portrait"/>
      <semanticModel xsi:type="di:EMFSemanticModelBridge" xmi:id="_clVfxAeFEeS1EOa_rhDbNA" presentation="org.topcased.modeler.sysml.statemachinediagram">
        <element href="crf_eshift.sysml#_clVfwAeFEeS1EOa_rhDbNA"/>
      </semanticModel>
      <contained xsi:type="di:GraphNode" xmi:id="_cl7VoAeFEeS1EOa_rhDbNA" size="-1,-1">
        <semanticModel xsi:type="di:EMFSemanticModelBridge" xmi:id="_cl7VoQeFEeS1EOa_rhDbNA" presentation="default">
          <element href="crf_eshift.sysml#_clVfwQeFEeS1EOa_rhDbNA"/>
        </semanticModel>
        <contained xsi:type="di:GraphNode" xmi:id="_dXBbYAeFEeS1EOa_rhDbNA" position="18,71" size="-1,-1">
          <property xmi:id="_dXBbYgeFEeS1EOa_rhDbNA" key="name" value="visible"/>
          <anchorage xmi:id="_-P4HwAeFEeS1EOa_rhDbNA" graphEdge="_-P4HwQeFEeS1EOa_rhDbNA"/>
          <semanticModel xsi:type="di:EMFSemanticModelBridge" xmi:id="_dXBbYQeFEeS1EOa_rhDbNA" presentation="default">
            <element href="crf_eshift.sysml#_dXBbYweFEeS1EOa_rhDbNA"/>
          </semanticModel>
        </contained>
        <contained xsi:type="di:GraphNode" xmi:id="_fRwpwAeFEeS1EOa_rhDbNA" position="118,63" size="120,81">
          <anchorage xmi:id="_7ZxdUAeFEeS1EOa_rhDbNA" graphEdge="_7Z7OUAeFEeS1EOa_rhDbNA _-P4HwQeFEeS1EOa_rhDbNA _E8V_wAeGEeS1EOa_rhDbNA"/>
          <semanticModel xsi:type="di:EMFSemanticModelBridge" xmi:id="_fRwpwQeFEeS1EOa_rhDbNA" presentation="default">
            <element href="crf_eshift.sysml#_fR6awAeFEeS1EOa_rhDbNA"/>
          </semanticModel>
        </contained>
        <contained xsi:type="di:GraphNode" xmi:id="_lnxJkAeFEeS1EOa_rhDbNA" position="344,21" size="427,161">
          <anchorage xmi:id="_7ZxdUQeFEeS1EOa_rhDbNA" graphEdge="_7Z7OUAeFEeS1EOa_rhDbNA _E8V_wAeGEeS1EOa_rhDbNA"/>
          <semanticModel xsi:type="di:EMFSemanticModelBridge" xmi:id="_lnxJkQeFEeS1EOa_rhDbNA" presentation="default">
            <element href="crf_eshift.sysml#_lnxJlAeFEeS1EOa_rhDbNA"/>
          </semanticModel>
          <contained xsi:type="di:GraphNode" xmi:id="_lnxJkgeFEeS1EOa_rhDbNA">
            <semanticModel xsi:type="di:EMFSemanticModelBridge" xmi:id="_lnxJkweFEeS1EOa_rhDbNA" presentation="default">
              <element href="crf_eshift.sysml#_lnxJlQeFEeS1EOa_rhDbNA"/>
            </semanticModel>
            <contained xsi:type="di:GraphNode" xmi:id="_oX6V8AeFEeS1EOa_rhDbNA" position="7,10" size="-1,-1">
              <property xmi:id="_oX6V8geFEeS1EOa_rhDbNA" key="name" value="visible"/>
              <anchorage xmi:id="_s-yacAeFEeS1EOa_rhDbNA" graphEdge="_s-yacgeFEeS1EOa_rhDbNA"/>
              <semanticModel xsi:type="di:EMFSemanticModelBridge" xmi:id="_oX6V8QeFEeS1EOa_rhDbNA" presentation="default">
                <element href="crf_eshift.sysml#_oX6V8weFEeS1EOa_rhDbNA"/>
              </semanticModel>
            </contained>
            <contained xsi:type="di:GraphNode" xmi:id="_p4eJwAeFEeS1EOa_rhDbNA" position="82,2" size="99,50">
              <anchorage xmi:id="_s-yacQeFEeS1EOa_rhDbNA" graphEdge="_s-yacgeFEeS1EOa_rhDbNA _zB5MYQeFEeS1EOa_rhDbNA"/>
              <semanticModel xsi:type="di:EMFSemanticModelBridge" xmi:id="_p4eJwQeFEeS1EOa_rhDbNA" presentation="default">
                <element href="crf_eshift.sysml#_p4nTsAeFEeS1EOa_rhDbNA"/>
              </semanticModel>
            </contained>
            <contained xsi:type="di:GraphEdge" xmi:id="_s-yacgeFEeS1EOa_rhDbNA" anchor="_s-yacAeFEeS1EOa_rhDbNA _s-yacQeFEeS1EOa_rhDbNA">
              <semanticModel xsi:type="di:EMFSemanticModelBridge" xmi:id="_s-yacweFEeS1EOa_rhDbNA" presentation="default">
                <element href="crf_eshift.sysml#_s-yadgeFEeS1EOa_rhDbNA"/>
              </semanticModel>
              <contained xsi:type="di:EdgeObjectOffset" xmi:id="_s-yadAeFEeS1EOa_rhDbNA" id="nameEdgeObject"/>
              <contained xsi:type="di:EdgeObjectOffset" xmi:id="_s-yadQeFEeS1EOa_rhDbNA" visible="false" id="TransitionStereotypeEdgeObject"/>
            </contained>
            <contained xsi:type="di:GraphNode" xmi:id="_v4cvMAeFEeS1EOa_rhDbNA" position="269,5" size="72,50">
              <anchorage xmi:id="_zB5MYAeFEeS1EOa_rhDbNA" graphEdge="_zB5MYQeFEeS1EOa_rhDbNA _2Bz6IQeFEeS1EOa_rhDbNA _Oto6sAeGEeS1EOa_rhDbNA"/>
              <anchorage xmi:id="_2Bz6IAeFEeS1EOa_rhDbNA" graphEdge="_2Bz6IQeFEeS1EOa_rhDbNA _Oto6sAeGEeS1EOa_rhDbNA"/>
              <semanticModel xsi:type="di:EMFSemanticModelBridge" xmi:id="_v4cvMQeFEeS1EOa_rhDbNA" presentation="default">
                <element href="crf_eshift.sysml#_v4mgMAeFEeS1EOa_rhDbNA"/>
              </semanticModel>
            </contained>
            <contained xsi:type="di:GraphEdge" xmi:id="_zB5MYQeFEeS1EOa_rhDbNA" anchor="_s-yacQeFEeS1EOa_rhDbNA _zB5MYAeFEeS1EOa_rhDbNA">
              <semanticModel xsi:type="di:EMFSemanticModelBridge" xmi:id="_zB5MYgeFEeS1EOa_rhDbNA" presentation="default">
                <element href="crf_eshift.sysml#_zB5MZQeFEeS1EOa_rhDbNA"/>
              </semanticModel>
              <contained xsi:type="di:EdgeObjectOffset" xmi:id="_zB5MYweFEeS1EOa_rhDbNA" id="nameEdgeObject" offset="-3,-11"/>
              <contained xsi:type="di:EdgeObjectOffset" xmi:id="_zB5MZAeFEeS1EOa_rhDbNA" visible="false" id="TransitionStereotypeEdgeObject"/>
            </contained>
            <contained xsi:type="di:GraphEdge" xmi:id="_2Bz6IQeFEeS1EOa_rhDbNA" anchor="_zB5MYAeFEeS1EOa_rhDbNA _2Bz6IAeFEeS1EOa_rhDbNA">
              <semanticModel xsi:type="di:EMFSemanticModelBridge" xmi:id="_2Bz6IgeFEeS1EOa_rhDbNA" presentation="default">
                <element href="crf_eshift.sysml#_2Bz6JQeFEeS1EOa_rhDbNA"/>
              </semanticModel>
              <contained xsi:type="di:EdgeObjectOffset" xmi:id="_2Bz6IweFEeS1EOa_rhDbNA" id="nameEdgeObject" offset="-21,17"/>
              <contained xsi:type="di:EdgeObjectOffset" xmi:id="_2Bz6JAeFEeS1EOa_rhDbNA" visible="false" id="TransitionStereotypeEdgeObject"/>
              <waypoints>[86, 0, 86, 0]</waypoints>
              <waypoints>[86, -38, 86, -38]</waypoints>
              <waypoints>[13, -38, 13, -38]</waypoints>
            </contained>
            <contained xsi:type="di:GraphEdge" xmi:id="_Oto6sAeGEeS1EOa_rhDbNA" anchor="_zB5MYAeFEeS1EOa_rhDbNA _2Bz6IAeFEeS1EOa_rhDbNA">
              <semanticModel xsi:type="di:EMFSemanticModelBridge" xmi:id="_Oto6sQeGEeS1EOa_rhDbNA" presentation="default">
                <element href="crf_eshift.sysml#_Oto6tAeGEeS1EOa_rhDbNA"/>
              </semanticModel>
              <contained xsi:type="di:EdgeObjectOffset" xmi:id="_Oto6sgeGEeS1EOa_rhDbNA" id="nameEdgeObject" offset="-45,14"/>
              <contained xsi:type="di:EdgeObjectOffset" xmi:id="_Oto6sweGEeS1EOa_rhDbNA" visible="false" id="TransitionStereotypeEdgeObject"/>
              <waypoints>[87, 12, 87, 12]</waypoints>
              <waypoints>[87, 45, 87, 45]</waypoints>
              <waypoints>[18, 45, 18, 45]</waypoints>
            </contained>
          </contained>
        </contained>
        <contained xsi:type="di:GraphEdge" xmi:id="_7Z7OUAeFEeS1EOa_rhDbNA" anchor="_7ZxdUAeFEeS1EOa_rhDbNA _7ZxdUQeFEeS1EOa_rhDbNA">
          <semanticModel xsi:type="di:EMFSemanticModelBridge" xmi:id="_7Z7OUQeFEeS1EOa_rhDbNA" presentation="default">
            <element href="crf_eshift.sysml#_7Z7OVAeFEeS1EOa_rhDbNA"/>
          </semanticModel>
          <contained xsi:type="di:EdgeObjectOffset" xmi:id="_7Z7OUgeFEeS1EOa_rhDbNA" id="nameEdgeObject" offset="-1,-15"/>
          <contained xsi:type="di:EdgeObjectOffset" xmi:id="_7Z7OUweFEeS1EOa_rhDbNA" visible="false" id="TransitionStereotypeEdgeObject"/>
          <waypoints>[100, -9, -279, -42]</waypoints>
        </contained>
        <contained xsi:type="di:GraphEdge" xmi:id="_-P4HwQeFEeS1EOa_rhDbNA" anchor="_-P4HwAeFEeS1EOa_rhDbNA _7ZxdUAeFEeS1EOa_rhDbNA">
          <semanticModel xsi:type="di:EMFSemanticModelBridge" xmi:id="_-P4HwgeFEeS1EOa_rhDbNA" presentation="default">
            <element href="crf_eshift.sysml#_-P4HxQeFEeS1EOa_rhDbNA"/>
          </semanticModel>
          <contained xsi:type="di:EdgeObjectOffset" xmi:id="_-P4HwweFEeS1EOa_rhDbNA" id="nameEdgeObject"/>
          <contained xsi:type="di:EdgeObjectOffset" xmi:id="_-P4HxAeFEeS1EOa_rhDbNA" visible="false" id="TransitionStereotypeEdgeObject"/>
          <waypoints>[48, -1, -96, -13]</waypoints>
        </contained>
        <contained xsi:type="di:GraphEdge" xmi:id="_E8V_wAeGEeS1EOa_rhDbNA" anchor="_7ZxdUQeFEeS1EOa_rhDbNA _7ZxdUAeFEeS1EOa_rhDbNA">
          <semanticModel xsi:type="di:EMFSemanticModelBridge" xmi:id="_E8V_wQeGEeS1EOa_rhDbNA" presentation="default">
            <element href="crf_eshift.sysml#_E8V_xAeGEeS1EOa_rhDbNA"/>
          </semanticModel>
          <contained xsi:type="di:EdgeObjectOffset" xmi:id="_E8V_wgeGEeS1EOa_rhDbNA" id="nameEdgeObject" offset="2,13"/>
          <contained xsi:type="di:EdgeObjectOffset" xmi:id="_E8V_wweGEeS1EOa_rhDbNA" visible="false" id="TransitionStereotypeEdgeObject"/>
        </contained>
        <contained xsi:type="di:GraphNode" xmi:id="_K-cPoAeHEeS1EOa_rhDbNA" position="83,177" size="127,100">
          <property xmi:id="_K-cPoQeHEeS1EOa_rhDbNA" key="noteValue" value="The user has to be warned before charging starts"/>
          <semanticModel xsi:type="di:SimpleSemanticModelElement" xmi:id="_K-cPogeHEeS1EOa_rhDbNA" presentation="default" typeInfo="Note"/>
        </contained>
      </contained>
    </diagrams>