<?xml version="1.0" encoding="UTF-8"?><diagrams xmlns:xmi="http://www.omg.org/XMI" xmlns:xsi="http://www.w3.org/2001/XMLSchema-instance" xmlns:di="http://www.topcased.org/DI/1.0" xmlns:diagrams="http://www.topcased.org/Diagrams/1.0" xmi:id="_6uEocBpeEeS2geI9OXLqnw" position="0,0" size="100,100" name="TSR" zoom="0.75" viewport="265,0">
    <property xmi:id="_6vtnMBpeEeS2geI9OXLqnw" key="pageFormatName" value="A2"/>
    <property xmi:id="_6v2xIBpeEeS2geI9OXLqnw" key="diagramWidth" value="1680"/>
    <property xmi:id="_6wAiIBpeEeS2geI9OXLqnw" key="diagramHeight" value="2376"/>
    <property xmi:id="_6wKTIBpeEeS2geI9OXLqnw" key="pageMarginName" value="Small Margin"/>
    <property xmi:id="_6wKTIRpeEeS2geI9OXLqnw" key="diagramTopMargin" value="20"/>
    <property xmi:id="_6wTdEBpeEeS2geI9OXLqnw" key="diagramBottomMargin" value="20"/>
    <property xmi:id="_6wdOEBpeEeS2geI9OXLqnw" key="diagramLeftMargin" value="20"/>
    <property xmi:id="_6wmYABpeEeS2geI9OXLqnw" key="diagramRightMargin" value="20"/>
    <property xmi:id="_6wwJABpeEeS2geI9OXLqnw" key="orientation" value="landscape"/>
    <semanticModel xsi:type="di:EMFSemanticModelBridge" xmi:id="_6uEocRpeEeS2geI9OXLqnw" presentation="org.topcased.modeler.sysml.requirementdiagram">
      <element href="crf_eshift.sysml#idPackage"/>
    </semanticModel>
    <contained xsi:type="di:GraphNode" xmi:id="_OLr3sBpfEeS2geI9OXLqnw" position="16,52" size="309,-1">
      <anchorage xmi:id="_eny8cRptEeS2geI9OXLqnw" graphEdge="_fWxlgRpxEeS2geI9OXLqnw"/>
      <semanticModel xsi:type="di:EMFSemanticModelBridge" xmi:id="_OLr3sRpfEeS2geI9OXLqnw" presentation="default">
        <element href="crf_eshift.sysml#_I_DpQBiHEeSuAfOWNKTejg"/>
      </semanticModel>
    </contained>
    <contained xsi:type="di:GraphNode" xmi:id="_WLuLMBpxEeS2geI9OXLqnw" position="28,385" size="261,-1">
      <anchorage xmi:id="_fWxlgBpxEeS2geI9OXLqnw" graphEdge="_fWxlgRpxEeS2geI9OXLqnw"/>
      <semanticModel xsi:type="di:EMFSemanticModelBridge" xmi:id="_WLuLMRpxEeS2geI9OXLqnw" presentation="default">
        <element href="crf_eshift.sysml#_WMK3IBpxEeS2geI9OXLqnw"/>
      </semanticModel>
    </contained>
    <contained xsi:type="di:GraphEdge" xmi:id="_fWxlgRpxEeS2geI9OXLqnw" anchor="_fWxlgBpxEeS2geI9OXLqnw _eny8cRptEeS2geI9OXLqnw">
      <property xmi:id="_6hjB4MvzEeSqEuV-ZA-uyA" key="router" value="Rectilinear"/>
      <semanticModel xsi:type="di:EMFSemanticModelBridge" xmi:id="_fWxlghpxEeS2geI9OXLqnw" presentation="default">
        <element href="crf_eshift.sysml#_fXORcBpxEeS2geI9OXLqnw"/>
      </semanticModel>
      <contained xsi:type="di:EdgeObjectOffset" xmi:id="_fWxlgxpxEeS2geI9OXLqnw" id="stereotypeEdgeObject" offset="-71,-37"/>
    </contained>
    <contained xsi:type="di:GraphNode" xmi:id="_zuK0EBp_EeS2geI9OXLqnw" position="1269,42" size="182,-1">
      <anchorage xmi:id="_gWrTkRqCEeS2geI9OXLqnw" graphEdge="_gWrTkhqCEeS2geI9OXLqnw _M-rusBqDEeS2geI9OXLqnw"/>
      <semanticModel xsi:type="di:EMFSemanticModelBridge" xmi:id="_zuK0ERp_EeS2geI9OXLqnw" presentation="default">
        <element href="crf_eshift.sysml#_T_uxUAeEEeS1EOa_rhDbNA"/>
      </semanticModel>
    </contained>
    <contained xsi:type="di:GraphNode" xmi:id="_KVJA8BqAEeS2geI9OXLqnw" position="1008,484" size="229,-1">
      <anchorage xmi:id="_gWrTkBqCEeS2geI9OXLqnw" graphEdge="_gWrTkhqCEeS2geI9OXLqnw"/>
      <semanticModel xsi:type="di:EMFSemanticModelBridge" xmi:id="_KVJA8RqAEeS2geI9OXLqnw" presentation="default">
        <element href="crf_eshift.sysml#_KVu20BqAEeS2geI9OXLqnw"/>
      </semanticModel>
    </contained>
    <contained xsi:type="di:GraphEdge" xmi:id="_gWrTkhqCEeS2geI9OXLqnw" anchor="_gWrTkBqCEeS2geI9OXLqnw _gWrTkRqCEeS2geI9OXLqnw">
      <property xmi:id="_OWImsMv0EeSqEuV-ZA-uyA" key="router" value="Rectilinear"/>
      <semanticModel xsi:type="di:EMFSemanticModelBridge" xmi:id="_gWrTkxqCEeS2geI9OXLqnw" presentation="default">
        <element href="crf_eshift.sysml#_gXH_gBqCEeS2geI9OXLqnw"/>
      </semanticModel>
      <contained xsi:type="di:EdgeObjectOffset" xmi:id="_gWrTlBqCEeS2geI9OXLqnw" id="stereotypeEdgeObject" offset="33,-15"/>
      <waypoints>[87, -233, -151, 239]</waypoints>
      <waypoints>[200, -233, -38, 239]</waypoints>
    </contained>
    <contained xsi:type="di:GraphNode" xmi:id="_EBULEBqDEeS2geI9OXLqnw" position="1278,518" size="223,-1">
      <anchorage xmi:id="_M-h9sBqDEeS2geI9OXLqnw" graphEdge="_M-rusBqDEeS2geI9OXLqnw"/>
      <semanticModel xsi:type="di:EMFSemanticModelBridge" xmi:id="_EBULERqDEeS2geI9OXLqnw" presentation="default">
        <element href="crf_eshift.sysml#_EB6A8BqDEeS2geI9OXLqnw"/>
      </semanticModel>
    </contained>
    <contained xsi:type="di:GraphEdge" xmi:id="_M-rusBqDEeS2geI9OXLqnw" anchor="_M-h9sBqDEeS2geI9OXLqnw _gWrTkRqCEeS2geI9OXLqnw">
      <property xmi:id="_PsbEMMv0EeSqEuV-ZA-uyA" key="router" value="Rectilinear"/>
      <semanticModel xsi:type="di:EMFSemanticModelBridge" xmi:id="_M-rusRqDEeS2geI9OXLqnw" presentation="default">
        <element href="crf_eshift.sysml#_M_IaoBqDEeS2geI9OXLqnw"/>
      </semanticModel>
      <contained xsi:type="di:EdgeObjectOffset" xmi:id="_M-rushqDEeS2geI9OXLqnw" id="stereotypeEdgeObject" offset="-1,28"/>
    </contained>
    <contained xsi:type="di:GraphNode" xmi:id="_9jN-4BqFEeS2geI9OXLqnw" position="915,43" size="236,-1">
      <anchorage xmi:id="_7jM3kS7AEeSkA5y5-pdeYg" graphEdge="_8Wq74S7AEeSkA5y5-pdeYg _xgVDkcv0EeSqEuV-ZA-uyA"/>
      <semanticModel xsi:type="di:EMFSemanticModelBridge" xmi:id="_9jN-4RqFEeS2geI9OXLqnw" presentation="default">
        <element href="crf_eshift.sysml#_friGkBiaEeSnq5u4CS2A2w"/>
      </semanticModel>
    </contained>
    <contained xsi:type="di:GraphNode" xmi:id="_KzYvoBriEeSyd7KqnyTZ1g" position="1049,297" size="135,-1">
      <anchorage xmi:id="_8Wq74C7AEeSkA5y5-pdeYg" graphEdge="_8Wq74S7AEeSkA5y5-pdeYg"/>
      <semanticModel xsi:type="di:EMFSemanticModelBridge" xmi:id="_KzYvoRriEeSyd7KqnyTZ1g" presentation="default">
        <element href="crf_eshift.sysml#_Kz-lgBriEeSyd7KqnyTZ1g"/>
      </semanticModel>
    </contained>
    <contained xsi:type="di:GraphEdge" xmi:id="_8Wq74S7AEeSkA5y5-pdeYg" anchor="_8Wq74C7AEeSkA5y5-pdeYg _7jM3kS7AEeSkA5y5-pdeYg">
      <semanticModel xsi:type="di:EMFSemanticModelBridge" xmi:id="_8Wq74i7AEeSkA5y5-pdeYg" presentation="default">
        <element href="crf_eshift.sysml#_8XHn0C7AEeSkA5y5-pdeYg"/>
      </semanticModel>
      <contained xsi:type="di:EdgeObjectOffset" xmi:id="_8Wq74y7AEeSkA5y5-pdeYg" id="stereotypeEdgeObject" offset="40,-25"/>
      <waypoints>[0, -126, 98, 126]</waypoints>
    </contained>
    <contained xsi:type="di:GraphNode" xmi:id="_PYsZEC92EeSQPNUOoh7wVw" position="396,50" size="496,-1">
      <anchorage xmi:id="_r2mjIS-BEeSQPNUOoh7wVw" graphEdge="_r2mjIi-BEeSQPNUOoh7wVw _tixKAS-BEeSQPNUOoh7wVw _uEFuYS-BEeSQPNUOoh7wVw _vZyWAS-BEeSQPNUOoh7wVw _zl378S-BEeSQPNUOoh7wVw _4vQQkS-BEeSQPNUOoh7wVw"/>
      <semanticModel xsi:type="di:EMFSemanticModelBridge" xmi:id="_PYsZES92EeSQPNUOoh7wVw" presentation="default">
        <element href="crf_eshift.sysml#_k1rNABiWEeSnq5u4CS2A2w"/>
      </semanticModel>
    </contained>
    <contained xsi:type="di:GraphNode" xmi:id="_acHDMC92EeSQPNUOoh7wVw" position="359,217" size="169,-1">
      <anchorage xmi:id="_r2mjIC-BEeSQPNUOoh7wVw" graphEdge="_r2mjIi-BEeSQPNUOoh7wVw"/>
      <semanticModel xsi:type="di:EMFSemanticModelBridge" xmi:id="_acHDMS92EeSQPNUOoh7wVw" presentation="default">
        <element href="crf_eshift.sysml#_acjvIC92EeSQPNUOoh7wVw"/>
      </semanticModel>
    </contained>
    <contained xsi:type="di:GraphNode" xmi:id="_ypvE0C92EeSQPNUOoh7wVw" position="382,398" size="168,-1">
      <anchorage xmi:id="_vZyWAC-BEeSQPNUOoh7wVw" graphEdge="_vZyWAS-BEeSQPNUOoh7wVw"/>
      <semanticModel xsi:type="di:EMFSemanticModelBridge" xmi:id="_ypvE0S92EeSQPNUOoh7wVw" presentation="default">
        <element href="crf_eshift.sysml#_yqLwwC92EeSQPNUOoh7wVw"/>
      </semanticModel>
    </contained>
    <contained xsi:type="di:GraphNode" xmi:id="_91oVgC92EeSQPNUOoh7wVw" position="555,230" size="134,-1">
      <anchorage xmi:id="_tixKAC-BEeSQPNUOoh7wVw" graphEdge="_tixKAS-BEeSQPNUOoh7wVw"/>
      <semanticModel xsi:type="di:EMFSemanticModelBridge" xmi:id="_91oVgS92EeSQPNUOoh7wVw" presentation="default">
        <element href="crf_eshift.sysml#_917QcC92EeSQPNUOoh7wVw"/>
      </semanticModel>
    </contained>
    <contained xsi:type="di:GraphNode" xmi:id="_FHmHQC93EeSQPNUOoh7wVw" position="562,489" size="163,-1">
      <anchorage xmi:id="_zl378C-BEeSQPNUOoh7wVw" graphEdge="_zl378S-BEeSQPNUOoh7wVw"/>
      <semanticModel xsi:type="di:EMFSemanticModelBridge" xmi:id="_FHmHQS93EeSQPNUOoh7wVw" presentation="default">
        <element href="crf_eshift.sysml#_FICMIC93EeSQPNUOoh7wVw"/>
      </semanticModel>
    </contained>
    <contained xsi:type="di:GraphNode" xmi:id="_Xm7wYC93EeSQPNUOoh7wVw" position="714,270" size="134,-1">
      <anchorage xmi:id="_uEFuYC-BEeSQPNUOoh7wVw" graphEdge="_uEFuYS-BEeSQPNUOoh7wVw"/>
      <semanticModel xsi:type="di:EMFSemanticModelBridge" xmi:id="_Xm7wYS93EeSQPNUOoh7wVw" presentation="default">
        <element href="crf_eshift.sysml#_XnYcUC93EeSQPNUOoh7wVw"/>
      </semanticModel>
    </contained>
    <contained xsi:type="di:GraphNode" xmi:id="_dBbqMC93EeSQPNUOoh7wVw" position="738,491" size="251,-1">
      <anchorage xmi:id="_4vQQkC-BEeSQPNUOoh7wVw" graphEdge="_4vQQkS-BEeSQPNUOoh7wVw"/>
      <semanticModel xsi:type="di:EMFSemanticModelBridge" xmi:id="_dBbqMS93EeSQPNUOoh7wVw" presentation="default">
        <element href="crf_eshift.sysml#_dB3vEC93EeSQPNUOoh7wVw"/>
      </semanticModel>
    </contained>
    <contained xsi:type="di:GraphNode" xmi:id="_5kqaIC93EeSQPNUOoh7wVw" position="1495,37" size="135,-1">
      <anchorage xmi:id="_KB-hIS94EeSQPNUOoh7wVw" graphEdge="_KB-hIi94EeSQPNUOoh7wVw"/>
      <semanticModel xsi:type="di:EMFSemanticModelBridge" xmi:id="_5kqaIS93EeSQPNUOoh7wVw" presentation="default">
        <element href="crf_eshift.sysml#_h2KyQAhsEeSieplcCwJJ4Q"/>
      </semanticModel>
    </contained>
    <contained xsi:type="di:GraphNode" xmi:id="_GWBz0C94EeSQPNUOoh7wVw" position="1512,287" size="134,-1">
      <anchorage xmi:id="_KB-hIC94EeSQPNUOoh7wVw" graphEdge="_KB-hIi94EeSQPNUOoh7wVw"/>
      <semanticModel xsi:type="di:EMFSemanticModelBridge" xmi:id="_GWBz0S94EeSQPNUOoh7wVw" presentation="default">
        <element href="crf_eshift.sysml#_GWefwC94EeSQPNUOoh7wVw"/>
      </semanticModel>
    </contained>
    <contained xsi:type="di:GraphEdge" xmi:id="_KB-hIi94EeSQPNUOoh7wVw" anchor="_KB-hIC94EeSQPNUOoh7wVw _KB-hIS94EeSQPNUOoh7wVw">
      <semanticModel xsi:type="di:EMFSemanticModelBridge" xmi:id="_KB-hIy94EeSQPNUOoh7wVw" presentation="default">
        <element href="crf_eshift.sysml#_KCbNEC94EeSQPNUOoh7wVw"/>
      </semanticModel>
      <contained xsi:type="di:EdgeObjectOffset" xmi:id="_KB-hJC94EeSQPNUOoh7wVw" id="stereotypeEdgeObject"/>
    </contained>
    <contained xsi:type="di:GraphEdge" xmi:id="_r2mjIi-BEeSQPNUOoh7wVw" anchor="_r2mjIC-BEeSQPNUOoh7wVw _r2mjIS-BEeSQPNUOoh7wVw">
      <property xmi:id="_FIk1gMv1EeSqEuV-ZA-uyA" key="router" value="Rectilinear"/>
      <semanticModel xsi:type="di:EMFSemanticModelBridge" xmi:id="_r2mjIy-BEeSQPNUOoh7wVw" presentation="default">
        <element href="crf_eshift.sysml#_r3WKAC-BEeSQPNUOoh7wVw"/>
      </semanticModel>
      <contained xsi:type="di:EdgeObjectOffset" xmi:id="_r2mjJC-BEeSQPNUOoh7wVw" id="stereotypeEdgeObject" offset="1,8"/>
      <waypoints>[-7, -102, -208, 105]</waypoints>
    </contained>
    <contained xsi:type="di:GraphEdge" xmi:id="_tixKAS-BEeSQPNUOoh7wVw" anchor="_tixKAC-BEeSQPNUOoh7wVw _r2mjIS-BEeSQPNUOoh7wVw">
      <semanticModel xsi:type="di:EMFSemanticModelBridge" xmi:id="_tixKAi-BEeSQPNUOoh7wVw" presentation="default">
        <element href="crf_eshift.sysml#_tjp60C-BEeSQPNUOoh7wVw"/>
      </semanticModel>
      <contained xsi:type="di:EdgeObjectOffset" xmi:id="_tixKAy-BEeSQPNUOoh7wVw" id="stereotypeEdgeObject" offset="-3,-1"/>
    </contained>
    <contained xsi:type="di:GraphEdge" xmi:id="_uEFuYS-BEeSQPNUOoh7wVw" anchor="_uEFuYC-BEeSQPNUOoh7wVw _r2mjIS-BEeSQPNUOoh7wVw">
      <property xmi:id="_I-y5IMv1EeSqEuV-ZA-uyA" key="router" value="Rectilinear"/>
      <semanticModel xsi:type="di:EMFSemanticModelBridge" xmi:id="_uEFuYi-BEeSQPNUOoh7wVw" presentation="default">
        <element href="crf_eshift.sysml#_uErkQC-BEeSQPNUOoh7wVw"/>
      </semanticModel>
      <contained xsi:type="di:EdgeObjectOffset" xmi:id="_uEFuYy-BEeSQPNUOoh7wVw" id="stereotypeEdgeObject" offset="13,24"/>
      <waypoints>[-13, -145, 124, 125]</waypoints>
    </contained>
    <contained xsi:type="di:GraphEdge" xmi:id="_vZyWAS-BEeSQPNUOoh7wVw" anchor="_vZyWAC-BEeSQPNUOoh7wVw _r2mjIS-BEeSQPNUOoh7wVw">
      <property xmi:id="_DByIIMv1EeSqEuV-ZA-uyA" key="router" value="Rectilinear"/>
      <semanticModel xsi:type="di:EMFSemanticModelBridge" xmi:id="_vZyWAi-BEeSQPNUOoh7wVw" presentation="default">
        <element href="crf_eshift.sysml#_vah84C-BEeSQPNUOoh7wVw"/>
      </semanticModel>
      <contained xsi:type="di:EdgeObjectOffset" xmi:id="_vZyWAy-BEeSQPNUOoh7wVw" id="stereotypeEdgeObject" offset="-1,-106"/>
      <waypoints>[74, -182, -104, 186]</waypoints>
    </contained>
    <contained xsi:type="di:GraphEdge" xmi:id="_zl378S-BEeSQPNUOoh7wVw" anchor="_zl378C-BEeSQPNUOoh7wVw _r2mjIS-BEeSQPNUOoh7wVw">
      <property xmi:id="_ARDF4Mv1EeSqEuV-ZA-uyA" key="router" value="Rectilinear"/>
      <semanticModel xsi:type="di:EMFSemanticModelBridge" xmi:id="_zl378i-BEeSQPNUOoh7wVw" presentation="default">
        <element href="crf_eshift.sysml#_zmwswC-BEeSQPNUOoh7wVw"/>
      </semanticModel>
      <contained xsi:type="di:EdgeObjectOffset" xmi:id="_zl378y-BEeSQPNUOoh7wVw" id="stereotypeEdgeObject" offset="0,-106"/>
      <waypoints>[60, -229, 55, 219]</waypoints>
    </contained>
    <contained xsi:type="di:GraphEdge" xmi:id="_4vQQkS-BEeSQPNUOoh7wVw" anchor="_4vQQkC-BEeSQPNUOoh7wVw _r2mjIS-BEeSQPNUOoh7wVw">
      <property xmi:id="_8aYWUMv0EeSqEuV-ZA-uyA" key="router" value="Rectilinear"/>
      <semanticModel xsi:type="di:EMFSemanticModelBridge" xmi:id="_4vQQki-BEeSQPNUOoh7wVw" presentation="default">
        <element href="crf_eshift.sysml#_4v_3cC-BEeSQPNUOoh7wVw"/>
      </semanticModel>
      <contained xsi:type="di:EdgeObjectOffset" xmi:id="_4vQQky-BEeSQPNUOoh7wVw" id="stereotypeEdgeObject" offset="-5,-120"/>
      <waypoints>[-6, -354, 228, 157]</waypoints>
    </contained>
    <contained xsi:type="di:GraphNode" xmi:id="_wmwXQMv0EeSqEuV-ZA-uyA" position="893,223" size="124,-1">
      <anchorage xmi:id="_xgVDkMv0EeSqEuV-ZA-uyA" graphEdge="_xgVDkcv0EeSqEuV-ZA-uyA"/>
      <semanticModel xsi:type="di:EMFSemanticModelBridge" xmi:id="_wmwXQcv0EeSqEuV-ZA-uyA" presentation="default">
        <element href="crf_eshift.sysml#_hnpogqf2EeSM1rJQd-f8vg"/>
      </semanticModel>
    </contained>
    <contained xsi:type="di:GraphEdge" xmi:id="_xgVDkcv0EeSqEuV-ZA-uyA" anchor="_xgVDkMv0EeSqEuV-ZA-uyA _7jM3kS7AEeSkA5y5-pdeYg">
      <semanticModel xsi:type="di:EMFSemanticModelBridge" xmi:id="_xgVDksv0EeSqEuV-ZA-uyA" presentation="default">
        <element href="crf_eshift.sysml#_felwMK1aEeShtag4VwNo4A"/>
      </semanticModel>
      <contained xsi:type="di:EdgeObjectOffset" xmi:id="_xgVDk8v0EeSqEuV-ZA-uyA" id="stereotypeEdgeObject"/>
    </contained>
  </diagrams>