<?xml version="1.0" encoding="UTF-8"?><diagrams xmlns:xmi="http://www.omg.org/XMI" xmlns:xsi="http://www.w3.org/2001/XMLSchema-instance" xmlns:di="http://www.topcased.org/DI/1.0" xmlns:diagrams="http://www.topcased.org/Diagrams/1.0" xmi:id="_btz3UweEEeS1EOa_rhDbNA" position="0,0" size="100,100" name="FSR4" viewport="0,0">
      <property xmi:id="_buaUQgeEEeS1EOa_rhDbNA" key="pageFormatName" value="A4"/>
      <property xmi:id="_buaUQweEEeS1EOa_rhDbNA" key="diagramWidth" value="840"/>
      <property xmi:id="_buaURAeEEeS1EOa_rhDbNA" key="diagramHeight" value="1188"/>
      <property xmi:id="_buaURQeEEeS1EOa_rhDbNA" key="pageMarginName" value="Small Margin"/>
      <property xmi:id="_buaURgeEEeS1EOa_rhDbNA" key="diagramTopMargin" value="20"/>
      <property xmi:id="_buaURweEEeS1EOa_rhDbNA" key="diagramBottomMargin" value="20"/>
      <property xmi:id="_buaUSAeEEeS1EOa_rhDbNA" key="diagramLeftMargin" value="20"/>
      <property xmi:id="_buaUSQeEEeS1EOa_rhDbNA" key="diagramRightMargin" value="20"/>
      <property xmi:id="_buaUSgeEEeS1EOa_rhDbNA" key="orientation" value="portrait"/>
      <semanticModel xsi:type="di:EMFSemanticModelBridge" xmi:id="_btz3VAeEEeS1EOa_rhDbNA" presentation="org.topcased.modeler.sysml.statemachinediagram">
        <element href="crf_eshift.sysml#_btz3UAeEEeS1EOa_rhDbNA"/>
      </semanticModel>
      <contained xsi:type="di:GraphNode" xmi:id="_buaUQAeEEeS1EOa_rhDbNA" size="-1,-1">
        <semanticModel xsi:type="di:EMFSemanticModelBridge" xmi:id="_buaUQQeEEeS1EOa_rhDbNA" presentation="default">
          <element href="crf_eshift.sysml#_btz3UQeEEeS1EOa_rhDbNA"/>
        </semanticModel>
        <contained xsi:type="di:GraphNode" xmi:id="_eLqZ0AeEEeS1EOa_rhDbNA" position="90,80" size="99,64">
          <anchorage xmi:id="_9rPmIAeEEeS1EOa_rhDbNA" graphEdge="_9rPmIgeEEeS1EOa_rhDbNA _CcrU0AeFEeS1EOa_rhDbNA _HB5zgQeFEeS1EOa_rhDbNA _I6tvQAeFEeS1EOa_rhDbNA"/>
          <anchorage xmi:id="_9rPmIQeEEeS1EOa_rhDbNA" graphEdge="_9rPmIgeEEeS1EOa_rhDbNA"/>
          <semanticModel xsi:type="di:EMFSemanticModelBridge" xmi:id="_eLqZ0QeEEeS1EOa_rhDbNA" presentation="default">
            <element href="crf_eshift.sysml#_eLzjwAeEEeS1EOa_rhDbNA"/>
          </semanticModel>
        </contained>
        <contained xsi:type="di:GraphNode" xmi:id="_hxhGMAeEEeS1EOa_rhDbNA" position="307,21" size="357,210">
          <anchorage xmi:id="_HB5zgAeFEeS1EOa_rhDbNA" graphEdge="_HB5zgQeFEeS1EOa_rhDbNA _I6tvQAeFEeS1EOa_rhDbNA"/>
          <semanticModel xsi:type="di:EMFSemanticModelBridge" xmi:id="_hxhGMQeEEeS1EOa_rhDbNA" presentation="default">
            <element href="crf_eshift.sysml#_hxqQIAeEEeS1EOa_rhDbNA"/>
          </semanticModel>
          <contained xsi:type="di:GraphNode" xmi:id="_hxhGMgeEEeS1EOa_rhDbNA">
            <semanticModel xsi:type="di:EMFSemanticModelBridge" xmi:id="_hxhGMweEEeS1EOa_rhDbNA" presentation="default">
              <element href="crf_eshift.sysml#_hxqQIQeEEeS1EOa_rhDbNA"/>
            </semanticModel>
            <contained xsi:type="di:GraphNode" xmi:id="_j8w1wAeEEeS1EOa_rhDbNA" position="95,16" size="108,50">
              <anchorage xmi:id="_ruj-IQeEEeS1EOa_rhDbNA" graphEdge="_ruj-IgeEEeS1EOa_rhDbNA _wmiZsQeEEeS1EOa_rhDbNA _1lEJMAeEEeS1EOa_rhDbNA _6uJi4AeEEeS1EOa_rhDbNA"/>
              <anchorage xmi:id="_6uAY8AeEEeS1EOa_rhDbNA" graphEdge="_6uJi4AeEEeS1EOa_rhDbNA"/>
              <semanticModel xsi:type="di:EMFSemanticModelBridge" xmi:id="_j8w1wQeEEeS1EOa_rhDbNA" presentation="default">
                <element href="crf_eshift.sysml#_j8w1wgeEEeS1EOa_rhDbNA"/>
              </semanticModel>
            </contained>
            <contained xsi:type="di:GraphNode" xmi:id="_n2ti0AeEEeS1EOa_rhDbNA" position="95,111" size="160,50">
              <anchorage xmi:id="_wmiZsAeEEeS1EOa_rhDbNA" graphEdge="_wmiZsQeEEeS1EOa_rhDbNA _1lEJMAeEEeS1EOa_rhDbNA"/>
              <semanticModel xsi:type="di:EMFSemanticModelBridge" xmi:id="_n2ti0QeEEeS1EOa_rhDbNA" presentation="default">
                <element href="crf_eshift.sysml#_n2ti0geEEeS1EOa_rhDbNA"/>
              </semanticModel>
            </contained>
            <contained xsi:type="di:GraphNode" xmi:id="_qbi3EAeEEeS1EOa_rhDbNA" position="16,26" size="-1,-1">
              <property xmi:id="_qbi3EgeEEeS1EOa_rhDbNA" key="name" value="visible"/>
              <anchorage xmi:id="_ruj-IAeEEeS1EOa_rhDbNA" graphEdge="_ruj-IgeEEeS1EOa_rhDbNA"/>
              <semanticModel xsi:type="di:EMFSemanticModelBridge" xmi:id="_qbi3EQeEEeS1EOa_rhDbNA" presentation="default">
                <element href="crf_eshift.sysml#_qbi3EweEEeS1EOa_rhDbNA"/>
              </semanticModel>
            </contained>
            <contained xsi:type="di:GraphEdge" xmi:id="_ruj-IgeEEeS1EOa_rhDbNA" anchor="_ruj-IAeEEeS1EOa_rhDbNA _ruj-IQeEEeS1EOa_rhDbNA">
              <semanticModel xsi:type="di:EMFSemanticModelBridge" xmi:id="_ruj-IweEEeS1EOa_rhDbNA" presentation="default">
                <element href="crf_eshift.sysml#_ruj-JgeEEeS1EOa_rhDbNA"/>
              </semanticModel>
              <contained xsi:type="di:EdgeObjectOffset" xmi:id="_ruj-JAeEEeS1EOa_rhDbNA" id="nameEdgeObject"/>
              <contained xsi:type="di:EdgeObjectOffset" xmi:id="_ruj-JQeEEeS1EOa_rhDbNA" visible="false" id="TransitionStereotypeEdgeObject"/>
            </contained>
            <contained xsi:type="di:GraphEdge" xmi:id="_wmiZsQeEEeS1EOa_rhDbNA" anchor="_ruj-IQeEEeS1EOa_rhDbNA _wmiZsAeEEeS1EOa_rhDbNA">
              <semanticModel xsi:type="di:EMFSemanticModelBridge" xmi:id="_wmiZsgeEEeS1EOa_rhDbNA" presentation="default">
                <element href="crf_eshift.sysml#_wmiZtQeEEeS1EOa_rhDbNA"/>
              </semanticModel>
              <contained xsi:type="di:EdgeObjectOffset" xmi:id="_wmiZsweEEeS1EOa_rhDbNA" id="nameEdgeObject" offset="34,-2"/>
              <contained xsi:type="di:EdgeObjectOffset" xmi:id="_wmiZtAeEEeS1EOa_rhDbNA" visible="false" id="TransitionStereotypeEdgeObject"/>
              <waypoints>[28, 41, -11, -54]</waypoints>
            </contained>
            <contained xsi:type="di:GraphEdge" xmi:id="_1lEJMAeEEeS1EOa_rhDbNA" anchor="_wmiZsAeEEeS1EOa_rhDbNA _ruj-IQeEEeS1EOa_rhDbNA">
              <semanticModel xsi:type="di:EMFSemanticModelBridge" xmi:id="_1lEJMQeEEeS1EOa_rhDbNA" presentation="default">
                <element href="crf_eshift.sysml#_1lEJNAeEEeS1EOa_rhDbNA"/>
              </semanticModel>
              <contained xsi:type="di:EdgeObjectOffset" xmi:id="_1lEJMgeEEeS1EOa_rhDbNA" id="nameEdgeObject" offset="-42,4"/>
              <contained xsi:type="di:EdgeObjectOffset" xmi:id="_1lEJMweEEeS1EOa_rhDbNA" visible="false" id="TransitionStereotypeEdgeObject"/>
              <waypoints>[-52, -50, -13, 45]</waypoints>
            </contained>
            <contained xsi:type="di:GraphEdge" xmi:id="_6uJi4AeEEeS1EOa_rhDbNA" anchor="_ruj-IQeEEeS1EOa_rhDbNA _6uAY8AeEEeS1EOa_rhDbNA">
              <semanticModel xsi:type="di:EMFSemanticModelBridge" xmi:id="_6uJi4QeEEeS1EOa_rhDbNA" presentation="default">
                <element href="crf_eshift.sysml#_6uJi5AeEEeS1EOa_rhDbNA"/>
              </semanticModel>
              <contained xsi:type="di:EdgeObjectOffset" xmi:id="_6uJi4geEEeS1EOa_rhDbNA" id="nameEdgeObject" offset="23,24"/>
              <contained xsi:type="di:EdgeObjectOffset" xmi:id="_6uJi4weEEeS1EOa_rhDbNA" visible="false" id="TransitionStereotypeEdgeObject"/>
              <waypoints>[69, -9, 69, -9]</waypoints>
              <waypoints>[69, -45, 69, -45]</waypoints>
              <waypoints>[27, -45, 27, -45]</waypoints>
            </contained>
          </contained>
        </contained>
        <contained xsi:type="di:GraphEdge" xmi:id="_9rPmIgeEEeS1EOa_rhDbNA" anchor="_9rPmIAeEEeS1EOa_rhDbNA _9rPmIQeEEeS1EOa_rhDbNA">
          <semanticModel xsi:type="di:EMFSemanticModelBridge" xmi:id="_9rPmIweEEeS1EOa_rhDbNA" presentation="default">
            <element href="crf_eshift.sysml#_9rPmJgeEEeS1EOa_rhDbNA"/>
          </semanticModel>
          <contained xsi:type="di:EdgeObjectOffset" xmi:id="_9rPmJAeEEeS1EOa_rhDbNA" id="nameEdgeObject" offset="9,13"/>
          <contained xsi:type="di:EdgeObjectOffset" xmi:id="_9rPmJQeEEeS1EOa_rhDbNA" visible="false" id="TransitionStereotypeEdgeObject"/>
          <waypoints>[-71, 12, -71, 12]</waypoints>
          <waypoints>[-71, 56, -71, 56]</waypoints>
          <waypoints>[-17, 56, -17, 56]</waypoints>
        </contained>
        <contained xsi:type="di:GraphNode" xmi:id="_BILAAAeFEeS1EOa_rhDbNA" position="29,27" size="-1,-1">
          <property xmi:id="_BIUxAAeFEeS1EOa_rhDbNA" key="name" value="visible"/>
          <anchorage xmi:id="_Cchj0AeFEeS1EOa_rhDbNA" graphEdge="_CcrU0AeFEeS1EOa_rhDbNA"/>
          <semanticModel xsi:type="di:EMFSemanticModelBridge" xmi:id="_BILAAQeFEeS1EOa_rhDbNA" presentation="default">
            <element href="crf_eshift.sysml#_BIUxAQeFEeS1EOa_rhDbNA"/>
          </semanticModel>
        </contained>
        <contained xsi:type="di:GraphEdge" xmi:id="_CcrU0AeFEeS1EOa_rhDbNA" anchor="_Cchj0AeFEeS1EOa_rhDbNA _9rPmIAeEEeS1EOa_rhDbNA">
          <semanticModel xsi:type="di:EMFSemanticModelBridge" xmi:id="_CcrU0QeFEeS1EOa_rhDbNA" presentation="default">
            <element href="crf_eshift.sysml#_CcrU1AeFEeS1EOa_rhDbNA"/>
          </semanticModel>
          <contained xsi:type="di:EdgeObjectOffset" xmi:id="_CcrU0geFEeS1EOa_rhDbNA" id="nameEdgeObject"/>
          <contained xsi:type="di:EdgeObjectOffset" xmi:id="_CcrU0weFEeS1EOa_rhDbNA" visible="false" id="TransitionStereotypeEdgeObject"/>
          <waypoints>[89, -2, -5, -70]</waypoints>
        </contained>
        <contained xsi:type="di:GraphEdge" xmi:id="_HB5zgQeFEeS1EOa_rhDbNA" anchor="_9rPmIAeEEeS1EOa_rhDbNA _HB5zgAeFEeS1EOa_rhDbNA">
          <semanticModel xsi:type="di:EMFSemanticModelBridge" xmi:id="_HB5zggeFEeS1EOa_rhDbNA" presentation="default">
            <element href="crf_eshift.sysml#_HB5zhQeFEeS1EOa_rhDbNA"/>
          </semanticModel>
          <contained xsi:type="di:EdgeObjectOffset" xmi:id="_HB5zgweFEeS1EOa_rhDbNA" id="nameEdgeObject" offset="4,-9"/>
          <contained xsi:type="di:EdgeObjectOffset" xmi:id="_HB5zhAeFEeS1EOa_rhDbNA" visible="false" id="TransitionStereotypeEdgeObject"/>
          <waypoints>[138, -11, -208, -20]</waypoints>
        </contained>
        <contained xsi:type="di:GraphEdge" xmi:id="_I6tvQAeFEeS1EOa_rhDbNA" anchor="_HB5zgAeFEeS1EOa_rhDbNA _9rPmIAeEEeS1EOa_rhDbNA">
          <semanticModel xsi:type="di:EMFSemanticModelBridge" xmi:id="_I6tvQQeFEeS1EOa_rhDbNA" presentation="default">
            <element href="crf_eshift.sysml#_I6tvRAeFEeS1EOa_rhDbNA"/>
          </semanticModel>
          <contained xsi:type="di:EdgeObjectOffset" xmi:id="_I6tvQgeFEeS1EOa_rhDbNA" id="nameEdgeObject" offset="1,11"/>
          <contained xsi:type="di:EdgeObjectOffset" xmi:id="_I6tvQweFEeS1EOa_rhDbNA" visible="false" id="TransitionStereotypeEdgeObject"/>
          <waypoints>[-281, 6, 65, 15]</waypoints>
        </contained>
      </contained>
    </diagrams>