<?xml version="1.0" encoding="UTF-8"?><diagrams xmlns:xmi="http://www.omg.org/XMI" xmlns:xsi="http://www.w3.org/2001/XMLSchema-instance" xmlns:di="http://www.topcased.org/DI/1.0" xmlns:diagrams="http://www.topcased.org/Diagrams/1.0" xmi:id="_NKtc4LQXEeOH7Npm3M6yJQ" position="0,0" size="130,120" name="DFT" viewport="0,525">
    <property xmi:id="_NMMqoLQXEeOH7Npm3M6yJQ" key="pageFormatName" value="A3"/>
    <property xmi:id="_NMMqobQXEeOH7Npm3M6yJQ" key="diagramWidth" value="1188"/>
    <property xmi:id="_NMWboLQXEeOH7Npm3M6yJQ" key="diagramHeight" value="1680"/>
    <property xmi:id="_NMWbobQXEeOH7Npm3M6yJQ" key="pageMarginName" value="Small Margin"/>
    <property xmi:id="_NMWborQXEeOH7Npm3M6yJQ" key="diagramTopMargin" value="20"/>
    <property xmi:id="_NMgMoLQXEeOH7Npm3M6yJQ" key="diagramBottomMargin" value="20"/>
    <property xmi:id="_NMgMobQXEeOH7Npm3M6yJQ" key="diagramLeftMargin" value="20"/>
    <property xmi:id="_NMgMorQXEeOH7Npm3M6yJQ" key="diagramRightMargin" value="20"/>
    <property xmi:id="_NMgMo7QXEeOH7Npm3M6yJQ" key="orientation" value="portrait"/>
    <semanticModel xsi:type="di:EMFSemanticModelBridge" xmi:id="_NKtc4bQXEeOH7Npm3M6yJQ" presentation="org.topcased.modeler.sysml.blockdefinitiondiagram">
      <element href="crf_eshift.sysml#idPackage"/>
    </semanticModel>
    <contained xsi:type="di:GraphNode" xmi:id="_VdQP8LQZEeOH7Npm3M6yJQ" position="321,29" size="101,-1">
      <property xmi:id="_di_A8LQZEeOH7Npm3M6yJQ" key="showOperationParameterDefaultValue" value="false"/>
      <property xmi:id="_g4oHELQZEeOH7Npm3M6yJQ" key="showPropertyType" value="false"/>
      <property xmi:id="_wOO_ILQZEeOH7Npm3M6yJQ" key="showOperationParameterType" value="false"/>
      <property xmi:id="_wOO_IbQZEeOH7Npm3M6yJQ" key="showOperationParameters" value="false"/>
      <property xmi:id="_wOO_IrQZEeOH7Npm3M6yJQ" key="showOperationReturnType" value="false"/>
      <property xmi:id="_wOO_I7QZEeOH7Npm3M6yJQ" key="showPropertyDefaultValue" value="false"/>
      <anchorage xmi:id="_t5zo8LQaEeOH7Npm3M6yJQ" graphEdge="_t5zo8rQaEeOH7Npm3M6yJQ _vb_0cbQaEeOH7Npm3M6yJQ _wJz8sbQaEeOH7Npm3M6yJQ _wvKFcLQaEeOH7Npm3M6yJQ _xR-eobQaEeOH7Npm3M6yJQ"/>
      <semanticModel xsi:type="di:EMFSemanticModelBridge" xmi:id="_VdQP8bQZEeOH7Npm3M6yJQ" presentation="default">
        <element href="crf_eshift.sysml#_VeJAwLQZEeOH7Npm3M6yJQ"/>
      </semanticModel>
      <contained xsi:type="di:GraphNode" xmi:id="_VdQP8rQZEeOH7Npm3M6yJQ">
        <property xmi:id="_VdQP87QZEeOH7Npm3M6yJQ" key="eStructuralFeatureID" value="12"/>
        <semanticModel xsi:type="di:EMFSemanticModelBridge" xmi:id="_VdQP9LQZEeOH7Npm3M6yJQ" presentation="constraints">
          <element href="crf_eshift.sysml#_VeJAwLQZEeOH7Npm3M6yJQ"/>
        </semanticModel>
      </contained>
      <contained xsi:type="di:GraphNode" xmi:id="_VdQP9bQZEeOH7Npm3M6yJQ">
        <property xmi:id="_VdQP9rQZEeOH7Npm3M6yJQ" key="eStructuralFeatureID" value="47 50 "/>
        <semanticModel xsi:type="di:EMFSemanticModelBridge" xmi:id="_VdQP97QZEeOH7Npm3M6yJQ" presentation="operations">
          <element href="crf_eshift.sysml#_VeJAwLQZEeOH7Npm3M6yJQ"/>
        </semanticModel>
      </contained>
      <contained xsi:type="di:GraphNode" xmi:id="_VdQP-LQZEeOH7Npm3M6yJQ">
        <property xmi:id="_VdQP-bQZEeOH7Npm3M6yJQ" key="eStructuralFeatureID" value="37"/>
        <semanticModel xsi:type="di:EMFSemanticModelBridge" xmi:id="_VdQP-rQZEeOH7Npm3M6yJQ" presentation="default">
          <element href="crf_eshift.sysml#_VeJAwLQZEeOH7Npm3M6yJQ"/>
        </semanticModel>
      </contained>
    </contained>
    <contained xsi:type="di:GraphNode" xmi:id="_UDADALQaEeOH7Npm3M6yJQ" position="28,154" size="100,-1">
      <anchorage xmi:id="_t5zo8bQaEeOH7Npm3M6yJQ" graphEdge="_t5zo8rQaEeOH7Npm3M6yJQ _dD_E4bQmEeOZZt0WxCZ6WA"/>
      <semanticModel xsi:type="di:EMFSemanticModelBridge" xmi:id="_UDADAbQaEeOH7Npm3M6yJQ" presentation="default">
        <element href="crf_eshift.sysml#_UDJM8LQaEeOH7Npm3M6yJQ"/>
      </semanticModel>
      <contained xsi:type="di:GraphNode" xmi:id="_UDADArQaEeOH7Npm3M6yJQ">
        <property xmi:id="_UDADA7QaEeOH7Npm3M6yJQ" key="eStructuralFeatureID" value="12"/>
        <semanticModel xsi:type="di:EMFSemanticModelBridge" xmi:id="_UDADBLQaEeOH7Npm3M6yJQ" presentation="constraints">
          <element href="crf_eshift.sysml#_UDJM8LQaEeOH7Npm3M6yJQ"/>
        </semanticModel>
      </contained>
      <contained xsi:type="di:GraphNode" xmi:id="_UDADBbQaEeOH7Npm3M6yJQ">
        <property xmi:id="_UDADBrQaEeOH7Npm3M6yJQ" key="eStructuralFeatureID" value="47 50 "/>
        <semanticModel xsi:type="di:EMFSemanticModelBridge" xmi:id="_UDADB7QaEeOH7Npm3M6yJQ" presentation="operations">
          <element href="crf_eshift.sysml#_UDJM8LQaEeOH7Npm3M6yJQ"/>
        </semanticModel>
      </contained>
      <contained xsi:type="di:GraphNode" xmi:id="_UDADCLQaEeOH7Npm3M6yJQ">
        <property xmi:id="_UDADCbQaEeOH7Npm3M6yJQ" key="eStructuralFeatureID" value="37"/>
        <semanticModel xsi:type="di:EMFSemanticModelBridge" xmi:id="_UDADCrQaEeOH7Npm3M6yJQ" presentation="default">
          <element href="crf_eshift.sysml#_UDJM8LQaEeOH7Npm3M6yJQ"/>
        </semanticModel>
      </contained>
      <contained xsi:type="di:GraphNode" xmi:id="_EHLqELQbEeOH7Npm3M6yJQ" position="0,55" size="15,15">
        <property xmi:id="_EHLqEbQbEeOH7Npm3M6yJQ" key="portPosition" value="1"/>
        <semanticModel xsi:type="di:EMFSemanticModelBridge" xmi:id="_EHLqErQbEeOH7Npm3M6yJQ" presentation="default">
          <element href="crf_eshift.sysml#_EHLqE7QbEeOH7Npm3M6yJQ"/>
        </semanticModel>
      </contained>
      <contained xsi:type="di:GraphNode" xmi:id="_THN6wLQbEeOH7Npm3M6yJQ" position="83,55" size="15,15">
        <property xmi:id="_THN6wbQbEeOH7Npm3M6yJQ" key="portPosition" value="4"/>
        <semanticModel xsi:type="di:EMFSemanticModelBridge" xmi:id="_THN6wrQbEeOH7Npm3M6yJQ" presentation="default">
          <element href="crf_eshift.sysml#_THN6w7QbEeOH7Npm3M6yJQ"/>
        </semanticModel>
      </contained>
    </contained>
    <contained xsi:type="di:GraphNode" xmi:id="_WQ7TILQaEeOH7Npm3M6yJQ" position="138,297" size="130,-1">
      <anchorage xmi:id="_vb_0cLQaEeOH7Npm3M6yJQ" graphEdge="_vb_0cbQaEeOH7Npm3M6yJQ"/>
      <semanticModel xsi:type="di:EMFSemanticModelBridge" xmi:id="_WQ7TIbQaEeOH7Npm3M6yJQ" presentation="default">
        <element href="crf_eshift.sysml#_WRFEILQaEeOH7Npm3M6yJQ"/>
      </semanticModel>
      <contained xsi:type="di:GraphNode" xmi:id="_WQ7TIrQaEeOH7Npm3M6yJQ">
        <property xmi:id="_WQ7TI7QaEeOH7Npm3M6yJQ" key="eStructuralFeatureID" value="12"/>
        <semanticModel xsi:type="di:EMFSemanticModelBridge" xmi:id="_WQ7TJLQaEeOH7Npm3M6yJQ" presentation="constraints">
          <element href="crf_eshift.sysml#_WRFEILQaEeOH7Npm3M6yJQ"/>
        </semanticModel>
      </contained>
      <contained xsi:type="di:GraphNode" xmi:id="_WQ7TJbQaEeOH7Npm3M6yJQ">
        <property xmi:id="_WQ7TJrQaEeOH7Npm3M6yJQ" key="eStructuralFeatureID" value="47 50 "/>
        <semanticModel xsi:type="di:EMFSemanticModelBridge" xmi:id="_WQ7TJ7QaEeOH7Npm3M6yJQ" presentation="operations">
          <element href="crf_eshift.sysml#_WRFEILQaEeOH7Npm3M6yJQ"/>
        </semanticModel>
      </contained>
      <contained xsi:type="di:GraphNode" xmi:id="_WQ7TKLQaEeOH7Npm3M6yJQ">
        <property xmi:id="_WQ7TKbQaEeOH7Npm3M6yJQ" key="eStructuralFeatureID" value="37"/>
        <semanticModel xsi:type="di:EMFSemanticModelBridge" xmi:id="_WQ7TKrQaEeOH7Npm3M6yJQ" presentation="default">
          <element href="crf_eshift.sysml#_WRFEILQaEeOH7Npm3M6yJQ"/>
        </semanticModel>
      </contained>
      <contained xsi:type="di:GraphNode" xmi:id="_ejoTsLQbEeOH7Npm3M6yJQ" position="0,46" size="15,15">
        <property xmi:id="_ejoTsbQbEeOH7Npm3M6yJQ" key="portPosition" value="1"/>
        <semanticModel xsi:type="di:EMFSemanticModelBridge" xmi:id="_ejoTsrQbEeOH7Npm3M6yJQ" presentation="default">
          <element href="crf_eshift.sysml#_ejoTs7QbEeOH7Npm3M6yJQ"/>
        </semanticModel>
      </contained>
      <contained xsi:type="di:GraphNode" xmi:id="_jAFQ4LQbEeOH7Npm3M6yJQ" position="4,77" size="15,15">
        <property xmi:id="_jAFQ4bQbEeOH7Npm3M6yJQ" key="portPosition" value="1"/>
        <semanticModel xsi:type="di:EMFSemanticModelBridge" xmi:id="_jAFQ4rQbEeOH7Npm3M6yJQ" presentation="default">
          <element href="crf_eshift.sysml#_jAPB4LQbEeOH7Npm3M6yJQ"/>
        </semanticModel>
      </contained>
      <contained xsi:type="di:GraphNode" xmi:id="_yeLWkLQbEeOH7Npm3M6yJQ" position="113,38" size="15,15">
        <property xmi:id="_yeLWkbQbEeOH7Npm3M6yJQ" key="portPosition" value="4"/>
        <semanticModel xsi:type="di:EMFSemanticModelBridge" xmi:id="_yeLWkrQbEeOH7Npm3M6yJQ" presentation="default">
          <element href="crf_eshift.sysml#_yeLWk7QbEeOH7Npm3M6yJQ"/>
        </semanticModel>
      </contained>
      <contained xsi:type="di:GraphNode" xmi:id="_3GYQwLQbEeOH7Npm3M6yJQ" position="113,69" size="15,15">
        <property xmi:id="_3GYQwbQbEeOH7Npm3M6yJQ" key="portPosition" value="4"/>
        <semanticModel xsi:type="di:EMFSemanticModelBridge" xmi:id="_3GYQwrQbEeOH7Npm3M6yJQ" presentation="default">
          <element href="crf_eshift.sysml#_3GYQw7QbEeOH7Npm3M6yJQ"/>
        </semanticModel>
      </contained>
    </contained>
    <contained xsi:type="di:GraphNode" xmi:id="_cKOBwLQaEeOH7Npm3M6yJQ" position="292,428" size="100,-1">
      <anchorage xmi:id="_wJz8sLQaEeOH7Npm3M6yJQ" graphEdge="_wJz8sbQaEeOH7Npm3M6yJQ _K9bdQbQoEeOZZt0WxCZ6WA"/>
      <semanticModel xsi:type="di:EMFSemanticModelBridge" xmi:id="_cKOBwbQaEeOH7Npm3M6yJQ" presentation="default">
        <element href="crf_eshift.sysml#_cKXLsLQaEeOH7Npm3M6yJQ"/>
      </semanticModel>
      <contained xsi:type="di:GraphNode" xmi:id="_cKOBwrQaEeOH7Npm3M6yJQ">
        <property xmi:id="_cKOBw7QaEeOH7Npm3M6yJQ" key="eStructuralFeatureID" value="12"/>
        <semanticModel xsi:type="di:EMFSemanticModelBridge" xmi:id="_cKOBxLQaEeOH7Npm3M6yJQ" presentation="constraints">
          <element href="crf_eshift.sysml#_cKXLsLQaEeOH7Npm3M6yJQ"/>
        </semanticModel>
      </contained>
      <contained xsi:type="di:GraphNode" xmi:id="_cKOBxbQaEeOH7Npm3M6yJQ">
        <property xmi:id="_cKOBxrQaEeOH7Npm3M6yJQ" key="eStructuralFeatureID" value="47 50 "/>
        <semanticModel xsi:type="di:EMFSemanticModelBridge" xmi:id="_cKOBx7QaEeOH7Npm3M6yJQ" presentation="operations">
          <element href="crf_eshift.sysml#_cKXLsLQaEeOH7Npm3M6yJQ"/>
        </semanticModel>
      </contained>
      <contained xsi:type="di:GraphNode" xmi:id="_cKOByLQaEeOH7Npm3M6yJQ">
        <property xmi:id="_cKOBybQaEeOH7Npm3M6yJQ" key="eStructuralFeatureID" value="37"/>
        <semanticModel xsi:type="di:EMFSemanticModelBridge" xmi:id="_cKOByrQaEeOH7Npm3M6yJQ" presentation="default">
          <element href="crf_eshift.sysml#_cKXLsLQaEeOH7Npm3M6yJQ"/>
        </semanticModel>
      </contained>
      <contained xsi:type="di:GraphNode" xmi:id="__3HGkLQbEeOH7Npm3M6yJQ" position="6,50" size="15,15">
        <property xmi:id="__3HGkbQbEeOH7Npm3M6yJQ" key="portPosition" value="1"/>
        <semanticModel xsi:type="di:EMFSemanticModelBridge" xmi:id="__3HGkrQbEeOH7Npm3M6yJQ" presentation="default">
          <element href="crf_eshift.sysml#__3HGk7QbEeOH7Npm3M6yJQ"/>
        </semanticModel>
      </contained>
      <contained xsi:type="di:GraphNode" xmi:id="_GhWJ8LQcEeOH7Npm3M6yJQ" position="8,80" size="15,15">
        <property xmi:id="_GhWJ8bQcEeOH7Npm3M6yJQ" key="portPosition" value="1"/>
        <semanticModel xsi:type="di:EMFSemanticModelBridge" xmi:id="_GhWJ8rQcEeOH7Npm3M6yJQ" presentation="default">
          <element href="crf_eshift.sysml#_GhWJ87QcEeOH7Npm3M6yJQ"/>
        </semanticModel>
      </contained>
      <contained xsi:type="di:GraphNode" xmi:id="_K4ctELQcEeOH7Npm3M6yJQ" position="1,108" size="15,15">
        <property xmi:id="_K4ctEbQcEeOH7Npm3M6yJQ" key="portPosition" value="1"/>
        <semanticModel xsi:type="di:EMFSemanticModelBridge" xmi:id="_K4ctErQcEeOH7Npm3M6yJQ" presentation="default">
          <element href="crf_eshift.sysml#_K4l3ALQcEeOH7Npm3M6yJQ"/>
        </semanticModel>
      </contained>
      <contained xsi:type="di:GraphNode" xmi:id="_T4WAQLQcEeOH7Npm3M6yJQ" position="85,77" size="15,15">
        <property xmi:id="_T4WAQbQcEeOH7Npm3M6yJQ" key="portPosition" value="4"/>
        <semanticModel xsi:type="di:EMFSemanticModelBridge" xmi:id="_T4WAQrQcEeOH7Npm3M6yJQ" presentation="default">
          <element href="crf_eshift.sysml#_T4WAQ7QcEeOH7Npm3M6yJQ"/>
        </semanticModel>
      </contained>
    </contained>
    <contained xsi:type="di:GraphNode" xmi:id="_fN_70LQaEeOH7Npm3M6yJQ" position="453,264" size="126,-1">
      <anchorage xmi:id="_wvA7gLQaEeOH7Npm3M6yJQ" graphEdge="_wvKFcLQaEeOH7Npm3M6yJQ _Rqo8ILQoEeOZZt0WxCZ6WA"/>
      <semanticModel xsi:type="di:EMFSemanticModelBridge" xmi:id="_fN_70bQaEeOH7Npm3M6yJQ" presentation="default">
        <element href="crf_eshift.sysml#_fOJs0LQaEeOH7Npm3M6yJQ"/>
      </semanticModel>
      <contained xsi:type="di:GraphNode" xmi:id="_fN_70rQaEeOH7Npm3M6yJQ">
        <property xmi:id="_fN_707QaEeOH7Npm3M6yJQ" key="eStructuralFeatureID" value="12"/>
        <semanticModel xsi:type="di:EMFSemanticModelBridge" xmi:id="_fN_71LQaEeOH7Npm3M6yJQ" presentation="constraints">
          <element href="crf_eshift.sysml#_fOJs0LQaEeOH7Npm3M6yJQ"/>
        </semanticModel>
      </contained>
      <contained xsi:type="di:GraphNode" xmi:id="_fN_71bQaEeOH7Npm3M6yJQ">
        <property xmi:id="_fN_71rQaEeOH7Npm3M6yJQ" key="eStructuralFeatureID" value="47 50 "/>
        <semanticModel xsi:type="di:EMFSemanticModelBridge" xmi:id="_fN_717QaEeOH7Npm3M6yJQ" presentation="operations">
          <element href="crf_eshift.sysml#_fOJs0LQaEeOH7Npm3M6yJQ"/>
        </semanticModel>
      </contained>
      <contained xsi:type="di:GraphNode" xmi:id="_fN_72LQaEeOH7Npm3M6yJQ">
        <property xmi:id="_fN_72bQaEeOH7Npm3M6yJQ" key="eStructuralFeatureID" value="37"/>
        <semanticModel xsi:type="di:EMFSemanticModelBridge" xmi:id="_fN_72rQaEeOH7Npm3M6yJQ" presentation="default">
          <element href="crf_eshift.sysml#_fOJs0LQaEeOH7Npm3M6yJQ"/>
        </semanticModel>
      </contained>
      <contained xsi:type="di:GraphNode" xmi:id="_b6za0LQcEeOH7Npm3M6yJQ" position="-1,79" size="15,15">
        <property xmi:id="_b6za0bQcEeOH7Npm3M6yJQ" key="portPosition" value="1"/>
        <semanticModel xsi:type="di:EMFSemanticModelBridge" xmi:id="_b6za0rQcEeOH7Npm3M6yJQ" presentation="default">
          <element href="crf_eshift.sysml#_b69L0LQcEeOH7Npm3M6yJQ"/>
        </semanticModel>
      </contained>
      <contained xsi:type="di:GraphNode" xmi:id="_f_KoILQcEeOH7Npm3M6yJQ" position="1,117" size="15,15">
        <property xmi:id="_f_KoIbQcEeOH7Npm3M6yJQ" key="portPosition" value="1"/>
        <semanticModel xsi:type="di:EMFSemanticModelBridge" xmi:id="_f_KoIrQcEeOH7Npm3M6yJQ" presentation="default">
          <element href="crf_eshift.sysml#_f_KoI7QcEeOH7Npm3M6yJQ"/>
        </semanticModel>
      </contained>
      <contained xsi:type="di:GraphNode" xmi:id="_nVmDILQcEeOH7Npm3M6yJQ" position="108,49" size="15,15">
        <property xmi:id="_nVmDIbQcEeOH7Npm3M6yJQ" key="portPosition" value="4"/>
        <semanticModel xsi:type="di:EMFSemanticModelBridge" xmi:id="_nVmDIrQcEeOH7Npm3M6yJQ" presentation="default">
          <element href="crf_eshift.sysml#_nVmDI7QcEeOH7Npm3M6yJQ"/>
        </semanticModel>
      </contained>
      <contained xsi:type="di:GraphNode" xmi:id="_xlYQ4LQcEeOH7Npm3M6yJQ" position="109,77" size="15,15">
        <property xmi:id="_xlYQ4bQcEeOH7Npm3M6yJQ" key="portPosition" value="4"/>
        <semanticModel xsi:type="di:EMFSemanticModelBridge" xmi:id="_xlYQ4rQcEeOH7Npm3M6yJQ" presentation="default">
          <element href="crf_eshift.sysml#_xlYQ47QcEeOH7Npm3M6yJQ"/>
        </semanticModel>
      </contained>
      <contained xsi:type="di:GraphNode" xmi:id="_1VDnoLQcEeOH7Npm3M6yJQ" position="110,103" size="15,15">
        <property xmi:id="_1VDnobQcEeOH7Npm3M6yJQ" key="portPosition" value="4"/>
        <semanticModel xsi:type="di:EMFSemanticModelBridge" xmi:id="_1VDnorQcEeOH7Npm3M6yJQ" presentation="default">
          <element href="crf_eshift.sysml#_1VDno7QcEeOH7Npm3M6yJQ"/>
        </semanticModel>
      </contained>
      <contained xsi:type="di:GraphNode" xmi:id="_4glIcLQcEeOH7Npm3M6yJQ" position="109,132" size="15,15">
        <property xmi:id="_4glIcbQcEeOH7Npm3M6yJQ" key="portPosition" value="4"/>
        <semanticModel xsi:type="di:EMFSemanticModelBridge" xmi:id="_4glIcrQcEeOH7Npm3M6yJQ" presentation="default">
          <element href="crf_eshift.sysml#_4gu5cLQcEeOH7Npm3M6yJQ"/>
        </semanticModel>
      </contained>
    </contained>
    <contained xsi:type="di:GraphNode" xmi:id="_oCAIELQaEeOH7Npm3M6yJQ" position="604,451" size="199,-1">
      <anchorage xmi:id="_xR-eoLQaEeOH7Npm3M6yJQ" graphEdge="_xR-eobQaEeOH7Npm3M6yJQ _NTsKALQoEeOZZt0WxCZ6WA"/>
      <semanticModel xsi:type="di:EMFSemanticModelBridge" xmi:id="_oCAIEbQaEeOH7Npm3M6yJQ" presentation="default">
        <element href="crf_eshift.sysml#_oCJ5ELQaEeOH7Npm3M6yJQ"/>
      </semanticModel>
      <contained xsi:type="di:GraphNode" xmi:id="_oCAIErQaEeOH7Npm3M6yJQ">
        <property xmi:id="_oCAIE7QaEeOH7Npm3M6yJQ" key="eStructuralFeatureID" value="12"/>
        <semanticModel xsi:type="di:EMFSemanticModelBridge" xmi:id="_oCAIFLQaEeOH7Npm3M6yJQ" presentation="constraints">
          <element href="crf_eshift.sysml#_oCJ5ELQaEeOH7Npm3M6yJQ"/>
        </semanticModel>
      </contained>
      <contained xsi:type="di:GraphNode" xmi:id="_oCAIFbQaEeOH7Npm3M6yJQ">
        <property xmi:id="_oCAIFrQaEeOH7Npm3M6yJQ" key="eStructuralFeatureID" value="47 50 "/>
        <semanticModel xsi:type="di:EMFSemanticModelBridge" xmi:id="_oCAIF7QaEeOH7Npm3M6yJQ" presentation="operations">
          <element href="crf_eshift.sysml#_oCJ5ELQaEeOH7Npm3M6yJQ"/>
        </semanticModel>
      </contained>
      <contained xsi:type="di:GraphNode" xmi:id="_oCAIGLQaEeOH7Npm3M6yJQ">
        <property xmi:id="_oCAIGbQaEeOH7Npm3M6yJQ" key="eStructuralFeatureID" value="37"/>
        <semanticModel xsi:type="di:EMFSemanticModelBridge" xmi:id="_oCAIGrQaEeOH7Npm3M6yJQ" presentation="default">
          <element href="crf_eshift.sysml#_oCJ5ELQaEeOH7Npm3M6yJQ"/>
        </semanticModel>
      </contained>
      <contained xsi:type="di:GraphNode" xmi:id="_OnkNsLQdEeOH7Npm3M6yJQ" position="170,52" size="15,15">
        <property xmi:id="_OnkNsbQdEeOH7Npm3M6yJQ" key="portPosition" value="4"/>
        <semanticModel xsi:type="di:EMFSemanticModelBridge" xmi:id="_OnkNsrQdEeOH7Npm3M6yJQ" presentation="default">
          <element href="crf_eshift.sysml#_OnkNs7QdEeOH7Npm3M6yJQ"/>
        </semanticModel>
      </contained>
      <contained xsi:type="di:GraphNode" xmi:id="_ggFHYLQdEeOH7Npm3M6yJQ" position="172,99" size="15,15">
        <property xmi:id="_ggFHYbQdEeOH7Npm3M6yJQ" key="portPosition" value="4"/>
        <semanticModel xsi:type="di:EMFSemanticModelBridge" xmi:id="_ggFHYrQdEeOH7Npm3M6yJQ" presentation="default">
          <element href="crf_eshift.sysml#_ggFHY7QdEeOH7Npm3M6yJQ"/>
        </semanticModel>
      </contained>
      <contained xsi:type="di:GraphNode" xmi:id="_tnKSYLQdEeOH7Npm3M6yJQ" position="-1,141" size="15,15">
        <property xmi:id="_tnKSYbQdEeOH7Npm3M6yJQ" key="portPosition" value="1"/>
        <semanticModel xsi:type="di:EMFSemanticModelBridge" xmi:id="_tnKSYrQdEeOH7Npm3M6yJQ" presentation="default">
          <element href="crf_eshift.sysml#_tnUDYLQdEeOH7Npm3M6yJQ"/>
        </semanticModel>
      </contained>
      <contained xsi:type="di:GraphNode" xmi:id="_x4wDYLQdEeOH7Npm3M6yJQ" position="0,49" size="15,15">
        <property xmi:id="_x4wDYbQdEeOH7Npm3M6yJQ" key="portPosition" value="1"/>
        <semanticModel xsi:type="di:EMFSemanticModelBridge" xmi:id="_x4wDYrQdEeOH7Npm3M6yJQ" presentation="default">
          <element href="crf_eshift.sysml#_x4wDY7QdEeOH7Npm3M6yJQ"/>
        </semanticModel>
      </contained>
      <contained xsi:type="di:GraphNode" xmi:id="_2eI6ILQdEeOH7Npm3M6yJQ" position="-1,61" size="15,15">
        <property xmi:id="_2eI6IbQdEeOH7Npm3M6yJQ" key="portPosition" value="1"/>
        <semanticModel xsi:type="di:EMFSemanticModelBridge" xmi:id="_2eI6IrQdEeOH7Npm3M6yJQ" presentation="default">
          <element href="crf_eshift.sysml#_2eI6I7QdEeOH7Npm3M6yJQ"/>
        </semanticModel>
      </contained>
      <contained xsi:type="di:GraphNode" xmi:id="_DlhAELQeEeOH7Npm3M6yJQ" position="1,75" size="15,15">
        <property xmi:id="_DlhAEbQeEeOH7Npm3M6yJQ" key="portPosition" value="1"/>
        <semanticModel xsi:type="di:EMFSemanticModelBridge" xmi:id="_DlhAErQeEeOH7Npm3M6yJQ" presentation="default">
          <element href="crf_eshift.sysml#_DlqxELQeEeOH7Npm3M6yJQ"/>
        </semanticModel>
      </contained>
      <contained xsi:type="di:GraphNode" xmi:id="_Jjah4LQeEeOH7Npm3M6yJQ" position="-1,88" size="15,15">
        <property xmi:id="_Jjah4bQeEeOH7Npm3M6yJQ" key="portPosition" value="1"/>
        <semanticModel xsi:type="di:EMFSemanticModelBridge" xmi:id="_Jjah4rQeEeOH7Npm3M6yJQ" presentation="default">
          <element href="crf_eshift.sysml#_Jjah47QeEeOH7Npm3M6yJQ"/>
        </semanticModel>
      </contained>
      <contained xsi:type="di:GraphNode" xmi:id="_P9JEELQeEeOH7Npm3M6yJQ" position="1,101" size="15,15">
        <property xmi:id="_P9JEEbQeEeOH7Npm3M6yJQ" key="portPosition" value="1"/>
        <semanticModel xsi:type="di:EMFSemanticModelBridge" xmi:id="_P9JEErQeEeOH7Npm3M6yJQ" presentation="default">
          <element href="crf_eshift.sysml#_P9JEE7QeEeOH7Npm3M6yJQ"/>
        </semanticModel>
      </contained>
      <contained xsi:type="di:GraphNode" xmi:id="_xF50sLQeEeOH7Npm3M6yJQ" position="1,113" size="15,15">
        <property xmi:id="_xF50sbQeEeOH7Npm3M6yJQ" key="portPosition" value="1"/>
        <semanticModel xsi:type="di:EMFSemanticModelBridge" xmi:id="_xF50srQeEeOH7Npm3M6yJQ" presentation="default">
          <element href="crf_eshift.sysml#_xF50s7QeEeOH7Npm3M6yJQ"/>
        </semanticModel>
      </contained>
      <contained xsi:type="di:GraphNode" xmi:id="_11skoLQeEeOH7Npm3M6yJQ" position="-2,127" size="15,15">
        <property xmi:id="_11skobQeEeOH7Npm3M6yJQ" key="portPosition" value="1"/>
        <semanticModel xsi:type="di:EMFSemanticModelBridge" xmi:id="_11skorQeEeOH7Npm3M6yJQ" presentation="default">
          <element href="crf_eshift.sysml#_11sko7QeEeOH7Npm3M6yJQ"/>
        </semanticModel>
      </contained>
      <contained xsi:type="di:GraphNode" xmi:id="_AZR4ILQfEeOH7Npm3M6yJQ" position="0,7" size="15,15">
        <property xmi:id="_AZR4IbQfEeOH7Npm3M6yJQ" key="portPosition" value="1"/>
        <semanticModel xsi:type="di:EMFSemanticModelBridge" xmi:id="_AZR4IrQfEeOH7Npm3M6yJQ" presentation="default">
          <element href="crf_eshift.sysml#_AZbpILQfEeOH7Npm3M6yJQ"/>
        </semanticModel>
      </contained>
      <contained xsi:type="di:GraphNode" xmi:id="_HcFMgLQfEeOH7Npm3M6yJQ" position="0,19" size="15,15">
        <property xmi:id="_HcFMgbQfEeOH7Npm3M6yJQ" key="portPosition" value="1"/>
        <semanticModel xsi:type="di:EMFSemanticModelBridge" xmi:id="_HcFMgrQfEeOH7Npm3M6yJQ" presentation="default">
          <element href="crf_eshift.sysml#_HcFMg7QfEeOH7Npm3M6yJQ"/>
        </semanticModel>
      </contained>
      <contained xsi:type="di:GraphNode" xmi:id="_QjI3oLQfEeOH7Npm3M6yJQ" position="1,34" size="15,15">
        <property xmi:id="_QjI3obQfEeOH7Npm3M6yJQ" key="portPosition" value="1"/>
        <semanticModel xsi:type="di:EMFSemanticModelBridge" xmi:id="_QjI3orQfEeOH7Npm3M6yJQ" presentation="default">
          <element href="crf_eshift.sysml#_QjSBkLQfEeOH7Npm3M6yJQ"/>
        </semanticModel>
      </contained>
      <contained xsi:type="di:GraphNode" xmi:id="_Wd6M8LQfEeOH7Npm3M6yJQ" position="39,138" size="15,15">
        <property xmi:id="_Wd6M8bQfEeOH7Npm3M6yJQ" key="portPosition" value="32"/>
        <semanticModel xsi:type="di:EMFSemanticModelBridge" xmi:id="_Wd6M8rQfEeOH7Npm3M6yJQ" presentation="default">
          <element href="crf_eshift.sysml#_WeD98LQfEeOH7Npm3M6yJQ"/>
        </semanticModel>
      </contained>
      <contained xsi:type="di:GraphNode" xmi:id="_bc4oYLQfEeOH7Npm3M6yJQ" position="115,138" size="15,15">
        <property xmi:id="_bc4oYbQfEeOH7Npm3M6yJQ" key="portPosition" value="32"/>
        <semanticModel xsi:type="di:EMFSemanticModelBridge" xmi:id="_bc4oYrQfEeOH7Npm3M6yJQ" presentation="default">
          <element href="crf_eshift.sysml#_bc4oY7QfEeOH7Npm3M6yJQ"/>
        </semanticModel>
      </contained>
    </contained>
    <contained xsi:type="di:GraphEdge" xmi:id="_t5zo8rQaEeOH7Npm3M6yJQ" anchor="_t5zo8LQaEeOH7Npm3M6yJQ _t5zo8bQaEeOH7Npm3M6yJQ">
      <semanticModel xsi:type="di:SimpleSemanticModelElement" xmi:id="_t5zo87QaEeOH7Npm3M6yJQ" presentation="default" typeInfo="ContainmentLink"/>
      <waypoints>[-289, 40, 1, -197]</waypoints>
    </contained>
    <contained xsi:type="di:GraphEdge" xmi:id="_vb_0cbQaEeOH7Npm3M6yJQ" anchor="_t5zo8LQaEeOH7Npm3M6yJQ _vb_0cLQaEeOH7Npm3M6yJQ">
      <semanticModel xsi:type="di:SimpleSemanticModelElement" xmi:id="_vb_0crQaEeOH7Npm3M6yJQ" presentation="default" typeInfo="ContainmentLink"/>
      <waypoints>[-93, 53, 93, -234]</waypoints>
      <waypoints>[-93, 173, 93, -114]</waypoints>
      <waypoints>[-176, 173, 10, -114]</waypoints>
    </contained>
    <contained xsi:type="di:GraphEdge" xmi:id="_wJz8sbQaEeOH7Npm3M6yJQ" anchor="_t5zo8LQaEeOH7Npm3M6yJQ _wJz8sLQaEeOH7Npm3M6yJQ">
      <semanticModel xsi:type="di:SimpleSemanticModelElement" xmi:id="_wJz8srQaEeOH7Npm3M6yJQ" presentation="default" typeInfo="ContainmentLink"/>
    </contained>
    <contained xsi:type="di:GraphEdge" xmi:id="_wvKFcLQaEeOH7Npm3M6yJQ" anchor="_t5zo8LQaEeOH7Npm3M6yJQ _wvA7gLQaEeOH7Npm3M6yJQ">
      <semanticModel xsi:type="di:SimpleSemanticModelElement" xmi:id="_wvKFcbQaEeOH7Npm3M6yJQ" presentation="default" typeInfo="ContainmentLink"/>
    </contained>
    <contained xsi:type="di:GraphEdge" xmi:id="_xR-eobQaEeOH7Npm3M6yJQ" anchor="_t5zo8LQaEeOH7Npm3M6yJQ _xR-eoLQaEeOH7Npm3M6yJQ">
      <semanticModel xsi:type="di:SimpleSemanticModelElement" xmi:id="_xR-eorQaEeOH7Npm3M6yJQ" presentation="default" typeInfo="ContainmentLink"/>
      <waypoints>[304, 38, -5, -198]</waypoints>
    </contained>
    <contained xsi:type="di:GraphNode" xmi:id="_DtAOgLQmEeOZZt0WxCZ6WA" position="89,742" size="151,-1">
      <anchorage xmi:id="_dD_E4LQmEeOZZt0WxCZ6WA" graphEdge="_dD_E4bQmEeOZZt0WxCZ6WA"/>
      <semanticModel xsi:type="di:EMFSemanticModelBridge" xmi:id="_DtAOgbQmEeOZZt0WxCZ6WA" presentation="default">
        <element href="crf_eshift.sysml#_Fw9nILQiEeOZZt0WxCZ6WA"/>
      </semanticModel>
      <contained xsi:type="di:GraphNode" xmi:id="_DtAOgrQmEeOZZt0WxCZ6WA">
        <property xmi:id="_DtAOg7QmEeOZZt0WxCZ6WA" key="eStructuralFeatureID" value="12"/>
        <semanticModel xsi:type="di:EMFSemanticModelBridge" xmi:id="_DtAOhLQmEeOZZt0WxCZ6WA" presentation="constraints">
          <element href="crf_eshift.sysml#_Fw9nILQiEeOZZt0WxCZ6WA"/>
        </semanticModel>
      </contained>
      <contained xsi:type="di:GraphNode" xmi:id="_DtAOhbQmEeOZZt0WxCZ6WA">
        <property xmi:id="_DtAOhrQmEeOZZt0WxCZ6WA" key="eStructuralFeatureID" value="47 50 "/>
        <semanticModel xsi:type="di:EMFSemanticModelBridge" xmi:id="_DtAOh7QmEeOZZt0WxCZ6WA" presentation="operations">
          <element href="crf_eshift.sysml#_Fw9nILQiEeOZZt0WxCZ6WA"/>
        </semanticModel>
      </contained>
      <contained xsi:type="di:GraphNode" xmi:id="_DtAOiLQmEeOZZt0WxCZ6WA">
        <property xmi:id="_DtAOibQmEeOZZt0WxCZ6WA" key="eStructuralFeatureID" value="37"/>
        <semanticModel xsi:type="di:EMFSemanticModelBridge" xmi:id="_DtAOirQmEeOZZt0WxCZ6WA" presentation="default">
          <element href="crf_eshift.sysml#_Fw9nILQiEeOZZt0WxCZ6WA"/>
        </semanticModel>
      </contained>
      <contained xsi:type="di:GraphNode" xmi:id="_D8n-4LQmEeOZZt0WxCZ6WA" position="132,68" size="15,15">
        <property xmi:id="_D8n-4bQmEeOZZt0WxCZ6WA" key="portPosition" value="4"/>
        <semanticModel xsi:type="di:EMFSemanticModelBridge" xmi:id="_D8n-4rQmEeOZZt0WxCZ6WA" presentation="default">
          <element href="crf_eshift.sysml#_KpauY7QjEeOZZt0WxCZ6WA"/>
        </semanticModel>
      </contained>
      <contained xsi:type="di:GraphNode" xmi:id="_D8n-47QmEeOZZt0WxCZ6WA" position="133,56" size="15,15">
        <property xmi:id="_D8n-5LQmEeOZZt0WxCZ6WA" key="portPosition" value="4"/>
        <semanticModel xsi:type="di:EMFSemanticModelBridge" xmi:id="_D8n-5bQmEeOZZt0WxCZ6WA" presentation="default">
          <element href="crf_eshift.sysml#_QQQbE7QjEeOZZt0WxCZ6WA"/>
        </semanticModel>
      </contained>
      <contained xsi:type="di:GraphNode" xmi:id="_D8n-5rQmEeOZZt0WxCZ6WA" position="132,84" size="15,15">
        <property xmi:id="_D8n-57QmEeOZZt0WxCZ6WA" key="portPosition" value="4"/>
        <semanticModel xsi:type="di:EMFSemanticModelBridge" xmi:id="_D8n-6LQmEeOZZt0WxCZ6WA" presentation="default">
          <element href="crf_eshift.sysml#_Uqxek7QjEeOZZt0WxCZ6WA"/>
        </semanticModel>
      </contained>
      <contained xsi:type="di:GraphNode" xmi:id="_D8n-6bQmEeOZZt0WxCZ6WA" position="133,41" size="15,15">
        <property xmi:id="_D8n-6rQmEeOZZt0WxCZ6WA" key="portPosition" value="4"/>
        <semanticModel xsi:type="di:EMFSemanticModelBridge" xmi:id="_D8n-67QmEeOZZt0WxCZ6WA" presentation="default">
          <element href="crf_eshift.sysml#_Xz7A07QjEeOZZt0WxCZ6WA"/>
        </semanticModel>
      </contained>
      <contained xsi:type="di:GraphNode" xmi:id="_D8n-7LQmEeOZZt0WxCZ6WA" position="36,129" size="15,15">
        <property xmi:id="_D8n-7bQmEeOZZt0WxCZ6WA" key="portPosition" value="32"/>
        <semanticModel xsi:type="di:EMFSemanticModelBridge" xmi:id="_D8n-7rQmEeOZZt0WxCZ6WA" presentation="default">
          <element href="crf_eshift.sysml#_cTWZg7QjEeOZZt0WxCZ6WA"/>
        </semanticModel>
      </contained>
      <contained xsi:type="di:GraphNode" xmi:id="_D8n-77QmEeOZZt0WxCZ6WA" position="1,120" size="15,15">
        <property xmi:id="_D8n-8LQmEeOZZt0WxCZ6WA" key="portPosition" value="1"/>
        <semanticModel xsi:type="di:EMFSemanticModelBridge" xmi:id="_D8n-8bQmEeOZZt0WxCZ6WA" presentation="default">
          <element href="crf_eshift.sysml#_hcI4Q7QjEeOZZt0WxCZ6WA"/>
        </semanticModel>
      </contained>
      <contained xsi:type="di:GraphNode" xmi:id="_D8xI0LQmEeOZZt0WxCZ6WA" position="2,107" size="15,15">
        <property xmi:id="_D8xI0bQmEeOZZt0WxCZ6WA" key="portPosition" value="1"/>
        <semanticModel xsi:type="di:EMFSemanticModelBridge" xmi:id="_D8xI0rQmEeOZZt0WxCZ6WA" presentation="default">
          <element href="crf_eshift.sysml#_kSYso7QjEeOZZt0WxCZ6WA"/>
        </semanticModel>
      </contained>
      <contained xsi:type="di:GraphNode" xmi:id="_D8xI07QmEeOZZt0WxCZ6WA" position="1,131" size="15,15">
        <property xmi:id="_D8xI1LQmEeOZZt0WxCZ6WA" key="portPosition" value="1"/>
        <semanticModel xsi:type="di:EMFSemanticModelBridge" xmi:id="_D8xI1bQmEeOZZt0WxCZ6WA" presentation="default">
          <element href="crf_eshift.sysml#_qEYgc7QjEeOZZt0WxCZ6WA"/>
        </semanticModel>
      </contained>
      <contained xsi:type="di:GraphNode" xmi:id="_D8xI1rQmEeOZZt0WxCZ6WA" position="1,81" size="15,15">
        <property xmi:id="_D8xI17QmEeOZZt0WxCZ6WA" key="portPosition" value="1"/>
        <semanticModel xsi:type="di:EMFSemanticModelBridge" xmi:id="_D8xI2LQmEeOZZt0WxCZ6WA" presentation="default">
          <element href="crf_eshift.sysml#_uda9QLQjEeOZZt0WxCZ6WA"/>
        </semanticModel>
      </contained>
      <contained xsi:type="di:GraphNode" xmi:id="_D8xI2bQmEeOZZt0WxCZ6WA" position="2,55" size="15,15">
        <property xmi:id="_D8xI2rQmEeOZZt0WxCZ6WA" key="portPosition" value="1"/>
        <semanticModel xsi:type="di:EMFSemanticModelBridge" xmi:id="_D8xI27QmEeOZZt0WxCZ6WA" presentation="default">
          <element href="crf_eshift.sysml#_zGEjYLQjEeOZZt0WxCZ6WA"/>
        </semanticModel>
      </contained>
      <contained xsi:type="di:GraphNode" xmi:id="_D8xI3LQmEeOZZt0WxCZ6WA" position="2,69" size="15,15">
        <property xmi:id="_D8xI3bQmEeOZZt0WxCZ6WA" key="portPosition" value="1"/>
        <semanticModel xsi:type="di:EMFSemanticModelBridge" xmi:id="_D8xI3rQmEeOZZt0WxCZ6WA" presentation="default">
          <element href="crf_eshift.sysml#_3n4hsLQjEeOZZt0WxCZ6WA"/>
        </semanticModel>
      </contained>
      <contained xsi:type="di:GraphNode" xmi:id="_D8xI37QmEeOZZt0WxCZ6WA" position="-2,38" size="15,15">
        <property xmi:id="_D8xI4LQmEeOZZt0WxCZ6WA" key="portPosition" value="1"/>
        <semanticModel xsi:type="di:EMFSemanticModelBridge" xmi:id="_D8xI4bQmEeOZZt0WxCZ6WA" presentation="default">
          <element href="crf_eshift.sysml#_7HyXE7QjEeOZZt0WxCZ6WA"/>
        </semanticModel>
      </contained>
      <contained xsi:type="di:GraphNode" xmi:id="_D8xI4rQmEeOZZt0WxCZ6WA" position="0,94" size="15,15">
        <property xmi:id="_D8xI47QmEeOZZt0WxCZ6WA" key="portPosition" value="1"/>
        <semanticModel xsi:type="di:EMFSemanticModelBridge" xmi:id="_D8xI5LQmEeOZZt0WxCZ6WA" presentation="default">
          <element href="crf_eshift.sysml#_B3-Rc7QkEeOZZt0WxCZ6WA"/>
        </semanticModel>
      </contained>
    </contained>
    <contained xsi:type="di:GraphEdge" xmi:id="_dD_E4bQmEeOZZt0WxCZ6WA" anchor="_t5zo8bQaEeOH7Npm3M6yJQ _dD_E4LQmEeOZZt0WxCZ6WA">
      <semanticModel xsi:type="di:EMFSemanticModelBridge" xmi:id="_dD_E4rQmEeOZZt0WxCZ6WA" presentation="default">
        <element href="crf_eshift.sysml#_dD_E5bQmEeOZZt0WxCZ6WA"/>
      </semanticModel>
      <contained xsi:type="di:EdgeObjectOffset" xmi:id="_dD_E47QmEeOZZt0WxCZ6WA" id="stereotypeEdgeObject" offset="38,110"/>
      <contained xsi:type="di:EdgeObjectOffset" xmi:id="_dD_E5LQmEeOZZt0WxCZ6WA" visible="false" id="middleNameEdgeObject"/>
    </contained>
    <contained xsi:type="di:GraphNode" xmi:id="_zqapwLQnEeOZZt0WxCZ6WA" position="502,834" size="112,-1">
      <anchorage xmi:id="_K9bdQLQoEeOZZt0WxCZ6WA" graphEdge="_K9bdQbQoEeOZZt0WxCZ6WA _NTsKALQoEeOZZt0WxCZ6WA _Rqo8ILQoEeOZZt0WxCZ6WA"/>
      <semanticModel xsi:type="di:EMFSemanticModelBridge" xmi:id="_zqapwbQnEeOZZt0WxCZ6WA" presentation="default">
        <element href="crf_eshift.sysml#_WR_wgLQiEeOZZt0WxCZ6WA"/>
      </semanticModel>
      <contained xsi:type="di:GraphNode" xmi:id="_zqapwrQnEeOZZt0WxCZ6WA">
        <property xmi:id="_zqapw7QnEeOZZt0WxCZ6WA" key="eStructuralFeatureID" value="12"/>
        <semanticModel xsi:type="di:EMFSemanticModelBridge" xmi:id="_zqapxLQnEeOZZt0WxCZ6WA" presentation="constraints">
          <element href="crf_eshift.sysml#_WR_wgLQiEeOZZt0WxCZ6WA"/>
        </semanticModel>
      </contained>
      <contained xsi:type="di:GraphNode" xmi:id="_zqapxbQnEeOZZt0WxCZ6WA">
        <property xmi:id="_zqapxrQnEeOZZt0WxCZ6WA" key="eStructuralFeatureID" value="47 50 "/>
        <semanticModel xsi:type="di:EMFSemanticModelBridge" xmi:id="_zqapx7QnEeOZZt0WxCZ6WA" presentation="operations">
          <element href="crf_eshift.sysml#_WR_wgLQiEeOZZt0WxCZ6WA"/>
        </semanticModel>
      </contained>
      <contained xsi:type="di:GraphNode" xmi:id="_zqapyLQnEeOZZt0WxCZ6WA">
        <property xmi:id="_zqapybQnEeOZZt0WxCZ6WA" key="eStructuralFeatureID" value="37"/>
        <semanticModel xsi:type="di:EMFSemanticModelBridge" xmi:id="_zqapyrQnEeOZZt0WxCZ6WA" presentation="default">
          <element href="crf_eshift.sysml#_WR_wgLQiEeOZZt0WxCZ6WA"/>
        </semanticModel>
      </contained>
      <contained xsi:type="di:GraphNode" xmi:id="_z6CaILQnEeOZZt0WxCZ6WA" position="93,114" size="15,15">
        <property xmi:id="_z6CaIbQnEeOZZt0WxCZ6WA" key="portPosition" value="4"/>
        <semanticModel xsi:type="di:EMFSemanticModelBridge" xmi:id="_z6CaIrQnEeOZZt0WxCZ6WA" presentation="default">
          <element href="crf_eshift.sysml#_cP9R07QkEeOZZt0WxCZ6WA"/>
        </semanticModel>
      </contained>
      <contained xsi:type="di:GraphNode" xmi:id="_z6CaI7QnEeOZZt0WxCZ6WA" position="93,99" size="15,15">
        <property xmi:id="_z6CaJLQnEeOZZt0WxCZ6WA" key="portPosition" value="4"/>
        <semanticModel xsi:type="di:EMFSemanticModelBridge" xmi:id="_z6CaJbQnEeOZZt0WxCZ6WA" presentation="default">
          <element href="crf_eshift.sysml#_fu9vU7QkEeOZZt0WxCZ6WA"/>
        </semanticModel>
      </contained>
      <contained xsi:type="di:GraphNode" xmi:id="_z6CaJrQnEeOZZt0WxCZ6WA" position="93,84" size="15,15">
        <property xmi:id="_z6CaJ7QnEeOZZt0WxCZ6WA" key="portPosition" value="4"/>
        <semanticModel xsi:type="di:EMFSemanticModelBridge" xmi:id="_z6CaKLQnEeOZZt0WxCZ6WA" presentation="default">
          <element href="crf_eshift.sysml#_jWdac7QkEeOZZt0WxCZ6WA"/>
        </semanticModel>
      </contained>
      <contained xsi:type="di:GraphNode" xmi:id="_z6LkELQnEeOZZt0WxCZ6WA" position="90,69" size="15,15">
        <property xmi:id="_z6LkEbQnEeOZZt0WxCZ6WA" key="portPosition" value="4"/>
        <semanticModel xsi:type="di:EMFSemanticModelBridge" xmi:id="_z6LkErQnEeOZZt0WxCZ6WA" presentation="default">
          <element href="crf_eshift.sysml#_p2R9k7QkEeOZZt0WxCZ6WA"/>
        </semanticModel>
      </contained>
      <contained xsi:type="di:GraphNode" xmi:id="_z6LkE7QnEeOZZt0WxCZ6WA" position="88,27" size="15,15">
        <property xmi:id="_z6LkFLQnEeOZZt0WxCZ6WA" key="portPosition" value="4"/>
        <semanticModel xsi:type="di:EMFSemanticModelBridge" xmi:id="_z6LkFbQnEeOZZt0WxCZ6WA" presentation="default">
          <element href="crf_eshift.sysml#_tQrn47QkEeOZZt0WxCZ6WA"/>
        </semanticModel>
      </contained>
      <contained xsi:type="di:GraphNode" xmi:id="_z6LkFrQnEeOZZt0WxCZ6WA" position="95,41" size="15,15">
        <property xmi:id="_z6LkF7QnEeOZZt0WxCZ6WA" key="portPosition" value="4"/>
        <semanticModel xsi:type="di:EMFSemanticModelBridge" xmi:id="_z6LkGLQnEeOZZt0WxCZ6WA" presentation="default">
          <element href="crf_eshift.sysml#_xDekELQkEeOZZt0WxCZ6WA"/>
        </semanticModel>
      </contained>
      <contained xsi:type="di:GraphNode" xmi:id="_z6LkGbQnEeOZZt0WxCZ6WA" position="93,13" size="15,15">
        <property xmi:id="_z6LkGrQnEeOZZt0WxCZ6WA" key="portPosition" value="4"/>
        <semanticModel xsi:type="di:EMFSemanticModelBridge" xmi:id="_z6LkG7QnEeOZZt0WxCZ6WA" presentation="default">
          <element href="crf_eshift.sysml#_04EQA7QkEeOZZt0WxCZ6WA"/>
        </semanticModel>
      </contained>
      <contained xsi:type="di:GraphNode" xmi:id="_z6LkHLQnEeOZZt0WxCZ6WA" position="94,56" size="15,15">
        <property xmi:id="_z6LkHbQnEeOZZt0WxCZ6WA" key="portPosition" value="4"/>
        <semanticModel xsi:type="di:EMFSemanticModelBridge" xmi:id="_z6LkHrQnEeOZZt0WxCZ6WA" presentation="default">
          <element href="crf_eshift.sysml#_5Y-2c7QkEeOZZt0WxCZ6WA"/>
        </semanticModel>
      </contained>
      <contained xsi:type="di:GraphNode" xmi:id="_z6LkH7QnEeOZZt0WxCZ6WA" position="0,13" size="15,15">
        <property xmi:id="_z6LkILQnEeOZZt0WxCZ6WA" key="portPosition" value="1"/>
        <semanticModel xsi:type="di:EMFSemanticModelBridge" xmi:id="_z6LkIbQnEeOZZt0WxCZ6WA" presentation="default">
          <element href="crf_eshift.sysml#_-ig8E7QkEeOZZt0WxCZ6WA"/>
        </semanticModel>
      </contained>
      <contained xsi:type="di:GraphNode" xmi:id="_z6LkIrQnEeOZZt0WxCZ6WA" position="-5,30" size="15,15">
        <property xmi:id="_z6LkI7QnEeOZZt0WxCZ6WA" key="portPosition" value="1"/>
        <semanticModel xsi:type="di:EMFSemanticModelBridge" xmi:id="_z6LkJLQnEeOZZt0WxCZ6WA" presentation="default">
          <element href="crf_eshift.sysml#_EcZgkLQlEeOZZt0WxCZ6WA"/>
        </semanticModel>
      </contained>
      <contained xsi:type="di:GraphNode" xmi:id="_z6LkJbQnEeOZZt0WxCZ6WA" position="-4,46" size="15,15">
        <property xmi:id="_z6LkJrQnEeOZZt0WxCZ6WA" key="portPosition" value="1"/>
        <semanticModel xsi:type="di:EMFSemanticModelBridge" xmi:id="_z6LkJ7QnEeOZZt0WxCZ6WA" presentation="default">
          <element href="crf_eshift.sysml#_LFcRILQlEeOZZt0WxCZ6WA"/>
        </semanticModel>
      </contained>
      <contained xsi:type="di:GraphNode" xmi:id="_z6LkKLQnEeOZZt0WxCZ6WA" position="-5,63" size="15,15">
        <property xmi:id="_z6LkKbQnEeOZZt0WxCZ6WA" key="portPosition" value="1"/>
        <semanticModel xsi:type="di:EMFSemanticModelBridge" xmi:id="_z6LkKrQnEeOZZt0WxCZ6WA" presentation="default">
          <element href="crf_eshift.sysml#_PjFhILQlEeOZZt0WxCZ6WA"/>
        </semanticModel>
      </contained>
      <contained xsi:type="di:GraphNode" xmi:id="_z6LkK7QnEeOZZt0WxCZ6WA" position="2,78" size="15,15">
        <property xmi:id="_z6LkLLQnEeOZZt0WxCZ6WA" key="portPosition" value="1"/>
        <semanticModel xsi:type="di:EMFSemanticModelBridge" xmi:id="_z6LkLbQnEeOZZt0WxCZ6WA" presentation="default">
          <element href="crf_eshift.sysml#_Ze-ig7QlEeOZZt0WxCZ6WA"/>
        </semanticModel>
      </contained>
      <contained xsi:type="di:GraphNode" xmi:id="_z6LkLrQnEeOZZt0WxCZ6WA" position="-1,92" size="15,15">
        <property xmi:id="_z6LkL7QnEeOZZt0WxCZ6WA" key="portPosition" value="1"/>
        <semanticModel xsi:type="di:EMFSemanticModelBridge" xmi:id="_z6LkMLQnEeOZZt0WxCZ6WA" presentation="default">
          <element href="crf_eshift.sysml#_eM_Jw7QlEeOZZt0WxCZ6WA"/>
        </semanticModel>
      </contained>
      <contained xsi:type="di:GraphNode" xmi:id="_z6VVELQnEeOZZt0WxCZ6WA" position="-3,109" size="15,15">
        <property xmi:id="_z6VVEbQnEeOZZt0WxCZ6WA" key="portPosition" value="1"/>
        <semanticModel xsi:type="di:EMFSemanticModelBridge" xmi:id="_z6VVErQnEeOZZt0WxCZ6WA" presentation="default">
          <element href="crf_eshift.sysml#_jlGd87QlEeOZZt0WxCZ6WA"/>
        </semanticModel>
      </contained>
      <contained xsi:type="di:GraphNode" xmi:id="_z6VVE7QnEeOZZt0WxCZ6WA" position="3,124" size="15,15">
        <property xmi:id="_z6VVFLQnEeOZZt0WxCZ6WA" key="portPosition" value="1"/>
        <semanticModel xsi:type="di:EMFSemanticModelBridge" xmi:id="_z6VVFbQnEeOZZt0WxCZ6WA" presentation="default">
          <element href="crf_eshift.sysml#_ncEIcLQlEeOZZt0WxCZ6WA"/>
        </semanticModel>
      </contained>
      <contained xsi:type="di:GraphNode" xmi:id="_z6VVFrQnEeOZZt0WxCZ6WA" position="2,137" size="15,15">
        <property xmi:id="_z6VVF7QnEeOZZt0WxCZ6WA" key="portPosition" value="1"/>
        <semanticModel xsi:type="di:EMFSemanticModelBridge" xmi:id="_z6VVGLQnEeOZZt0WxCZ6WA" presentation="default">
          <element href="crf_eshift.sysml#_t3bCULQlEeOZZt0WxCZ6WA"/>
        </semanticModel>
      </contained>
    </contained>
    <contained xsi:type="di:GraphEdge" xmi:id="_K9bdQbQoEeOZZt0WxCZ6WA" anchor="_wJz8sLQaEeOH7Npm3M6yJQ _K9bdQLQoEeOZZt0WxCZ6WA">
      <semanticModel xsi:type="di:EMFSemanticModelBridge" xmi:id="_K9bdQrQoEeOZZt0WxCZ6WA" presentation="default">
        <element href="crf_eshift.sysml#_K-nwELQoEeOZZt0WxCZ6WA"/>
      </semanticModel>
      <contained xsi:type="di:EdgeObjectOffset" xmi:id="_K9bdQ7QoEeOZZt0WxCZ6WA" id="stereotypeEdgeObject"/>
      <contained xsi:type="di:EdgeObjectOffset" xmi:id="_K9bdRLQoEeOZZt0WxCZ6WA" visible="false" id="middleNameEdgeObject"/>
    </contained>
    <contained xsi:type="di:GraphEdge" xmi:id="_NTsKALQoEeOZZt0WxCZ6WA" anchor="_xR-eoLQaEeOH7Npm3M6yJQ _K9bdQLQoEeOZZt0WxCZ6WA">
      <semanticModel xsi:type="di:EMFSemanticModelBridge" xmi:id="_NTsKAbQoEeOZZt0WxCZ6WA" presentation="default">
        <element href="crf_eshift.sysml#_NU4c0LQoEeOZZt0WxCZ6WA"/>
      </semanticModel>
      <contained xsi:type="di:EdgeObjectOffset" xmi:id="_NTsKArQoEeOZZt0WxCZ6WA" id="stereotypeEdgeObject" offset="-8,18"/>
      <contained xsi:type="di:EdgeObjectOffset" xmi:id="_NTsKA7QoEeOZZt0WxCZ6WA" visible="false" id="middleNameEdgeObject"/>
    </contained>
    <contained xsi:type="di:GraphEdge" xmi:id="_Rqo8ILQoEeOZZt0WxCZ6WA" anchor="_wvA7gLQaEeOH7Npm3M6yJQ _K9bdQLQoEeOZZt0WxCZ6WA">
      <semanticModel xsi:type="di:EMFSemanticModelBridge" xmi:id="_Rqo8IbQoEeOZZt0WxCZ6WA" presentation="default">
        <element href="crf_eshift.sysml#_Rr1O8LQoEeOZZt0WxCZ6WA"/>
      </semanticModel>
      <contained xsi:type="di:EdgeObjectOffset" xmi:id="_Rqo8IrQoEeOZZt0WxCZ6WA" id="stereotypeEdgeObject" offset="-11,41"/>
      <contained xsi:type="di:EdgeObjectOffset" xmi:id="_Rqo8I7QoEeOZZt0WxCZ6WA" visible="false" id="middleNameEdgeObject"/>
    </contained>
  </diagrams>