<?xml version="1.0" encoding="UTF-8"?><diagrams xmlns:xmi="http://www.omg.org/XMI" xmlns:xsi="http://www.w3.org/2001/XMLSchema-instance" xmlns:di="http://www.topcased.org/DI/1.0" xmlns:diagrams="http://www.topcased.org/Diagrams/1.0" xmi:id="_jLQpULQfEeOH7Npm3M6yJQ" position="0,0" size="100,100" name="e-shift" viewport="0,0">
      <property xmi:id="_jMJaILQfEeOH7Npm3M6yJQ" key="pageFormatName" value="A4"/>
      <property xmi:id="_jMJaIbQfEeOH7Npm3M6yJQ" key="diagramWidth" value="840"/>
      <property xmi:id="_jMTLILQfEeOH7Npm3M6yJQ" key="diagramHeight" value="1188"/>
      <property xmi:id="_jMc8ILQfEeOH7Npm3M6yJQ" key="pageMarginName" value="Small Margin"/>
      <property xmi:id="_jMc8IbQfEeOH7Npm3M6yJQ" key="diagramTopMargin" value="20"/>
      <property xmi:id="_jMmGELQfEeOH7Npm3M6yJQ" key="diagramBottomMargin" value="20"/>
      <property xmi:id="_jMv3ELQfEeOH7Npm3M6yJQ" key="diagramLeftMargin" value="20"/>
      <property xmi:id="_jM5BALQfEeOH7Npm3M6yJQ" key="diagramRightMargin" value="20"/>
      <property xmi:id="_jM5BAbQfEeOH7Npm3M6yJQ" key="orientation" value="portrait"/>
      <semanticModel xsi:type="di:EMFSemanticModelBridge" xmi:id="_jLQpUbQfEeOH7Npm3M6yJQ" presentation="org.topcased.modeler.sysml.internalblockdiagram">
        <element href="crf_eshift.sysml#_VeJAwLQZEeOH7Npm3M6yJQ"/>
      </semanticModel>
    </diagrams>