<?xml version="1.0" encoding="UTF-8"?><diagrams xmlns:xmi="http://www.omg.org/XMI" xmlns:xsi="http://www.w3.org/2001/XMLSchema-instance" xmlns:di="http://www.topcased.org/DI/1.0" xmlns:diagrams="http://www.topcased.org/Diagrams/1.0" xmi:id="_UtA1cRiYEeSnq5u4CS2A2w" position="0,0" size="100,100" name="FSR2" viewport="0,0">
      <property xmi:id="_UtjoABiYEeSnq5u4CS2A2w" key="pageFormatName" value="A3"/>
      <property xmi:id="_UtjoARiYEeSnq5u4CS2A2w" key="diagramWidth" value="1188"/>
      <property xmi:id="_UtjoAhiYEeSnq5u4CS2A2w" key="diagramHeight" value="1680"/>
      <property xmi:id="_UtjoAxiYEeSnq5u4CS2A2w" key="pageMarginName" value="Small Margin"/>
      <property xmi:id="_UtjoBBiYEeSnq5u4CS2A2w" key="diagramTopMargin" value="20"/>
      <property xmi:id="_UtjoBRiYEeSnq5u4CS2A2w" key="diagramBottomMargin" value="20"/>
      <property xmi:id="_UtjoBhiYEeSnq5u4CS2A2w" key="diagramLeftMargin" value="20"/>
      <property xmi:id="_UtjoBxiYEeSnq5u4CS2A2w" key="diagramRightMargin" value="20"/>
      <property xmi:id="_UtjoCBiYEeSnq5u4CS2A2w" key="orientation" value="landscape"/>
      <semanticModel xsi:type="di:EMFSemanticModelBridge" xmi:id="_UtA1chiYEeSnq5u4CS2A2w" presentation="org.topcased.modeler.sysml.statemachinediagram">
        <element href="crf_eshift.sysml#_UtAOYBiYEeSnq5u4CS2A2w"/>
      </semanticModel>
      <contained xsi:type="di:GraphNode" xmi:id="_UtjA8BiYEeSnq5u4CS2A2w" size="-1,-1">
        <semanticModel xsi:type="di:EMFSemanticModelBridge" xmi:id="_UtjA8RiYEeSnq5u4CS2A2w" presentation="default">
          <element href="crf_eshift.sysml#_UtAOYRiYEeSnq5u4CS2A2w"/>
        </semanticModel>
        <contained xsi:type="di:GraphNode" xmi:id="_MnGo0BiZEeSnq5u4CS2A2w" position="67,209" size="-1,-1">
          <property xmi:id="_MnH28BiZEeSnq5u4CS2A2w" key="name" value="visible"/>
          <anchorage xmi:id="_QXGvsBiZEeSnq5u4CS2A2w" graphEdge="_nP2twMv-EeSqEuV-ZA-uyA"/>
          <semanticModel xsi:type="di:EMFSemanticModelBridge" xmi:id="_MnGo0RiZEeSnq5u4CS2A2w" presentation="default">
            <element href="crf_eshift.sysml#_MnKTMBiZEeSnq5u4CS2A2w"/>
          </semanticModel>
        </contained>
        <contained xsi:type="di:GraphNode" xmi:id="_N9plABiZEeSnq5u4CS2A2w" position="209,27" size="201,50">
          <anchorage xmi:id="_QXGvsRiZEeSnq5u4CS2A2w" graphEdge="_aGDhQBiZEeSnq5u4CS2A2w _ORJTUBiaEeSnq5u4CS2A2w _QlTHQBiaEeSnq5u4CS2A2w _UQIaQBiaEeSnq5u4CS2A2w _QXIk4BiZEeSnq5u4CS2A2w"/>
          <semanticModel xsi:type="di:EMFSemanticModelBridge" xmi:id="_N9plARiZEeSnq5u4CS2A2w" presentation="default">
            <element href="crf_eshift.sysml#_N9vEkBiZEeSnq5u4CS2A2w"/>
          </semanticModel>
        </contained>
        <contained xsi:type="di:GraphEdge" xmi:id="_QXIk4BiZEeSnq5u4CS2A2w" anchor="_kKuv4Mv-EeSqEuV-ZA-uyA _QXGvsRiZEeSnq5u4CS2A2w">
          <semanticModel xsi:type="di:EMFSemanticModelBridge" xmi:id="_QXIk4RiZEeSnq5u4CS2A2w" presentation="default">
            <element href="crf_eshift.sysml#_QXIk5BiZEeSnq5u4CS2A2w"/>
          </semanticModel>
          <contained xsi:type="di:EdgeObjectOffset" xmi:id="_QXIk4hiZEeSnq5u4CS2A2w" id="nameEdgeObject" offset="41,-13"/>
          <contained xsi:type="di:EdgeObjectOffset" xmi:id="_QXIk4xiZEeSnq5u4CS2A2w" visible="false" id="TransitionStereotypeEdgeObject"/>
          <waypoints>[10, -89, -204, 0]</waypoints>
        </contained>
        <contained xsi:type="di:GraphNode" xmi:id="_To0YEBiZEeSnq5u4CS2A2w" position="523,25" size="190,50">
          <anchorage xmi:id="_aGCTIBiZEeSnq5u4CS2A2w" graphEdge="_aGDhQBiZEeSnq5u4CS2A2w _9pXowBiZEeSnq5u4CS2A2w _BchxUBiaEeSnq5u4CS2A2w _EtCf0BiaEeSnq5u4CS2A2w"/>
          <semanticModel xsi:type="di:EMFSemanticModelBridge" xmi:id="_To0YERiZEeSnq5u4CS2A2w" presentation="default">
            <element href="crf_eshift.sysml#_To53oBiZEeSnq5u4CS2A2w"/>
          </semanticModel>
        </contained>
        <contained xsi:type="di:GraphEdge" xmi:id="_aGDhQBiZEeSnq5u4CS2A2w" anchor="_QXGvsRiZEeSnq5u4CS2A2w _aGCTIBiZEeSnq5u4CS2A2w">
          <semanticModel xsi:type="di:EMFSemanticModelBridge" xmi:id="_aGDhQRiZEeSnq5u4CS2A2w" presentation="default">
            <element href="crf_eshift.sysml#_aGEIUBiZEeSnq5u4CS2A2w"/>
          </semanticModel>
          <contained xsi:type="di:EdgeObjectOffset" xmi:id="_aGDhQhiZEeSnq5u4CS2A2w" id="nameEdgeObject" offset="-5,-14"/>
          <contained xsi:type="di:EdgeObjectOffset" xmi:id="_aGDhQxiZEeSnq5u4CS2A2w" visible="false" id="TransitionStereotypeEdgeObject"/>
        </contained>
        <contained xsi:type="di:GraphNode" xmi:id="_necesBiZEeSnq5u4CS2A2w" position="352,125" size="156,50">
          <anchorage xmi:id="_9pWaoBiZEeSnq5u4CS2A2w" graphEdge="_9pXowBiZEeSnq5u4CS2A2w _UQIaQBiaEeSnq5u4CS2A2w"/>
          <semanticModel xsi:type="di:EMFSemanticModelBridge" xmi:id="_necesRiZEeSnq5u4CS2A2w" presentation="default">
            <element href="crf_eshift.sysml#_neilUBiZEeSnq5u4CS2A2w"/>
          </semanticModel>
        </contained>
        <contained xsi:type="di:GraphNode" xmi:id="_rJ41sBiZEeSnq5u4CS2A2w" position="263,200" size="168,50">
          <anchorage xmi:id="_BcgjMBiaEeSnq5u4CS2A2w" graphEdge="_BchxUBiaEeSnq5u4CS2A2w _QlTHQBiaEeSnq5u4CS2A2w"/>
          <semanticModel xsi:type="di:EMFSemanticModelBridge" xmi:id="_rJ41sRiZEeSnq5u4CS2A2w" presentation="default">
            <element href="crf_eshift.sysml#_rJ-8UBiZEeSnq5u4CS2A2w"/>
          </semanticModel>
        </contained>
        <contained xsi:type="di:GraphNode" xmi:id="_tfRYsBiZEeSnq5u4CS2A2w" position="171,259" size="146,50">
          <anchorage xmi:id="_EtAqoBiaEeSnq5u4CS2A2w" graphEdge="_EtCf0BiaEeSnq5u4CS2A2w _ORJTUBiaEeSnq5u4CS2A2w"/>
          <semanticModel xsi:type="di:EMFSemanticModelBridge" xmi:id="_tfRYsRiZEeSnq5u4CS2A2w" presentation="default">
            <element href="crf_eshift.sysml#_tfXfUBiZEeSnq5u4CS2A2w"/>
          </semanticModel>
        </contained>
        <contained xsi:type="di:GraphEdge" xmi:id="_9pXowBiZEeSnq5u4CS2A2w" anchor="_aGCTIBiZEeSnq5u4CS2A2w _9pWaoBiZEeSnq5u4CS2A2w">
          <semanticModel xsi:type="di:EMFSemanticModelBridge" xmi:id="_9pXowRiZEeSnq5u4CS2A2w" presentation="default">
            <element href="crf_eshift.sysml#_9pYP0BiZEeSnq5u4CS2A2w"/>
          </semanticModel>
          <contained xsi:type="di:EdgeObjectOffset" xmi:id="_9pXowhiZEeSnq5u4CS2A2w" id="nameEdgeObject" offset="-49,-36"/>
          <contained xsi:type="di:EdgeObjectOffset" xmi:id="_9pXowxiZEeSnq5u4CS2A2w" visible="false" id="TransitionStereotypeEdgeObject"/>
          <waypoints>[-72, 78, 104, -7]</waypoints>
        </contained>
        <contained xsi:type="di:GraphEdge" xmi:id="_BchxUBiaEeSnq5u4CS2A2w" anchor="_aGCTIBiZEeSnq5u4CS2A2w _BcgjMBiaEeSnq5u4CS2A2w">
          <semanticModel xsi:type="di:EMFSemanticModelBridge" xmi:id="_BchxURiaEeSnq5u4CS2A2w" presentation="default">
            <element href="crf_eshift.sysml#_BchxVBiaEeSnq5u4CS2A2w"/>
          </semanticModel>
          <contained xsi:type="di:EdgeObjectOffset" xmi:id="_BchxUhiaEeSnq5u4CS2A2w" id="nameEdgeObject" offset="-73,-14"/>
          <contained xsi:type="di:EdgeObjectOffset" xmi:id="_BchxUxiaEeSnq5u4CS2A2w" visible="false" id="TransitionStereotypeEdgeObject"/>
          <waypoints>[-12, 160, 239, 0]</waypoints>
        </contained>
        <contained xsi:type="di:GraphEdge" xmi:id="_EtCf0BiaEeSnq5u4CS2A2w" anchor="_aGCTIBiZEeSnq5u4CS2A2w _EtAqoBiaEeSnq5u4CS2A2w">
          <semanticModel xsi:type="di:EMFSemanticModelBridge" xmi:id="_EtCf0RiaEeSnq5u4CS2A2w" presentation="default">
            <element href="crf_eshift.sysml#_EtCf1BiaEeSnq5u4CS2A2w"/>
          </semanticModel>
          <contained xsi:type="di:EdgeObjectOffset" xmi:id="_EtCf0hiaEeSnq5u4CS2A2w" id="nameEdgeObject" offset="-123,-17"/>
          <contained xsi:type="di:EdgeObjectOffset" xmi:id="_EtCf0xiaEeSnq5u4CS2A2w" visible="false" id="TransitionStereotypeEdgeObject"/>
          <waypoints>[38, 231, 420, 0]</waypoints>
        </contained>
        <contained xsi:type="di:GraphEdge" xmi:id="_ORJTUBiaEeSnq5u4CS2A2w" anchor="_EtAqoBiaEeSnq5u4CS2A2w _QXGvsRiZEeSnq5u4CS2A2w">
          <semanticModel xsi:type="di:EMFSemanticModelBridge" xmi:id="_ORJTURiaEeSnq5u4CS2A2w" presentation="default">
            <element href="crf_eshift.sysml#_ORJTVBiaEeSnq5u4CS2A2w"/>
          </semanticModel>
          <contained xsi:type="di:EdgeObjectOffset" xmi:id="_ORJTUhiaEeSnq5u4CS2A2w" id="nameEdgeObject" offset="-38,2"/>
          <contained xsi:type="di:EdgeObjectOffset" xmi:id="_ORJTUxiaEeSnq5u4CS2A2w" visible="false" id="TransitionStereotypeEdgeObject"/>
          <waypoints>[-14, -83, -87, 146]</waypoints>
        </contained>
        <contained xsi:type="di:GraphEdge" xmi:id="_QlTHQBiaEeSnq5u4CS2A2w" anchor="_BcgjMBiaEeSnq5u4CS2A2w _QXGvsRiZEeSnq5u4CS2A2w">
          <semanticModel xsi:type="di:EMFSemanticModelBridge" xmi:id="_QlTHQRiaEeSnq5u4CS2A2w" presentation="default">
            <element href="crf_eshift.sysml#_QlTHRBiaEeSnq5u4CS2A2w"/>
          </semanticModel>
          <contained xsi:type="di:EdgeObjectOffset" xmi:id="_QlTHQhiaEeSnq5u4CS2A2w" id="nameEdgeObject"/>
          <contained xsi:type="di:EdgeObjectOffset" xmi:id="_QlTHQxiaEeSnq5u4CS2A2w" visible="false" id="TransitionStereotypeEdgeObject"/>
          <waypoints>[-56, -51, -16, 107]</waypoints>
        </contained>
        <contained xsi:type="di:GraphEdge" xmi:id="_UQIaQBiaEeSnq5u4CS2A2w" anchor="_9pWaoBiZEeSnq5u4CS2A2w _QXGvsRiZEeSnq5u4CS2A2w">
          <semanticModel xsi:type="di:EMFSemanticModelBridge" xmi:id="_UQIaQRiaEeSnq5u4CS2A2w" presentation="default">
            <element href="crf_eshift.sysml#_UQJBUBiaEeSnq5u4CS2A2w"/>
          </semanticModel>
          <contained xsi:type="di:EdgeObjectOffset" xmi:id="_UQIaQhiaEeSnq5u4CS2A2w" id="nameEdgeObject"/>
          <contained xsi:type="di:EdgeObjectOffset" xmi:id="_UQIaQxiaEeSnq5u4CS2A2w" visible="false" id="TransitionStereotypeEdgeObject"/>
        </contained>
        <contained xsi:type="di:GraphNode" xmi:id="_i0vNUMv-EeSqEuV-ZA-uyA" position="70,116" size="50,50">
          <anchorage xmi:id="_kKuv4Mv-EeSqEuV-ZA-uyA" graphEdge="_QXIk4BiZEeSnq5u4CS2A2w _nP2twMv-EeSqEuV-ZA-uyA"/>
          <semanticModel xsi:type="di:EMFSemanticModelBridge" xmi:id="_i0vNUcv-EeSqEuV-ZA-uyA" presentation="default">
            <element href="crf_eshift.sysml#_i04-UMv-EeSqEuV-ZA-uyA"/>
          </semanticModel>
        </contained>
        <contained xsi:type="di:GraphEdge" xmi:id="_nP2twMv-EeSqEuV-ZA-uyA" anchor="_QXGvsBiZEeSnq5u4CS2A2w _kKuv4Mv-EeSqEuV-ZA-uyA">
          <semanticModel xsi:type="di:EMFSemanticModelBridge" xmi:id="_nP2twcv-EeSqEuV-ZA-uyA" presentation="default">
            <element href="crf_eshift.sysml#_nP2txMv-EeSqEuV-ZA-uyA"/>
          </semanticModel>
          <contained xsi:type="di:EdgeObjectOffset" xmi:id="_nP2twsv-EeSqEuV-ZA-uyA" id="nameEdgeObject"/>
          <contained xsi:type="di:EdgeObjectOffset" xmi:id="_nP2tw8v-EeSqEuV-ZA-uyA" visible="false" id="TransitionStereotypeEdgeObject"/>
        </contained>
      </contained>
    </diagrams>