<?xml version="1.0" encoding="UTF-8"?><diagrams xmlns:xmi="http://www.omg.org/XMI" xmlns:xsi="http://www.w3.org/2001/XMLSchema-instance" xmlns:di="http://www.topcased.org/DI/1.0" xmlns:diagrams="http://www.topcased.org/Diagrams/1.0" xmi:id="_LP7AIAXlEeSXopkJrisgfg" position="0,0" size="100,100" name="FSR" zoom="0.75" viewport="0,0">
    <property xmi:id="_LQqnAAXlEeSXopkJrisgfg" key="pageFormatName" value="A3"/>
    <property xmi:id="_LQqnAQXlEeSXopkJrisgfg" key="diagramWidth" value="1188"/>
    <property xmi:id="_LQzw8AXlEeSXopkJrisgfg" key="diagramHeight" value="1680"/>
    <property xmi:id="_LQzw8QXlEeSXopkJrisgfg" key="pageMarginName" value="Small Margin"/>
    <property xmi:id="_LQ9h8AXlEeSXopkJrisgfg" key="diagramTopMargin" value="20"/>
    <property xmi:id="_LQ9h8QXlEeSXopkJrisgfg" key="diagramBottomMargin" value="20"/>
    <property xmi:id="_LRGr4AXlEeSXopkJrisgfg" key="diagramLeftMargin" value="20"/>
    <property xmi:id="_LRGr4QXlEeSXopkJrisgfg" key="diagramRightMargin" value="20"/>
    <property xmi:id="_LRQc4AXlEeSXopkJrisgfg" key="orientation" value="portrait"/>
    <semanticModel xsi:type="di:EMFSemanticModelBridge" xmi:id="_LP7AIQXlEeSXopkJrisgfg" presentation="org.topcased.modeler.sysml.requirementdiagram">
      <element href="crf_eshift.sysml#idPackage"/>
    </semanticModel>
    <contained xsi:type="di:GraphNode" xmi:id="_UF2fAAXlEeSXopkJrisgfg" position="5,37" size="810,-1">
      <anchorage xmi:id="_1MUKoQeHEeS1EOa_rhDbNA" graphEdge="_1MdUkAeHEeS1EOa_rhDbNA _2k1cwQeHEeS1EOa_rhDbNA _p6HakQhsEeSieplcCwJJ4Q _vF3bsBicEeSnq5u4CS2A2w _1olh0BicEeSnq5u4CS2A2w _6ucoYBicEeSnq5u4CS2A2w _zgdjYcu0EeS1lcOEvGuVOQ _8elU8cu0EeS1lcOEvGuVOQ _Hl3LYcu1EeS1lcOEvGuVOQ"/>
      <semanticModel xsi:type="di:EMFSemanticModelBridge" xmi:id="_UF2fAQXlEeSXopkJrisgfg" presentation="default">
        <element href="crf_eshift.sysml#_UGJZ8AXlEeSXopkJrisgfg"/>
      </semanticModel>
    </contained>
    <contained xsi:type="di:GraphNode" xmi:id="_T_SscAeEEeS1EOa_rhDbNA" position="12,385" size="227,-1">
      <anchorage xmi:id="_2k1cwAeHEeS1EOa_rhDbNA" graphEdge="_2k1cwQeHEeS1EOa_rhDbNA"/>
      <semanticModel xsi:type="di:EMFSemanticModelBridge" xmi:id="_T_SscQeEEeS1EOa_rhDbNA" presentation="default">
        <element href="crf_eshift.sysml#_T_uxUAeEEeS1EOa_rhDbNA"/>
      </semanticModel>
    </contained>
    <contained xsi:type="di:GraphNode" xmi:id="_RzBzwAeFEeS1EOa_rhDbNA" position="296,380" size="207,-1">
      <anchorage xmi:id="_1MUKoAeHEeS1EOa_rhDbNA" graphEdge="_1MdUkAeHEeS1EOa_rhDbNA"/>
      <semanticModel xsi:type="di:EMFSemanticModelBridge" xmi:id="_RzBzwQeFEeS1EOa_rhDbNA" presentation="default">
        <element href="crf_eshift.sysml#_RzUusAeFEeS1EOa_rhDbNA"/>
      </semanticModel>
    </contained>
    <contained xsi:type="di:GraphEdge" xmi:id="_1MdUkAeHEeS1EOa_rhDbNA" anchor="_1MUKoAeHEeS1EOa_rhDbNA _1MUKoQeHEeS1EOa_rhDbNA">
      <property xmi:id="_r7qJgBicEeSnq5u4CS2A2w" key="router" value="Rectilinear"/>
      <semanticModel xsi:type="di:EMFSemanticModelBridge" xmi:id="_1MdUkQeHEeS1EOa_rhDbNA" presentation="default">
        <element href="crf_eshift.sysml#_1M6AgAeHEeS1EOa_rhDbNA"/>
      </semanticModel>
      <contained xsi:type="di:EdgeObjectOffset" xmi:id="_1MdUkgeHEeS1EOa_rhDbNA" id="stereotypeEdgeObject" offset="-104,-10"/>
      <waypoints>[54, -92, 54, 281]</waypoints>
      <waypoints>[109, -92, 109, 281]</waypoints>
    </contained>
    <contained xsi:type="di:GraphEdge" xmi:id="_2k1cwQeHEeS1EOa_rhDbNA" anchor="_2k1cwAeHEeS1EOa_rhDbNA _1MUKoQeHEeS1EOa_rhDbNA">
      <property xmi:id="_bmvUEBidEeSnq5u4CS2A2w" key="router" value="Rectilinear"/>
      <semanticModel xsi:type="di:EMFSemanticModelBridge" xmi:id="_2k1cwgeHEeS1EOa_rhDbNA" presentation="default">
        <element href="crf_eshift.sysml#_2lIXsAeHEeS1EOa_rhDbNA"/>
      </semanticModel>
      <contained xsi:type="di:EdgeObjectOffset" xmi:id="_2k1cwweHEeS1EOa_rhDbNA" id="stereotypeEdgeObject" offset="21,85"/>
      <waypoints>[-90, -196, -364, 172]</waypoints>
    </contained>
    <contained xsi:type="di:GraphNode" xmi:id="_h2BoUAhsEeSieplcCwJJ4Q" position="579,405" size="191,-1">
      <anchorage xmi:id="_p6HakAhsEeSieplcCwJJ4Q" graphEdge="_p6HakQhsEeSieplcCwJJ4Q"/>
      <semanticModel xsi:type="di:EMFSemanticModelBridge" xmi:id="_h2BoUQhsEeSieplcCwJJ4Q" presentation="default">
        <element href="crf_eshift.sysml#_h2KyQAhsEeSieplcCwJJ4Q"/>
      </semanticModel>
    </contained>
    <contained xsi:type="di:GraphEdge" xmi:id="_p6HakQhsEeSieplcCwJJ4Q" anchor="_p6HakAhsEeSieplcCwJJ4Q _1MUKoQeHEeS1EOa_rhDbNA">
      <property xmi:id="_n-dUIBicEeSnq5u4CS2A2w" key="router" value="Rectilinear"/>
      <semanticModel xsi:type="di:EMFSemanticModelBridge" xmi:id="_p6HakghsEeSieplcCwJJ4Q" presentation="default">
        <element href="crf_eshift.sysml#_p6a8kAhsEeSieplcCwJJ4Q"/>
      </semanticModel>
      <contained xsi:type="di:EdgeObjectOffset" xmi:id="_p6HakwhsEeSieplcCwJJ4Q" id="stereotypeEdgeObject" offset="53,-9"/>
      <waypoints>[-43, -89, 242, 282]</waypoints>
      <waypoints>[-136, -89, 149, 282]</waypoints>
    </contained>
    <contained xsi:type="di:GraphNode" xmi:id="_I-wuUBiHEeSuAfOWNKTejg" position="46,188" size="209,-1">
      <anchorage xmi:id="_1okTsBicEeSnq5u4CS2A2w" graphEdge="_1olh0BicEeSnq5u4CS2A2w"/>
      <semanticModel xsi:type="di:EMFSemanticModelBridge" xmi:id="_I-wuURiHEeSuAfOWNKTejg" presentation="default">
        <element href="crf_eshift.sysml#_I_DpQBiHEeSuAfOWNKTejg"/>
      </semanticModel>
    </contained>
    <contained xsi:type="di:GraphNode" xmi:id="_k1oJsBiWEeSnq5u4CS2A2w" position="282,183" size="212,-1">
      <anchorage xmi:id="_6ubaQBicEeSnq5u4CS2A2w" graphEdge="_6ucoYBicEeSnq5u4CS2A2w"/>
      <semanticModel xsi:type="di:EMFSemanticModelBridge" xmi:id="_k1oJsRiWEeSnq5u4CS2A2w" presentation="default">
        <element href="crf_eshift.sysml#_k1rNABiWEeSnq5u4CS2A2w"/>
      </semanticModel>
    </contained>
    <contained xsi:type="di:GraphNode" xmi:id="_frPLoBiaEeSnq5u4CS2A2w" position="591,185" size="236,-1">
      <anchorage xmi:id="_vF20oBicEeSnq5u4CS2A2w" graphEdge="_vF3bsBicEeSnq5u4CS2A2w"/>
      <semanticModel xsi:type="di:EMFSemanticModelBridge" xmi:id="_frPLoRiaEeSnq5u4CS2A2w" presentation="default">
        <element href="crf_eshift.sysml#_friGkBiaEeSnq5u4CS2A2w"/>
      </semanticModel>
    </contained>
    <contained xsi:type="di:GraphEdge" xmi:id="_vF3bsBicEeSnq5u4CS2A2w" anchor="_vF20oBicEeSnq5u4CS2A2w _1MUKoQeHEeS1EOa_rhDbNA">
      <property xmi:id="_wLLd8BicEeSnq5u4CS2A2w" key="router" value="Rectilinear"/>
      <semanticModel xsi:type="di:EMFSemanticModelBridge" xmi:id="_vF3bsRicEeSnq5u4CS2A2w" presentation="default">
        <element href="crf_eshift.sysml#_vGJvkBicEeSnq5u4CS2A2w"/>
      </semanticModel>
      <contained xsi:type="di:EdgeObjectOffset" xmi:id="_vF3bshicEeSnq5u4CS2A2w" id="stereotypeEdgeObject" offset="71,4"/>
      <waypoints>[-22, -60, 251, 93]</waypoints>
    </contained>
    <contained xsi:type="di:GraphEdge" xmi:id="_1olh0BicEeSnq5u4CS2A2w" anchor="_1okTsBicEeSnq5u4CS2A2w _1MUKoQeHEeS1EOa_rhDbNA">
      <property xmi:id="_3MBqgBicEeSnq5u4CS2A2w" key="router" value="Rectilinear"/>
      <semanticModel xsi:type="di:EMFSemanticModelBridge" xmi:id="_1olh0RicEeSnq5u4CS2A2w" presentation="default">
        <element href="crf_eshift.sysml#_1o8HIBicEeSnq5u4CS2A2w"/>
      </semanticModel>
      <contained xsi:type="di:EdgeObjectOffset" xmi:id="_1olh0hicEeSnq5u4CS2A2w" id="stereotypeEdgeObject" offset="-66,5"/>
      <waypoints>[91, -191, -167, 180]</waypoints>
    </contained>
    <contained xsi:type="di:GraphEdge" xmi:id="_6ucoYBicEeSnq5u4CS2A2w" anchor="_6ubaQBicEeSnq5u4CS2A2w _1MUKoQeHEeS1EOa_rhDbNA">
      <property xmi:id="_8RV-gBicEeSnq5u4CS2A2w" key="router" value="Rectilinear"/>
      <semanticModel xsi:type="di:EMFSemanticModelBridge" xmi:id="_6ucoYRicEeSnq5u4CS2A2w" presentation="default">
        <element href="crf_eshift.sysml#_6u8XoBicEeSnq5u4CS2A2w"/>
      </semanticModel>
      <contained xsi:type="di:EdgeObjectOffset" xmi:id="_6ucoYhicEeSnq5u4CS2A2w" id="stereotypeEdgeObject" offset="16,4"/>
      <waypoints>[26, -40, 7, 126]</waypoints>
    </contained>
    <contained xsi:type="di:GraphNode" xmi:id="_hkhiQMu0EeS1lcOEvGuVOQ" position="66,556" size="200,-1">
      <anchorage xmi:id="_zgdjYMu0EeS1lcOEvGuVOQ" graphEdge="_zgdjYcu0EeS1lcOEvGuVOQ"/>
      <semanticModel xsi:type="di:EMFSemanticModelBridge" xmi:id="_hkhiQcu0EeS1lcOEvGuVOQ" presentation="default">
        <element href="crf_eshift.sysml#_hAYOAKIgEeSlHLP-P69lcw"/>
      </semanticModel>
    </contained>
    <contained xsi:type="di:GraphNode" xmi:id="_kICA0Mu0EeS1lcOEvGuVOQ" position="306,575" size="216,-1">
      <anchorage xmi:id="_8elU8Mu0EeS1lcOEvGuVOQ" graphEdge="_8elU8cu0EeS1lcOEvGuVOQ"/>
      <semanticModel xsi:type="di:EMFSemanticModelBridge" xmi:id="_kICA0cu0EeS1lcOEvGuVOQ" presentation="default">
        <element href="crf_eshift.sysml#_obPbEKI2EeSlHLP-P69lcw"/>
      </semanticModel>
    </contained>
    <contained xsi:type="di:GraphNode" xmi:id="_nI1fYMu0EeS1lcOEvGuVOQ" position="635,563" size="191,-1">
      <anchorage xmi:id="_Hl3LYMu1EeS1lcOEvGuVOQ" graphEdge="_Hl3LYcu1EeS1lcOEvGuVOQ"/>
      <semanticModel xsi:type="di:EMFSemanticModelBridge" xmi:id="_nI1fYcu0EeS1lcOEvGuVOQ" presentation="default">
        <element href="crf_eshift.sysml#_X_uo4KJMEeSlHLP-P69lcw"/>
      </semanticModel>
    </contained>
    <contained xsi:type="di:GraphEdge" xmi:id="_zgdjYcu0EeS1lcOEvGuVOQ" anchor="_zgdjYMu0EeS1lcOEvGuVOQ _1MUKoQeHEeS1EOa_rhDbNA">
      <property xmi:id="_31CW8Mu0EeS1lcOEvGuVOQ" key="router" value="Rectilinear"/>
      <semanticModel xsi:type="di:EMFSemanticModelBridge" xmi:id="_zgdjYsu0EeS1lcOEvGuVOQ" presentation="default">
        <element href="crf_eshift.sysml#_zg6PUMu0EeS1lcOEvGuVOQ"/>
      </semanticModel>
      <contained xsi:type="di:EdgeObjectOffset" xmi:id="_zgdjY8u0EeS1lcOEvGuVOQ" id="stereotypeEdgeObject" offset="-30,-11"/>
      <waypoints>[51, -100, -182, 459]</waypoints>
      <waypoints>[105, -100, -128, 459]</waypoints>
    </contained>
    <contained xsi:type="di:GraphEdge" xmi:id="_8elU8cu0EeS1lcOEvGuVOQ" anchor="_8elU8Mu0EeS1lcOEvGuVOQ _1MUKoQeHEeS1EOa_rhDbNA">
      <property xmi:id="_-ZKyUMu0EeS1lcOEvGuVOQ" key="router" value="Rectilinear"/>
      <semanticModel xsi:type="di:EMFSemanticModelBridge" xmi:id="_8elU8su0EeS1lcOEvGuVOQ" presentation="default">
        <element href="crf_eshift.sysml#_8fLK0Mu0EeS1lcOEvGuVOQ"/>
      </semanticModel>
      <contained xsi:type="di:EdgeObjectOffset" xmi:id="_8elU88u0EeS1lcOEvGuVOQ" id="stereotypeEdgeObject" offset="1,-9"/>
      <waypoints>[0, -102, 15, 476]</waypoints>
      <waypoints>[115, -102, 130, 476]</waypoints>
    </contained>
    <contained xsi:type="di:GraphEdge" xmi:id="_Hl3LYcu1EeS1lcOEvGuVOQ" anchor="_Hl3LYMu1EeS1lcOEvGuVOQ _1MUKoQeHEeS1EOa_rhDbNA">
      <property xmi:id="_KgbfEMu1EeS1lcOEvGuVOQ" key="router" value="Rectilinear"/>
      <semanticModel xsi:type="di:EMFSemanticModelBridge" xmi:id="_Hl3LYsu1EeS1lcOEvGuVOQ" presentation="default">
        <element href="crf_eshift.sysml#_HmmyQMu1EeS1lcOEvGuVOQ"/>
      </semanticModel>
      <contained xsi:type="di:EdgeObjectOffset" xmi:id="_Hl3LY8u1EeS1lcOEvGuVOQ" id="stereotypeEdgeObject" offset="90,-5"/>
      <waypoints>[63, -293, 383, 263]</waypoints>
      <waypoints>[-159, -293, 161, 263]</waypoints>
    </contained>
  </diagrams>