<?xml version="1.0" encoding="UTF-8"?><diagrams xmlns:xmi="http://www.omg.org/XMI" xmlns:xsi="http://www.w3.org/2001/XMLSchema-instance" xmlns:di="http://www.topcased.org/DI/1.0" xmlns:diagrams="http://www.topcased.org/Diagrams/1.0" xmi:id="_x8ry4BqAEeS2geI9OXLqnw" position="0,0" size="100,100" name="TSR10" viewport="0,0">
      <property xmi:id="_x9lKwhqAEeS2geI9OXLqnw" key="pageFormatName" value="A4"/>
      <property xmi:id="_x9lKwxqAEeS2geI9OXLqnw" key="diagramWidth" value="840"/>
      <property xmi:id="_x9lKxBqAEeS2geI9OXLqnw" key="diagramHeight" value="1188"/>
      <property xmi:id="_x9lKxRqAEeS2geI9OXLqnw" key="pageMarginName" value="Small Margin"/>
      <property xmi:id="_x9lKxhqAEeS2geI9OXLqnw" key="diagramTopMargin" value="20"/>
      <property xmi:id="_x9lKxxqAEeS2geI9OXLqnw" key="diagramBottomMargin" value="20"/>
      <property xmi:id="_x9lKyBqAEeS2geI9OXLqnw" key="diagramLeftMargin" value="20"/>
      <property xmi:id="_x9lKyRqAEeS2geI9OXLqnw" key="diagramRightMargin" value="20"/>
      <property xmi:id="_x9lKyhqAEeS2geI9OXLqnw" key="orientation" value="portrait"/>
      <semanticModel xsi:type="di:EMFSemanticModelBridge" xmi:id="_x8ry4RqAEeS2geI9OXLqnw" presentation="org.topcased.modeler.sysml.statemachinediagram">
        <element href="crf_eshift.sysml#_x8F9ABqAEeS2geI9OXLqnw"/>
      </semanticModel>
      <contained xsi:type="di:GraphNode" xmi:id="_x9lKwBqAEeS2geI9OXLqnw" size="-1,-1">
        <semanticModel xsi:type="di:EMFSemanticModelBridge" xmi:id="_x9lKwRqAEeS2geI9OXLqnw" presentation="default">
          <element href="crf_eshift.sysml#_x8F9ARqAEeS2geI9OXLqnw"/>
        </semanticModel>
        <contained xsi:type="di:GraphNode" xmi:id="_D0AZwBqBEeS2geI9OXLqnw" position="423,67" size="145,50">
          <anchorage xmi:id="_OSiOIBqBEeS2geI9OXLqnw" graphEdge="_OSrYEBqBEeS2geI9OXLqnw _UOWFQBqBEeS2geI9OXLqnw _ZhG_YBqBEeS2geI9OXLqnw _dpoT8BqBEeS2geI9OXLqnw _3dmoUBqBEeS2geI9OXLqnw"/>
          <anchorage xmi:id="_nw77IBqBEeS2geI9OXLqnw" graphEdge="_3dmoUBqBEeS2geI9OXLqnw"/>
          <semanticModel xsi:type="di:EMFSemanticModelBridge" xmi:id="_D0AZwRqBEeS2geI9OXLqnw" presentation="default">
            <element href="crf_eshift.sysml#_D0TUsBqBEeS2geI9OXLqnw"/>
          </semanticModel>
        </contained>
        <contained xsi:type="di:GraphNode" xmi:id="_IPRrMBqBEeS2geI9OXLqnw" position="200,37" size="65,171">
          <anchorage xmi:id="_MWAQARqBEeS2geI9OXLqnw" graphEdge="_MWAQAhqBEeS2geI9OXLqnw _OSrYEBqBEeS2geI9OXLqnw _UOWFQBqBEeS2geI9OXLqnw _ZhG_YBqBEeS2geI9OXLqnw _dpoT8BqBEeS2geI9OXLqnw _AUvBERqCEeS2geI9OXLqnw _IITrEBqCEeS2geI9OXLqnw _Mjk8gBqCEeS2geI9OXLqnw _nxFsIBqBEeS2geI9OXLqnw"/>
          <anchorage xmi:id="_AUvBEBqCEeS2geI9OXLqnw" graphEdge="_AUvBERqCEeS2geI9OXLqnw _IITrEBqCEeS2geI9OXLqnw _Mjk8gBqCEeS2geI9OXLqnw _nxFsIBqBEeS2geI9OXLqnw"/>
          <semanticModel xsi:type="di:EMFSemanticModelBridge" xmi:id="_IPRrMRqBEeS2geI9OXLqnw" presentation="default">
            <element href="crf_eshift.sysml#_IPkmIBqBEeS2geI9OXLqnw"/>
          </semanticModel>
        </contained>
        <contained xsi:type="di:GraphNode" xmi:id="_LQO6wBqBEeS2geI9OXLqnw" position="60,7" size="-1,-1">
          <property xmi:id="_LQO6whqBEeS2geI9OXLqnw" key="name" value="visible"/>
          <anchorage xmi:id="_MWAQABqBEeS2geI9OXLqnw" graphEdge="_MWAQAhqBEeS2geI9OXLqnw"/>
          <semanticModel xsi:type="di:EMFSemanticModelBridge" xmi:id="_LQO6wRqBEeS2geI9OXLqnw" presentation="default">
            <element href="crf_eshift.sysml#_LQYEsBqBEeS2geI9OXLqnw"/>
          </semanticModel>
        </contained>
        <contained xsi:type="di:GraphEdge" xmi:id="_MWAQAhqBEeS2geI9OXLqnw" anchor="_MWAQABqBEeS2geI9OXLqnw _MWAQARqBEeS2geI9OXLqnw">
          <semanticModel xsi:type="di:EMFSemanticModelBridge" xmi:id="_MWAQAxqBEeS2geI9OXLqnw" presentation="default">
            <element href="crf_eshift.sysml#_MWAQBhqBEeS2geI9OXLqnw"/>
          </semanticModel>
          <contained xsi:type="di:EdgeObjectOffset" xmi:id="_MWAQBBqBEeS2geI9OXLqnw" id="nameEdgeObject"/>
          <contained xsi:type="di:EdgeObjectOffset" xmi:id="_MWAQBRqBEeS2geI9OXLqnw" visible="false" id="TransitionStereotypeEdgeObject"/>
          <waypoints>[101, 7, -66, -89]</waypoints>
          <waypoints>[101, -3, -66, -99]</waypoints>
          <waypoints>[167, -3, 0, -99]</waypoints>
        </contained>
        <contained xsi:type="di:GraphEdge" xmi:id="_OSrYEBqBEeS2geI9OXLqnw" anchor="_MWAQARqBEeS2geI9OXLqnw _OSiOIBqBEeS2geI9OXLqnw">
          <semanticModel xsi:type="di:EMFSemanticModelBridge" xmi:id="_OSrYERqBEeS2geI9OXLqnw" presentation="default">
            <element href="crf_eshift.sysml#_OSrYFBqBEeS2geI9OXLqnw"/>
          </semanticModel>
          <contained xsi:type="di:EdgeObjectOffset" xmi:id="_OSrYEhqBEeS2geI9OXLqnw" id="nameEdgeObject" offset="-4,-15"/>
          <contained xsi:type="di:EdgeObjectOffset" xmi:id="_OSrYExqBEeS2geI9OXLqnw" visible="false" id="TransitionStereotypeEdgeObject"/>
          <waypoints>[171, -39, -84, -11]</waypoints>
        </contained>
        <contained xsi:type="di:GraphEdge" xmi:id="_UOWFQBqBEeS2geI9OXLqnw" anchor="_OSiOIBqBEeS2geI9OXLqnw _MWAQARqBEeS2geI9OXLqnw">
          <semanticModel xsi:type="di:EMFSemanticModelBridge" xmi:id="_UOWFQRqBEeS2geI9OXLqnw" presentation="default">
            <element href="crf_eshift.sysml#_UOWFRBqBEeS2geI9OXLqnw"/>
          </semanticModel>
          <contained xsi:type="di:EdgeObjectOffset" xmi:id="_UOWFQhqBEeS2geI9OXLqnw" id="nameEdgeObject" offset="3,-13"/>
          <contained xsi:type="di:EdgeObjectOffset" xmi:id="_UOWFQxqBEeS2geI9OXLqnw" visible="false" id="TransitionStereotypeEdgeObject"/>
        </contained>
        <contained xsi:type="di:GraphEdge" xmi:id="_ZhG_YBqBEeS2geI9OXLqnw" anchor="_OSiOIBqBEeS2geI9OXLqnw _MWAQARqBEeS2geI9OXLqnw">
          <semanticModel xsi:type="di:EMFSemanticModelBridge" xmi:id="_ZhG_YRqBEeS2geI9OXLqnw" presentation="default">
            <element href="crf_eshift.sysml#_ZhG_ZBqBEeS2geI9OXLqnw"/>
          </semanticModel>
          <contained xsi:type="di:EdgeObjectOffset" xmi:id="_ZhG_YhqBEeS2geI9OXLqnw" id="nameEdgeObject" offset="-116,-12"/>
          <contained xsi:type="di:EdgeObjectOffset" xmi:id="_ZhG_YxqBEeS2geI9OXLqnw" visible="false" id="TransitionStereotypeEdgeObject"/>
          <waypoints>[-49, 44, 206, 16]</waypoints>
        </contained>
        <contained xsi:type="di:GraphEdge" xmi:id="_dpoT8BqBEeS2geI9OXLqnw" anchor="_OSiOIBqBEeS2geI9OXLqnw _MWAQARqBEeS2geI9OXLqnw">
          <semanticModel xsi:type="di:EMFSemanticModelBridge" xmi:id="_dpoT8RqBEeS2geI9OXLqnw" presentation="default">
            <element href="crf_eshift.sysml#_dpoT9BqBEeS2geI9OXLqnw"/>
          </semanticModel>
          <contained xsi:type="di:EdgeObjectOffset" xmi:id="_dpoT8hqBEeS2geI9OXLqnw" id="nameEdgeObject" offset="-165,-13"/>
          <contained xsi:type="di:EdgeObjectOffset" xmi:id="_dpoT8xqBEeS2geI9OXLqnw" visible="false" id="TransitionStereotypeEdgeObject"/>
          <waypoints>[17, 73, 272, 45]</waypoints>
        </contained>
        <contained xsi:type="di:GraphEdge" xmi:id="_nxFsIBqBEeS2geI9OXLqnw" anchor="_AUvBEBqCEeS2geI9OXLqnw _MWAQARqBEeS2geI9OXLqnw">
          <semanticModel xsi:type="di:EMFSemanticModelBridge" xmi:id="_nxFsIRqBEeS2geI9OXLqnw" presentation="default">
            <element href="crf_eshift.sysml#_nxFsJBqBEeS2geI9OXLqnw"/>
          </semanticModel>
          <contained xsi:type="di:EdgeObjectOffset" xmi:id="_nxFsIhqBEeS2geI9OXLqnw" id="nameEdgeObject" offset="0,15"/>
          <contained xsi:type="di:EdgeObjectOffset" xmi:id="_nxFsIxqBEeS2geI9OXLqnw" visible="false" id="TransitionStereotypeEdgeObject"/>
          <waypoints>[58, 74, 58, 74]</waypoints>
          <waypoints>[58, 104, 58, 104]</waypoints>
          <waypoints>[-59, 104, -59, 104]</waypoints>
          <waypoints>[-59, 74, -59, 74]</waypoints>
        </contained>
        <contained xsi:type="di:GraphEdge" xmi:id="_3dmoUBqBEeS2geI9OXLqnw" anchor="_OSiOIBqBEeS2geI9OXLqnw _nw77IBqBEeS2geI9OXLqnw">
          <semanticModel xsi:type="di:EMFSemanticModelBridge" xmi:id="_3dmoURqBEeS2geI9OXLqnw" presentation="default">
            <element href="crf_eshift.sysml#_3dmoVBqBEeS2geI9OXLqnw"/>
          </semanticModel>
          <contained xsi:type="di:EdgeObjectOffset" xmi:id="_3dmoUhqBEeS2geI9OXLqnw" id="nameEdgeObject" offset="4,-13"/>
          <contained xsi:type="di:EdgeObjectOffset" xmi:id="_3dmoUxqBEeS2geI9OXLqnw" visible="false" id="TransitionStereotypeEdgeObject"/>
          <waypoints>[-8, -51, -8, -51]</waypoints>
          <waypoints>[18, -51, 18, -51]</waypoints>
        </contained>
        <contained xsi:type="di:GraphEdge" xmi:id="_AUvBERqCEeS2geI9OXLqnw" anchor="_MWAQARqBEeS2geI9OXLqnw _AUvBEBqCEeS2geI9OXLqnw">
          <semanticModel xsi:type="di:EMFSemanticModelBridge" xmi:id="_AUvBEhqCEeS2geI9OXLqnw" presentation="default">
            <element href="crf_eshift.sysml#_AUvBFRqCEeS2geI9OXLqnw"/>
          </semanticModel>
          <contained xsi:type="di:EdgeObjectOffset" xmi:id="_AUvBExqCEeS2geI9OXLqnw" id="nameEdgeObject" offset="-66,-1"/>
          <contained xsi:type="di:EdgeObjectOffset" xmi:id="_AUvBFBqCEeS2geI9OXLqnw" visible="false" id="TransitionStereotypeEdgeObject"/>
          <waypoints>[-53, 53, -53, 53]</waypoints>
          <waypoints>[-53, 29, -53, 29]</waypoints>
        </contained>
        <contained xsi:type="di:GraphEdge" xmi:id="_IITrEBqCEeS2geI9OXLqnw" anchor="_MWAQARqBEeS2geI9OXLqnw _AUvBEBqCEeS2geI9OXLqnw">
          <semanticModel xsi:type="di:EMFSemanticModelBridge" xmi:id="_IITrERqCEeS2geI9OXLqnw" presentation="default">
            <element href="crf_eshift.sysml#_IITrFBqCEeS2geI9OXLqnw"/>
          </semanticModel>
          <contained xsi:type="di:EdgeObjectOffset" xmi:id="_IITrEhqCEeS2geI9OXLqnw" id="nameEdgeObject" offset="-49,2"/>
          <contained xsi:type="di:EdgeObjectOffset" xmi:id="_IITrExqCEeS2geI9OXLqnw" visible="false" id="TransitionStereotypeEdgeObject"/>
          <waypoints>[-52, 15, -52, 15]</waypoints>
          <waypoints>[-52, -9, -52, -9]</waypoints>
        </contained>
        <contained xsi:type="di:GraphEdge" xmi:id="_Mjk8gBqCEeS2geI9OXLqnw" anchor="_MWAQARqBEeS2geI9OXLqnw _AUvBEBqCEeS2geI9OXLqnw">
          <semanticModel xsi:type="di:EMFSemanticModelBridge" xmi:id="_Mjk8gRqCEeS2geI9OXLqnw" presentation="default">
            <element href="crf_eshift.sysml#_Mjk8hBqCEeS2geI9OXLqnw"/>
          </semanticModel>
          <contained xsi:type="di:EdgeObjectOffset" xmi:id="_Mjk8ghqCEeS2geI9OXLqnw" id="nameEdgeObject" offset="-71,2"/>
          <contained xsi:type="di:EdgeObjectOffset" xmi:id="_Mjk8gxqCEeS2geI9OXLqnw" visible="false" id="TransitionStereotypeEdgeObject"/>
          <waypoints>[-52, -25, -52, -25]</waypoints>
          <waypoints>[-52, -48, -52, -48]</waypoints>
        </contained>
      </contained>
    </diagrams>