<?xml version="1.0" encoding="UTF-8"?><diagrams xmlns:xmi="http://www.omg.org/XMI" xmlns:xsi="http://www.w3.org/2001/XMLSchema-instance" xmlns:di="http://www.topcased.org/DI/1.0" xmlns:diagrams="http://www.topcased.org/Diagrams/1.0" xmi:id="_htovMBpxEeS2geI9OXLqnw" position="0,0" size="100,100" name="TRS1_v2" viewport="0,0">
      <property xmi:id="_huhgAhpxEeS2geI9OXLqnw" key="pageFormatName" value="A4"/>
      <property xmi:id="_huhgAxpxEeS2geI9OXLqnw" key="diagramWidth" value="840"/>
      <property xmi:id="_huhgBBpxEeS2geI9OXLqnw" key="diagramHeight" value="1188"/>
      <property xmi:id="_huhgBRpxEeS2geI9OXLqnw" key="pageMarginName" value="Small Margin"/>
      <property xmi:id="_huhgBhpxEeS2geI9OXLqnw" key="diagramTopMargin" value="20"/>
      <property xmi:id="_huhgBxpxEeS2geI9OXLqnw" key="diagramBottomMargin" value="20"/>
      <property xmi:id="_huhgCBpxEeS2geI9OXLqnw" key="diagramLeftMargin" value="20"/>
      <property xmi:id="_huhgCRpxEeS2geI9OXLqnw" key="diagramRightMargin" value="20"/>
      <property xmi:id="_huhgChpxEeS2geI9OXLqnw" key="orientation" value="portrait"/>
      <semanticModel xsi:type="di:EMFSemanticModelBridge" xmi:id="_htovMRpxEeS2geI9OXLqnw" presentation="org.topcased.modeler.sysml.statemachinediagram">
        <element href="crf_eshift.sysml#_htCSQBpxEeS2geI9OXLqnw"/>
      </semanticModel>
      <contained xsi:type="di:GraphNode" xmi:id="_huhgABpxEeS2geI9OXLqnw" size="-1,-1">
        <semanticModel xsi:type="di:EMFSemanticModelBridge" xmi:id="_huhgARpxEeS2geI9OXLqnw" presentation="default">
          <element href="crf_eshift.sysml#_htCSQRpxEeS2geI9OXLqnw"/>
        </semanticModel>
        <contained xsi:type="di:GraphNode" xmi:id="_ivZHIBpxEeS2geI9OXLqnw" position="175,8" size="545,996">
          <anchorage xmi:id="_veK_gBp0EeS2geI9OXLqnw" graphEdge="_RE5zoBp3EeS2geI9OXLqnw"/>
          <semanticModel xsi:type="di:EMFSemanticModelBridge" xmi:id="_ivZHIRpxEeS2geI9OXLqnw" presentation="default">
            <element href="crf_eshift.sysml#_ivi4IBpxEeS2geI9OXLqnw"/>
          </semanticModel>
          <contained xsi:type="di:GraphNode" xmi:id="_ivZHIhpxEeS2geI9OXLqnw">
            <semanticModel xsi:type="di:EMFSemanticModelBridge" xmi:id="_ivZHIxpxEeS2geI9OXLqnw" presentation="default">
              <element href="crf_eshift.sysml#_ivi4IRpxEeS2geI9OXLqnw"/>
            </semanticModel>
            <contained xsi:type="di:GraphNode" xmi:id="_sMN8ABpzEeS2geI9OXLqnw" position="3,4" size="-1,-1">
              <property xmi:id="_sMN8AhpzEeS2geI9OXLqnw" key="name" value="visible"/>
              <anchorage xmi:id="_ztWyMBpzEeS2geI9OXLqnw" graphEdge="_ztWyMhpzEeS2geI9OXLqnw"/>
              <semanticModel xsi:type="di:EMFSemanticModelBridge" xmi:id="_sMN8ARpzEeS2geI9OXLqnw" presentation="default">
                <element href="crf_eshift.sysml#_sMN8AxpzEeS2geI9OXLqnw"/>
              </semanticModel>
            </contained>
            <contained xsi:type="di:GraphNode" xmi:id="_wHpPwBpzEeS2geI9OXLqnw" position="229,1" size="85,20">
              <anchorage xmi:id="_ztWyMRpzEeS2geI9OXLqnw" graphEdge="_GZVwMRp0EeS2geI9OXLqnw _IiqNIBp0EeS2geI9OXLqnw _NYtWERp0EeS2geI9OXLqnw _0Sk2IBrWEeSyd7KqnyTZ1g"/>
              <semanticModel xsi:type="di:EMFSemanticModelBridge" xmi:id="_wHpPwRpzEeS2geI9OXLqnw" presentation="default">
                <element href="crf_eshift.sysml#_wHzAwBpzEeS2geI9OXLqnw"/>
              </semanticModel>
            </contained>
            <contained xsi:type="di:GraphEdge" xmi:id="_ztWyMhpzEeS2geI9OXLqnw" anchor="_ztWyMBpzEeS2geI9OXLqnw _yNbHgBrWEeSyd7KqnyTZ1g">
              <semanticModel xsi:type="di:EMFSemanticModelBridge" xmi:id="_ztWyMxpzEeS2geI9OXLqnw" presentation="default">
                <element href="crf_eshift.sysml#_ztWyNhpzEeS2geI9OXLqnw"/>
              </semanticModel>
              <contained xsi:type="di:EdgeObjectOffset" xmi:id="_ztWyNBpzEeS2geI9OXLqnw" id="nameEdgeObject" offset="7,-19"/>
              <contained xsi:type="di:EdgeObjectOffset" xmi:id="_ztWyNRpzEeS2geI9OXLqnw" visible="false" id="TransitionStereotypeEdgeObject"/>
            </contained>
            <contained xsi:type="di:GraphNode" xmi:id="_6yXtEBpzEeS2geI9OXLqnw" position="90,56" size="71,20">
              <anchorage xmi:id="_GZVwMBp0EeS2geI9OXLqnw" graphEdge="_GZVwMRp0EeS2geI9OXLqnw _ms_dwRp0EeS2geI9OXLqnw _6FUkYRp0EeS2geI9OXLqnw"/>
              <semanticModel xsi:type="di:EMFSemanticModelBridge" xmi:id="_6yXtERpzEeS2geI9OXLqnw" presentation="default">
                <element href="crf_eshift.sysml#_6yg3ABpzEeS2geI9OXLqnw"/>
              </semanticModel>
            </contained>
            <contained xsi:type="di:GraphNode" xmi:id="__mLaUBpzEeS2geI9OXLqnw" position="319,56" size="82,20">
              <anchorage xmi:id="_IigcIBp0EeS2geI9OXLqnw" graphEdge="_IiqNIBp0EeS2geI9OXLqnw _o-yhQRp0EeS2geI9OXLqnw _9vfJABp0EeS2geI9OXLqnw"/>
              <semanticModel xsi:type="di:EMFSemanticModelBridge" xmi:id="__mLaURpzEeS2geI9OXLqnw" presentation="default">
                <element href="crf_eshift.sysml#__mVLUBpzEeS2geI9OXLqnw"/>
              </semanticModel>
            </contained>
            <contained xsi:type="di:GraphNode" xmi:id="_Dsd6QBp0EeS2geI9OXLqnw" position="480,155" size="50,23">
              <anchorage xmi:id="_NYtWEBp0EeS2geI9OXLqnw" graphEdge="_NYtWERp0EeS2geI9OXLqnw _gFnrsBp1EeS2geI9OXLqnw _sz244Bp1EeS2geI9OXLqnw _rpgJIBp2EeS2geI9OXLqnw"/>
              <semanticModel xsi:type="di:EMFSemanticModelBridge" xmi:id="_Dsd6QRp0EeS2geI9OXLqnw" presentation="default">
                <element href="crf_eshift.sysml#_DsnrQBp0EeS2geI9OXLqnw"/>
              </semanticModel>
            </contained>
            <contained xsi:type="di:GraphEdge" xmi:id="_GZVwMRp0EeS2geI9OXLqnw" anchor="_ztWyMRpzEeS2geI9OXLqnw _GZVwMBp0EeS2geI9OXLqnw">
              <semanticModel xsi:type="di:EMFSemanticModelBridge" xmi:id="_GZVwMhp0EeS2geI9OXLqnw" presentation="default">
                <element href="crf_eshift.sysml#_GZVwNRp0EeS2geI9OXLqnw"/>
              </semanticModel>
              <contained xsi:type="di:EdgeObjectOffset" xmi:id="_GZVwMxp0EeS2geI9OXLqnw" id="nameEdgeObject" offset="-6,-8"/>
              <contained xsi:type="di:EdgeObjectOffset" xmi:id="_GZVwNBp0EeS2geI9OXLqnw" visible="false" id="TransitionStereotypeEdgeObject"/>
            </contained>
            <contained xsi:type="di:GraphEdge" xmi:id="_IiqNIBp0EeS2geI9OXLqnw" anchor="_ztWyMRpzEeS2geI9OXLqnw _IigcIBp0EeS2geI9OXLqnw">
              <semanticModel xsi:type="di:EMFSemanticModelBridge" xmi:id="_IiqNIRp0EeS2geI9OXLqnw" presentation="default">
                <element href="crf_eshift.sysml#_IiqNJBp0EeS2geI9OXLqnw"/>
              </semanticModel>
              <contained xsi:type="di:EdgeObjectOffset" xmi:id="_IiqNIhp0EeS2geI9OXLqnw" id="nameEdgeObject" offset="35,-9"/>
              <contained xsi:type="di:EdgeObjectOffset" xmi:id="_IiqNIxp0EeS2geI9OXLqnw" visible="false" id="TransitionStereotypeEdgeObject"/>
            </contained>
            <contained xsi:type="di:GraphEdge" xmi:id="_NYtWERp0EeS2geI9OXLqnw" anchor="_ztWyMRpzEeS2geI9OXLqnw _NYtWEBp0EeS2geI9OXLqnw">
              <semanticModel xsi:type="di:EMFSemanticModelBridge" xmi:id="_NYtWEhp0EeS2geI9OXLqnw" presentation="default">
                <element href="crf_eshift.sysml#_NYtWFRp0EeS2geI9OXLqnw"/>
              </semanticModel>
              <contained xsi:type="di:EdgeObjectOffset" xmi:id="_NYtWExp0EeS2geI9OXLqnw" id="nameEdgeObject" offset="-69,-11"/>
              <contained xsi:type="di:EdgeObjectOffset" xmi:id="_NYtWFBp0EeS2geI9OXLqnw" visible="false" id="TransitionStereotypeEdgeObject"/>
              <waypoints>[259, 2, 17, -154]</waypoints>
            </contained>
            <contained xsi:type="di:GraphNode" xmi:id="_a-Sa8Bp0EeS2geI9OXLqnw" position="49,100" size="84,20">
              <anchorage xmi:id="_ms_dwBp0EeS2geI9OXLqnw" graphEdge="_ms_dwRp0EeS2geI9OXLqnw _V48cURp1EeS2geI9OXLqnw _sz244Bp1EeS2geI9OXLqnw _6fY0wBp1EeS2geI9OXLqnw"/>
              <semanticModel xsi:type="di:EMFSemanticModelBridge" xmi:id="_a-Sa8Rp0EeS2geI9OXLqnw" presentation="default">
                <element href="crf_eshift.sysml#_a-bk4Bp0EeS2geI9OXLqnw"/>
              </semanticModel>
            </contained>
            <contained xsi:type="di:GraphNode" xmi:id="_fRhKsBp0EeS2geI9OXLqnw" position="370,98" size="71,22">
              <anchorage xmi:id="_o-yhQBp0EeS2geI9OXLqnw" graphEdge="_o-yhQRp0EeS2geI9OXLqnw _YOKnQRp1EeS2geI9OXLqnw _gFnrsBp1EeS2geI9OXLqnw _9r83YBp1EeS2geI9OXLqnw"/>
              <semanticModel xsi:type="di:EMFSemanticModelBridge" xmi:id="_fRhKsRp0EeS2geI9OXLqnw" presentation="default">
                <element href="crf_eshift.sysml#_fRhKshp0EeS2geI9OXLqnw"/>
              </semanticModel>
            </contained>
            <contained xsi:type="di:GraphEdge" xmi:id="_ms_dwRp0EeS2geI9OXLqnw" anchor="_GZVwMBp0EeS2geI9OXLqnw _ms_dwBp0EeS2geI9OXLqnw">
              <semanticModel xsi:type="di:EMFSemanticModelBridge" xmi:id="_ms_dwhp0EeS2geI9OXLqnw" presentation="default">
                <element href="crf_eshift.sysml#_ms_dxRp0EeS2geI9OXLqnw"/>
              </semanticModel>
              <contained xsi:type="di:EdgeObjectOffset" xmi:id="_ms_dwxp0EeS2geI9OXLqnw" id="nameEdgeObject" offset="-40,-3"/>
              <contained xsi:type="di:EdgeObjectOffset" xmi:id="_ms_dxBp0EeS2geI9OXLqnw" visible="false" id="TransitionStereotypeEdgeObject"/>
            </contained>
            <contained xsi:type="di:GraphEdge" xmi:id="_o-yhQRp0EeS2geI9OXLqnw" anchor="_IigcIBp0EeS2geI9OXLqnw _o-yhQBp0EeS2geI9OXLqnw">
              <semanticModel xsi:type="di:EMFSemanticModelBridge" xmi:id="_o-yhQhp0EeS2geI9OXLqnw" presentation="default">
                <element href="crf_eshift.sysml#_o-yhRRp0EeS2geI9OXLqnw"/>
              </semanticModel>
              <contained xsi:type="di:EdgeObjectOffset" xmi:id="_o-yhQxp0EeS2geI9OXLqnw" id="nameEdgeObject" offset="37,-2"/>
              <contained xsi:type="di:EdgeObjectOffset" xmi:id="_o-yhRBp0EeS2geI9OXLqnw" visible="false" id="TransitionStereotypeEdgeObject"/>
            </contained>
            <contained xsi:type="di:GraphNode" xmi:id="_2SqyIBp0EeS2geI9OXLqnw" position="193,160" size="111,26">
              <anchorage xmi:id="_6FUkYBp0EeS2geI9OXLqnw" graphEdge="_6FUkYRp0EeS2geI9OXLqnw _9vfJABp0EeS2geI9OXLqnw _6fY0wBp1EeS2geI9OXLqnw _9r83YBp1EeS2geI9OXLqnw _cvQ-cRp2EeS2geI9OXLqnw"/>
              <semanticModel xsi:type="di:EMFSemanticModelBridge" xmi:id="_2SqyIRp0EeS2geI9OXLqnw" presentation="default">
                <element href="crf_eshift.sysml#_2S0jIBp0EeS2geI9OXLqnw"/>
              </semanticModel>
            </contained>
            <contained xsi:type="di:GraphEdge" xmi:id="_6FUkYRp0EeS2geI9OXLqnw" anchor="_GZVwMBp0EeS2geI9OXLqnw _6FUkYBp0EeS2geI9OXLqnw">
              <semanticModel xsi:type="di:EMFSemanticModelBridge" xmi:id="_6FUkYhp0EeS2geI9OXLqnw" presentation="default">
                <element href="crf_eshift.sysml#_6FUkZRp0EeS2geI9OXLqnw"/>
              </semanticModel>
              <contained xsi:type="di:EdgeObjectOffset" xmi:id="_6FUkYxp0EeS2geI9OXLqnw" id="nameEdgeObject" offset="-1,-10"/>
              <contained xsi:type="di:EdgeObjectOffset" xmi:id="_6FUkZBp0EeS2geI9OXLqnw" visible="false" id="TransitionStereotypeEdgeObject"/>
              <waypoints>[22, 32, -65, -77]</waypoints>
              <waypoints>[43, 32, -44, -77]</waypoints>
            </contained>
            <contained xsi:type="di:GraphEdge" xmi:id="_9vfJABp0EeS2geI9OXLqnw" anchor="_IigcIBp0EeS2geI9OXLqnw _6FUkYBp0EeS2geI9OXLqnw">
              <semanticModel xsi:type="di:EMFSemanticModelBridge" xmi:id="_9vfJARp0EeS2geI9OXLqnw" presentation="default">
                <element href="crf_eshift.sysml#_9vfJBBp0EeS2geI9OXLqnw"/>
              </semanticModel>
              <contained xsi:type="di:EdgeObjectOffset" xmi:id="_9vfJAhp0EeS2geI9OXLqnw" id="nameEdgeObject" offset="-2,-11"/>
              <contained xsi:type="di:EdgeObjectOffset" xmi:id="_9vfJAxp0EeS2geI9OXLqnw" visible="false" id="TransitionStereotypeEdgeObject"/>
              <waypoints>[-34, 30, 114, -79]</waypoints>
              <waypoints>[-131, 30, 17, -79]</waypoints>
            </contained>
            <contained xsi:type="di:GraphNode" xmi:id="_LQAuwBp1EeS2geI9OXLqnw" position="8,155" size="68,22">
              <anchorage xmi:id="_V48cUBp1EeS2geI9OXLqnw" graphEdge="_V48cURp1EeS2geI9OXLqnw _ev9D0Bp2EeS2geI9OXLqnw"/>
              <semanticModel xsi:type="di:EMFSemanticModelBridge" xmi:id="_LQAuwRp1EeS2geI9OXLqnw" presentation="default">
                <element href="crf_eshift.sysml#_LQKfwBp1EeS2geI9OXLqnw"/>
              </semanticModel>
            </contained>
            <contained xsi:type="di:GraphNode" xmi:id="_RlH2sBp1EeS2geI9OXLqnw" position="380,156" size="87,20">
              <anchorage xmi:id="_YOKnQBp1EeS2geI9OXLqnw" graphEdge="_YOKnQRp1EeS2geI9OXLqnw _mFyB4Bp2EeS2geI9OXLqnw"/>
              <semanticModel xsi:type="di:EMFSemanticModelBridge" xmi:id="_RlH2sRp1EeS2geI9OXLqnw" presentation="default">
                <element href="crf_eshift.sysml#_RlRnsBp1EeS2geI9OXLqnw"/>
              </semanticModel>
            </contained>
            <contained xsi:type="di:GraphEdge" xmi:id="_V48cURp1EeS2geI9OXLqnw" anchor="_ms_dwBp0EeS2geI9OXLqnw _V48cUBp1EeS2geI9OXLqnw">
              <semanticModel xsi:type="di:EMFSemanticModelBridge" xmi:id="_V48cUhp1EeS2geI9OXLqnw" presentation="default">
                <element href="crf_eshift.sysml#_V48cVRp1EeS2geI9OXLqnw"/>
              </semanticModel>
              <contained xsi:type="di:EdgeObjectOffset" xmi:id="_V48cUxp1EeS2geI9OXLqnw" id="nameEdgeObject" offset="-27,-2"/>
              <contained xsi:type="di:EdgeObjectOffset" xmi:id="_V48cVBp1EeS2geI9OXLqnw" visible="false" id="TransitionStereotypeEdgeObject"/>
            </contained>
            <contained xsi:type="di:GraphEdge" xmi:id="_YOKnQRp1EeS2geI9OXLqnw" anchor="_o-yhQBp0EeS2geI9OXLqnw _YOKnQBp1EeS2geI9OXLqnw">
              <semanticModel xsi:type="di:EMFSemanticModelBridge" xmi:id="_YOKnQhp1EeS2geI9OXLqnw" presentation="default">
                <element href="crf_eshift.sysml#_YOKnRRp1EeS2geI9OXLqnw"/>
              </semanticModel>
              <contained xsi:type="di:EdgeObjectOffset" xmi:id="_YOKnQxp1EeS2geI9OXLqnw" id="nameEdgeObject" offset="32,7"/>
              <contained xsi:type="di:EdgeObjectOffset" xmi:id="_YOKnRBp1EeS2geI9OXLqnw" visible="false" id="TransitionStereotypeEdgeObject"/>
            </contained>
            <contained xsi:type="di:GraphEdge" xmi:id="_gFnrsBp1EeS2geI9OXLqnw" anchor="_o-yhQBp0EeS2geI9OXLqnw _NYtWEBp0EeS2geI9OXLqnw">
              <semanticModel xsi:type="di:EMFSemanticModelBridge" xmi:id="_gFnrsRp1EeS2geI9OXLqnw" presentation="default">
                <element href="crf_eshift.sysml#_gFnrtBp1EeS2geI9OXLqnw"/>
              </semanticModel>
              <contained xsi:type="di:EdgeObjectOffset" xmi:id="_gFnrshp1EeS2geI9OXLqnw" id="nameEdgeObject" offset="-24,-12"/>
              <contained xsi:type="di:EdgeObjectOffset" xmi:id="_gFnrsxp1EeS2geI9OXLqnw" visible="false" id="TransitionStereotypeEdgeObject"/>
              <waypoints>[102, 3, 2, -54]</waypoints>
            </contained>
            <contained xsi:type="di:GraphEdge" xmi:id="_sz244Bp1EeS2geI9OXLqnw" anchor="_ms_dwBp0EeS2geI9OXLqnw _NYtWEBp0EeS2geI9OXLqnw">
              <semanticModel xsi:type="di:EMFSemanticModelBridge" xmi:id="_sz244Rp1EeS2geI9OXLqnw" presentation="default">
                <element href="crf_eshift.sysml#_sz245Bp1EeS2geI9OXLqnw"/>
              </semanticModel>
              <contained xsi:type="di:EdgeObjectOffset" xmi:id="_sz244hp1EeS2geI9OXLqnw" id="nameEdgeObject" offset="37,-10"/>
              <contained xsi:type="di:EdgeObjectOffset" xmi:id="_sz244xp1EeS2geI9OXLqnw" visible="false" id="TransitionStereotypeEdgeObject"/>
              <waypoints>[60, 2, -354, -54]</waypoints>
              <waypoints>[60, 24, -354, -32]</waypoints>
              <waypoints>[402, 24, -12, -32]</waypoints>
            </contained>
            <contained xsi:type="di:GraphEdge" xmi:id="_6fY0wBp1EeS2geI9OXLqnw" anchor="_ms_dwBp0EeS2geI9OXLqnw _6FUkYBp0EeS2geI9OXLqnw">
              <semanticModel xsi:type="di:EMFSemanticModelBridge" xmi:id="_6fY0wRp1EeS2geI9OXLqnw" presentation="default">
                <element href="crf_eshift.sysml#_6fY0xBp1EeS2geI9OXLqnw"/>
              </semanticModel>
              <contained xsi:type="di:EdgeObjectOffset" xmi:id="_6fY0whp1EeS2geI9OXLqnw" id="nameEdgeObject" offset="31,-12"/>
              <contained xsi:type="di:EdgeObjectOffset" xmi:id="_6fY0wxp1EeS2geI9OXLqnw" visible="false" id="TransitionStereotypeEdgeObject"/>
              <waypoints>[19, 59, -138, -4]</waypoints>
            </contained>
            <contained xsi:type="di:GraphEdge" xmi:id="_9r83YBp1EeS2geI9OXLqnw" anchor="_o-yhQBp0EeS2geI9OXLqnw _6FUkYBp0EeS2geI9OXLqnw">
              <semanticModel xsi:type="di:EMFSemanticModelBridge" xmi:id="_9r83YRp1EeS2geI9OXLqnw" presentation="default">
                <element href="crf_eshift.sysml#_9r83ZBp1EeS2geI9OXLqnw"/>
              </semanticModel>
              <contained xsi:type="di:EdgeObjectOffset" xmi:id="_9r83Yhp1EeS2geI9OXLqnw" id="nameEdgeObject" offset="-26,-28"/>
              <contained xsi:type="di:EdgeObjectOffset" xmi:id="_9r83Yxp1EeS2geI9OXLqnw" visible="false" id="TransitionStereotypeEdgeObject"/>
              <waypoints>[-55, 5, 102, -59]</waypoints>
              <waypoints>[-55, 62, 102, -2]</waypoints>
            </contained>
            <contained xsi:type="di:GraphNode" xmi:id="_TzFGkBp2EeS2geI9OXLqnw" position="173,214" size="162,20">
              <anchorage xmi:id="_cvQ-cBp2EeS2geI9OXLqnw" graphEdge="_cvQ-cRp2EeS2geI9OXLqnw _ev9D0Bp2EeS2geI9OXLqnw _mFyB4Bp2EeS2geI9OXLqnw _rpgJIBp2EeS2geI9OXLqnw _Hp7G8Bp3EeS2geI9OXLqnw"/>
              <semanticModel xsi:type="di:EMFSemanticModelBridge" xmi:id="_TzFGkRp2EeS2geI9OXLqnw" presentation="default">
                <element href="crf_eshift.sysml#_TzO3kBp2EeS2geI9OXLqnw"/>
              </semanticModel>
            </contained>
            <contained xsi:type="di:GraphEdge" xmi:id="_cvQ-cRp2EeS2geI9OXLqnw" anchor="_6FUkYBp0EeS2geI9OXLqnw _cvQ-cBp2EeS2geI9OXLqnw">
              <semanticModel xsi:type="di:EMFSemanticModelBridge" xmi:id="_cvQ-chp2EeS2geI9OXLqnw" presentation="default">
                <element href="crf_eshift.sysml#_cvQ-dRp2EeS2geI9OXLqnw"/>
              </semanticModel>
              <contained xsi:type="di:EdgeObjectOffset" xmi:id="_cvQ-cxp2EeS2geI9OXLqnw" id="nameEdgeObject" offset="23,-1"/>
              <contained xsi:type="di:EdgeObjectOffset" xmi:id="_cvQ-dBp2EeS2geI9OXLqnw" visible="false" id="TransitionStereotypeEdgeObject"/>
            </contained>
            <contained xsi:type="di:GraphEdge" xmi:id="_ev9D0Bp2EeS2geI9OXLqnw" anchor="_V48cUBp1EeS2geI9OXLqnw _cvQ-cBp2EeS2geI9OXLqnw">
              <semanticModel xsi:type="di:EMFSemanticModelBridge" xmi:id="_ev9D0Rp2EeS2geI9OXLqnw" presentation="default">
                <element href="crf_eshift.sysml#_ev9D1Bp2EeS2geI9OXLqnw"/>
              </semanticModel>
              <contained xsi:type="di:EdgeObjectOffset" xmi:id="_ev9D0hp2EeS2geI9OXLqnw" id="nameEdgeObject" offset="62,-12"/>
              <contained xsi:type="di:EdgeObjectOffset" xmi:id="_ev9D0xp2EeS2geI9OXLqnw" visible="false" id="TransitionStereotypeEdgeObject"/>
              <waypoints>[-1, 58, -213, 0]</waypoints>
            </contained>
            <contained xsi:type="di:GraphEdge" xmi:id="_mFyB4Bp2EeS2geI9OXLqnw" anchor="_YOKnQBp1EeS2geI9OXLqnw _cvQ-cBp2EeS2geI9OXLqnw">
              <semanticModel xsi:type="di:EMFSemanticModelBridge" xmi:id="_mFyB4Rp2EeS2geI9OXLqnw" presentation="default">
                <element href="crf_eshift.sysml#_mFyB5Bp2EeS2geI9OXLqnw"/>
              </semanticModel>
              <contained xsi:type="di:EdgeObjectOffset" xmi:id="_mFyB4hp2EeS2geI9OXLqnw" id="nameEdgeObject" offset="5,-23"/>
              <contained xsi:type="di:EdgeObjectOffset" xmi:id="_mFyB4xp2EeS2geI9OXLqnw" visible="false" id="TransitionStereotypeEdgeObject"/>
              <waypoints>[-6, 50, 163, -8]</waypoints>
            </contained>
            <contained xsi:type="di:GraphEdge" xmi:id="_rpgJIBp2EeS2geI9OXLqnw" anchor="_NYtWEBp0EeS2geI9OXLqnw _cvQ-cBp2EeS2geI9OXLqnw">
              <semanticModel xsi:type="di:EMFSemanticModelBridge" xmi:id="_rpgJIRp2EeS2geI9OXLqnw" presentation="default">
                <element href="crf_eshift.sysml#_rpgJJBp2EeS2geI9OXLqnw"/>
              </semanticModel>
              <contained xsi:type="di:EdgeObjectOffset" xmi:id="_rpgJIhp2EeS2geI9OXLqnw" id="nameEdgeObject" offset="-39,-11"/>
              <contained xsi:type="di:EdgeObjectOffset" xmi:id="_rpgJIxp2EeS2geI9OXLqnw" visible="false" id="TransitionStereotypeEdgeObject"/>
              <waypoints>[0, 64, 251, 6]</waypoints>
            </contained>
            <contained xsi:type="di:GraphNode" xmi:id="_u8GgsBrWEeSyd7KqnyTZ1g" position="72,1" size="84,20">
              <anchorage xmi:id="_yNbHgBrWEeSyd7KqnyTZ1g" graphEdge="_ztWyMhpzEeS2geI9OXLqnw _0Sk2IBrWEeSyd7KqnyTZ1g"/>
              <semanticModel xsi:type="di:EMFSemanticModelBridge" xmi:id="_u8GgsRrWEeSyd7KqnyTZ1g" presentation="default">
                <element href="crf_eshift.sysml#_u8PqoBrWEeSyd7KqnyTZ1g"/>
              </semanticModel>
            </contained>
            <contained xsi:type="di:GraphEdge" xmi:id="_0Sk2IBrWEeSyd7KqnyTZ1g" anchor="_yNbHgBrWEeSyd7KqnyTZ1g _ztWyMRpzEeS2geI9OXLqnw">
              <semanticModel xsi:type="di:EMFSemanticModelBridge" xmi:id="_0Sk2IRrWEeSyd7KqnyTZ1g" presentation="default">
                <element href="crf_eshift.sysml#_0Sk2JBrWEeSyd7KqnyTZ1g"/>
              </semanticModel>
              <contained xsi:type="di:EdgeObjectOffset" xmi:id="_0Sk2IhrWEeSyd7KqnyTZ1g" id="nameEdgeObject" offset="1,-11"/>
              <contained xsi:type="di:EdgeObjectOffset" xmi:id="_0Sk2IxrWEeSyd7KqnyTZ1g" visible="false" id="TransitionStereotypeEdgeObject"/>
            </contained>
          </contained>
          <contained xsi:type="di:GraphNode" xmi:id="_nXvyUBpxEeS2geI9OXLqnw" position="159,141" size="-1,-1">
            <semanticModel xsi:type="di:EMFSemanticModelBridge" xmi:id="_nXvyURpxEeS2geI9OXLqnw" presentation="default">
              <element href="crf_eshift.sysml#_nXvyUhpxEeS2geI9OXLqnw"/>
            </semanticModel>
            <contained xsi:type="di:GraphNode" xmi:id="_wef7cBpxEeS2geI9OXLqnw" position="0,66" size="-1,-1">
              <property xmi:id="_wef7chpxEeS2geI9OXLqnw" key="name" value="visible"/>
              <anchorage xmi:id="_GizgIBpyEeS2geI9OXLqnw" graphEdge="_Gi8qEBpyEeS2geI9OXLqnw"/>
              <semanticModel xsi:type="di:EMFSemanticModelBridge" xmi:id="_wef7cRpxEeS2geI9OXLqnw" presentation="default">
                <element href="crf_eshift.sysml#_wepFYBpxEeS2geI9OXLqnw"/>
              </semanticModel>
            </contained>
            <contained xsi:type="di:GraphNode" xmi:id="_6bskYBpxEeS2geI9OXLqnw" position="115,52" size="50,76">
              <anchorage xmi:id="_GizgIRpyEeS2geI9OXLqnw" graphEdge="_Gi8qEBpyEeS2geI9OXLqnw _cVZpwRpyEeS2geI9OXLqnw _824_ABpyEeS2geI9OXLqnw _-3b6cBpyEeS2geI9OXLqnw"/>
              <semanticModel xsi:type="di:EMFSemanticModelBridge" xmi:id="_6bskYRpxEeS2geI9OXLqnw" presentation="default">
                <element href="crf_eshift.sysml#_6b_fUBpxEeS2geI9OXLqnw"/>
              </semanticModel>
            </contained>
            <contained xsi:type="di:GraphEdge" xmi:id="_Gi8qEBpyEeS2geI9OXLqnw" anchor="_GizgIBpyEeS2geI9OXLqnw _GizgIRpyEeS2geI9OXLqnw">
              <semanticModel xsi:type="di:EMFSemanticModelBridge" xmi:id="_Gi8qERpyEeS2geI9OXLqnw" presentation="default">
                <element href="crf_eshift.sysml#_Gi8qFBpyEeS2geI9OXLqnw"/>
              </semanticModel>
              <contained xsi:type="di:EdgeObjectOffset" xmi:id="_Gi8qEhpyEeS2geI9OXLqnw" id="nameEdgeObject" offset="1,-11"/>
              <contained xsi:type="di:EdgeObjectOffset" xmi:id="_Gi8qExpyEeS2geI9OXLqnw" visible="false" id="TransitionStereotypeEdgeObject"/>
            </contained>
            <contained xsi:type="di:GraphNode" xmi:id="_RY1OgBpyEeS2geI9OXLqnw" position="405,32" size="82,121">
              <anchorage xmi:id="_cVZpwBpyEeS2geI9OXLqnw" graphEdge="_cVZpwRpyEeS2geI9OXLqnw _824_ABpyEeS2geI9OXLqnw _-3b6cBpyEeS2geI9OXLqnw _ClJlgBp3EeS2geI9OXLqnw"/>
              <semanticModel xsi:type="di:EMFSemanticModelBridge" xmi:id="_RY1OgRpyEeS2geI9OXLqnw" presentation="default">
                <element href="crf_eshift.sysml#_RZIJcBpyEeS2geI9OXLqnw"/>
              </semanticModel>
            </contained>
            <contained xsi:type="di:GraphEdge" xmi:id="_cVZpwRpyEeS2geI9OXLqnw" anchor="_GizgIRpyEeS2geI9OXLqnw _cVZpwBpyEeS2geI9OXLqnw">
              <semanticModel xsi:type="di:EMFSemanticModelBridge" xmi:id="_cVZpwhpyEeS2geI9OXLqnw" presentation="default">
                <element href="crf_eshift.sysml#_cVZpxRpyEeS2geI9OXLqnw"/>
              </semanticModel>
              <contained xsi:type="di:EdgeObjectOffset" xmi:id="_cVZpwxpyEeS2geI9OXLqnw" id="nameEdgeObject" offset="-57,-12"/>
              <contained xsi:type="di:EdgeObjectOffset" xmi:id="_cVZpxBpyEeS2geI9OXLqnw" visible="false" id="TransitionStereotypeEdgeObject"/>
              <waypoints>[0, -49, -109, -1]</waypoints>
            </contained>
            <contained xsi:type="di:GraphEdge" xmi:id="_824_ABpyEeS2geI9OXLqnw" anchor="_GizgIRpyEeS2geI9OXLqnw _cVZpwBpyEeS2geI9OXLqnw">
              <semanticModel xsi:type="di:EMFSemanticModelBridge" xmi:id="_824_ARpyEeS2geI9OXLqnw" presentation="default">
                <element href="crf_eshift.sysml#_824_BBpyEeS2geI9OXLqnw"/>
              </semanticModel>
              <contained xsi:type="di:EdgeObjectOffset" xmi:id="_824_AhpyEeS2geI9OXLqnw" id="nameEdgeObject" offset="-48,-10"/>
              <contained xsi:type="di:EdgeObjectOffset" xmi:id="_824_AxpyEeS2geI9OXLqnw" visible="false" id="TransitionStereotypeEdgeObject"/>
            </contained>
            <contained xsi:type="di:GraphEdge" xmi:id="_-3b6cBpyEeS2geI9OXLqnw" anchor="_GizgIRpyEeS2geI9OXLqnw _cVZpwBpyEeS2geI9OXLqnw">
              <semanticModel xsi:type="di:EMFSemanticModelBridge" xmi:id="_-3b6cRpyEeS2geI9OXLqnw" presentation="default">
                <element href="crf_eshift.sysml#_-3b6dBpyEeS2geI9OXLqnw"/>
              </semanticModel>
              <contained xsi:type="di:EdgeObjectOffset" xmi:id="_-3b6chpyEeS2geI9OXLqnw" id="nameEdgeObject" offset="-59,-10"/>
              <contained xsi:type="di:EdgeObjectOffset" xmi:id="_-3b6cxpyEeS2geI9OXLqnw" visible="false" id="TransitionStereotypeEdgeObject"/>
              <waypoints>[214, 24, -92, 22]</waypoints>
            </contained>
          </contained>
          <contained xsi:type="di:GraphNode" xmi:id="_nuqdgBpxEeS2geI9OXLqnw" position="178,57" size="-1,-1">
            <semanticModel xsi:type="di:EMFSemanticModelBridge" xmi:id="_nuqdgRpxEeS2geI9OXLqnw" presentation="default">
              <element href="crf_eshift.sysml#_nuqdghpxEeS2geI9OXLqnw"/>
            </semanticModel>
            <contained xsi:type="di:GraphNode" xmi:id="_x-dSUBpxEeS2geI9OXLqnw" position="1,89" size="-1,-1">
              <property xmi:id="_x-dSUhpxEeS2geI9OXLqnw" key="name" value="visible"/>
              <anchorage xmi:id="_IIazEBpyEeS2geI9OXLqnw" graphEdge="_IIazEhpyEeS2geI9OXLqnw"/>
              <semanticModel xsi:type="di:EMFSemanticModelBridge" xmi:id="_x-dSURpxEeS2geI9OXLqnw" presentation="default">
                <element href="crf_eshift.sysml#_x-mcQBpxEeS2geI9OXLqnw"/>
              </semanticModel>
            </contained>
            <contained xsi:type="di:GraphNode" xmi:id="_7fh_8BpxEeS2geI9OXLqnw" position="121,62" size="50,81">
              <anchorage xmi:id="_IIazERpyEeS2geI9OXLqnw" graphEdge="_IIazEhpyEeS2geI9OXLqnw _KEXs8RpzEeS2geI9OXLqnw _ODhDEBpzEeS2geI9OXLqnw"/>
              <semanticModel xsi:type="di:EMFSemanticModelBridge" xmi:id="_7fh_8RpxEeS2geI9OXLqnw" presentation="default">
                <element href="crf_eshift.sysml#_7frw8BpxEeS2geI9OXLqnw"/>
              </semanticModel>
            </contained>
            <contained xsi:type="di:GraphEdge" xmi:id="_IIazEhpyEeS2geI9OXLqnw" anchor="_IIazEBpyEeS2geI9OXLqnw _IIazERpyEeS2geI9OXLqnw">
              <semanticModel xsi:type="di:EMFSemanticModelBridge" xmi:id="_IIazExpyEeS2geI9OXLqnw" presentation="default">
                <element href="crf_eshift.sysml#_IIazFhpyEeS2geI9OXLqnw"/>
              </semanticModel>
              <contained xsi:type="di:EdgeObjectOffset" xmi:id="_IIazFBpyEeS2geI9OXLqnw" id="nameEdgeObject" offset="0,-10"/>
              <contained xsi:type="di:EdgeObjectOffset" xmi:id="_IIazFRpyEeS2geI9OXLqnw" visible="false" id="TransitionStereotypeEdgeObject"/>
            </contained>
            <contained xsi:type="di:GraphNode" xmi:id="_GgAOUBpzEeS2geI9OXLqnw" position="404,39" size="75,125">
              <anchorage xmi:id="_KEXs8BpzEeS2geI9OXLqnw" graphEdge="_KEXs8RpzEeS2geI9OXLqnw _ODhDEBpzEeS2geI9OXLqnw _9FAWsBp2EeS2geI9OXLqnw"/>
              <semanticModel xsi:type="di:EMFSemanticModelBridge" xmi:id="_GgAOURpzEeS2geI9OXLqnw" presentation="default">
                <element href="crf_eshift.sysml#_GgAOUhpzEeS2geI9OXLqnw"/>
              </semanticModel>
            </contained>
            <contained xsi:type="di:GraphEdge" xmi:id="_KEXs8RpzEeS2geI9OXLqnw" anchor="_IIazERpyEeS2geI9OXLqnw _KEXs8BpzEeS2geI9OXLqnw">
              <semanticModel xsi:type="di:EMFSemanticModelBridge" xmi:id="_KEXs8hpzEeS2geI9OXLqnw" presentation="default">
                <element href="crf_eshift.sysml#_KEXs9RpzEeS2geI9OXLqnw"/>
              </semanticModel>
              <contained xsi:type="di:EdgeObjectOffset" xmi:id="_KEXs8xpzEeS2geI9OXLqnw" id="nameEdgeObject" offset="-42,-13"/>
              <contained xsi:type="di:EdgeObjectOffset" xmi:id="_KEXs9BpzEeS2geI9OXLqnw" visible="false" id="TransitionStereotypeEdgeObject"/>
              <waypoints>[136, -18, -159, -17]</waypoints>
            </contained>
            <contained xsi:type="di:GraphEdge" xmi:id="_ODhDEBpzEeS2geI9OXLqnw" anchor="_IIazERpyEeS2geI9OXLqnw _KEXs8BpzEeS2geI9OXLqnw">
              <semanticModel xsi:type="di:EMFSemanticModelBridge" xmi:id="_ODhDERpzEeS2geI9OXLqnw" presentation="default">
                <element href="crf_eshift.sysml#_ODhDFBpzEeS2geI9OXLqnw"/>
              </semanticModel>
              <contained xsi:type="di:EdgeObjectOffset" xmi:id="_ODhDEhpzEeS2geI9OXLqnw" id="nameEdgeObject" offset="-45,-12"/>
              <contained xsi:type="di:EdgeObjectOffset" xmi:id="_ODhDExpzEeS2geI9OXLqnw" visible="false" id="TransitionStereotypeEdgeObject"/>
              <waypoints>[202, 17, -93, 18]</waypoints>
            </contained>
          </contained>
          <contained xsi:type="di:GraphNode" xmi:id="_scrEwBpxEeS2geI9OXLqnw" position="205,71" size="-1,-1">
            <semanticModel xsi:type="di:EMFSemanticModelBridge" xmi:id="_scrEwRpxEeS2geI9OXLqnw" presentation="default">
              <element href="crf_eshift.sysml#_scrEwhpxEeS2geI9OXLqnw"/>
            </semanticModel>
            <contained xsi:type="di:GraphNode" xmi:id="_y-bhkBpxEeS2geI9OXLqnw" position="1,79" size="-1,-1">
              <property xmi:id="_y-krgBpxEeS2geI9OXLqnw" key="name" value="visible"/>
              <anchorage xmi:id="_IlH9MBpyEeS2geI9OXLqnw" graphEdge="_IlH9MhpyEeS2geI9OXLqnw"/>
              <semanticModel xsi:type="di:EMFSemanticModelBridge" xmi:id="_y-bhkRpxEeS2geI9OXLqnw" presentation="default">
                <element href="crf_eshift.sysml#_y-krgRpxEeS2geI9OXLqnw"/>
              </semanticModel>
            </contained>
            <contained xsi:type="di:GraphNode" xmi:id="_85ZV4BpxEeS2geI9OXLqnw" position="125,52" size="42,77">
              <anchorage xmi:id="_IlH9MRpyEeS2geI9OXLqnw" graphEdge="_IlH9MhpyEeS2geI9OXLqnw _T1hd8RpzEeS2geI9OXLqnw _e0By4BpzEeS2geI9OXLqnw _iHSTYBpzEeS2geI9OXLqnw"/>
              <semanticModel xsi:type="di:EMFSemanticModelBridge" xmi:id="_85ZV4RpxEeS2geI9OXLqnw" presentation="default">
                <element href="crf_eshift.sysml#_85if0BpxEeS2geI9OXLqnw"/>
              </semanticModel>
            </contained>
            <contained xsi:type="di:GraphEdge" xmi:id="_IlH9MhpyEeS2geI9OXLqnw" anchor="_IlH9MBpyEeS2geI9OXLqnw _IlH9MRpyEeS2geI9OXLqnw">
              <semanticModel xsi:type="di:EMFSemanticModelBridge" xmi:id="_IlH9MxpyEeS2geI9OXLqnw" presentation="default">
                <element href="crf_eshift.sysml#_IlH9NhpyEeS2geI9OXLqnw"/>
              </semanticModel>
              <contained xsi:type="di:EdgeObjectOffset" xmi:id="_IlH9NBpyEeS2geI9OXLqnw" id="nameEdgeObject" offset="-1,-11"/>
              <contained xsi:type="di:EdgeObjectOffset" xmi:id="_IlH9NRpyEeS2geI9OXLqnw" visible="false" id="TransitionStereotypeEdgeObject"/>
            </contained>
            <contained xsi:type="di:GraphNode" xmi:id="_Q6geUBpzEeS2geI9OXLqnw" position="409,35" size="66,113">
              <anchorage xmi:id="_T1hd8BpzEeS2geI9OXLqnw" graphEdge="_T1hd8RpzEeS2geI9OXLqnw _e0By4BpzEeS2geI9OXLqnw _iHSTYBpzEeS2geI9OXLqnw _53ZLMRp2EeS2geI9OXLqnw"/>
              <semanticModel xsi:type="di:EMFSemanticModelBridge" xmi:id="_Q6geURpzEeS2geI9OXLqnw" presentation="default">
                <element href="crf_eshift.sysml#_Q6qPUBpzEeS2geI9OXLqnw"/>
              </semanticModel>
            </contained>
            <contained xsi:type="di:GraphEdge" xmi:id="_T1hd8RpzEeS2geI9OXLqnw" anchor="_IlH9MRpyEeS2geI9OXLqnw _T1hd8BpzEeS2geI9OXLqnw">
              <semanticModel xsi:type="di:EMFSemanticModelBridge" xmi:id="_T1hd8hpzEeS2geI9OXLqnw" presentation="default">
                <element href="crf_eshift.sysml#_T1hd9RpzEeS2geI9OXLqnw"/>
              </semanticModel>
              <contained xsi:type="di:EdgeObjectOffset" xmi:id="_T1hd8xpzEeS2geI9OXLqnw" id="nameEdgeObject" offset="-36,-12"/>
              <contained xsi:type="di:EdgeObjectOffset" xmi:id="_T1hd9BpzEeS2geI9OXLqnw" visible="false" id="TransitionStereotypeEdgeObject"/>
              <waypoints>[192, -19, -104, -20]</waypoints>
            </contained>
            <contained xsi:type="di:GraphEdge" xmi:id="_e0By4BpzEeS2geI9OXLqnw" anchor="_IlH9MRpyEeS2geI9OXLqnw _T1hd8BpzEeS2geI9OXLqnw">
              <semanticModel xsi:type="di:EMFSemanticModelBridge" xmi:id="_e0By4RpzEeS2geI9OXLqnw" presentation="default">
                <element href="crf_eshift.sysml#_e0By5BpzEeS2geI9OXLqnw"/>
              </semanticModel>
              <contained xsi:type="di:EdgeObjectOffset" xmi:id="_e0By4hpzEeS2geI9OXLqnw" id="nameEdgeObject" offset="-29,-11"/>
              <contained xsi:type="di:EdgeObjectOffset" xmi:id="_e0By4xpzEeS2geI9OXLqnw" visible="false" id="TransitionStereotypeEdgeObject"/>
              <waypoints>[199, 4, -97, 3]</waypoints>
            </contained>
            <contained xsi:type="di:GraphEdge" xmi:id="_iHSTYBpzEeS2geI9OXLqnw" anchor="_IlH9MRpyEeS2geI9OXLqnw _T1hd8BpzEeS2geI9OXLqnw">
              <semanticModel xsi:type="di:EMFSemanticModelBridge" xmi:id="_iHSTYRpzEeS2geI9OXLqnw" presentation="default">
                <element href="crf_eshift.sysml#_iHSTZBpzEeS2geI9OXLqnw"/>
              </semanticModel>
              <contained xsi:type="di:EdgeObjectOffset" xmi:id="_iHSTYhpzEeS2geI9OXLqnw" id="nameEdgeObject" offset="-24,-9"/>
              <contained xsi:type="di:EdgeObjectOffset" xmi:id="_iHSTYxpzEeS2geI9OXLqnw" visible="false" id="TransitionStereotypeEdgeObject"/>
              <waypoints>[212, 28, -84, 27]</waypoints>
            </contained>
          </contained>
        </contained>
        <contained xsi:type="di:GraphNode" xmi:id="_4WsNcBp2EeS2geI9OXLqnw" position="652,1025" size="10,70">
          <anchorage xmi:id="_53ZLMBp2EeS2geI9OXLqnw" graphEdge="_53ZLMRp2EeS2geI9OXLqnw _9FAWsBp2EeS2geI9OXLqnw _ClJlgBp3EeS2geI9OXLqnw _Hp7G8Bp3EeS2geI9OXLqnw _RE5zoBp3EeS2geI9OXLqnw"/>
          <semanticModel xsi:type="di:EMFSemanticModelBridge" xmi:id="_4WsNcRp2EeS2geI9OXLqnw" presentation="default">
            <element href="crf_eshift.sysml#_4W1-cBp2EeS2geI9OXLqnw"/>
          </semanticModel>
        </contained>
        <contained xsi:type="di:GraphEdge" xmi:id="_53ZLMRp2EeS2geI9OXLqnw" anchor="_T1hd8BpzEeS2geI9OXLqnw _53ZLMBp2EeS2geI9OXLqnw">
          <semanticModel xsi:type="di:EMFSemanticModelBridge" xmi:id="_53ZLMhp2EeS2geI9OXLqnw" presentation="default">
            <element href="crf_eshift.sysml#_53i8MBp2EeS2geI9OXLqnw"/>
          </semanticModel>
          <contained xsi:type="di:EdgeObjectOffset" xmi:id="_53ZLMxp2EeS2geI9OXLqnw" id="nameEdgeObject"/>
          <contained xsi:type="di:EdgeObjectOffset" xmi:id="_53ZLNBp2EeS2geI9OXLqnw" visible="false" id="TransitionStereotypeEdgeObject"/>
          <waypoints>[-1, 179, -36, -30]</waypoints>
        </contained>
        <contained xsi:type="di:GraphEdge" xmi:id="_9FAWsBp2EeS2geI9OXLqnw" anchor="_KEXs8BpzEeS2geI9OXLqnw _53ZLMBp2EeS2geI9OXLqnw">
          <semanticModel xsi:type="di:EMFSemanticModelBridge" xmi:id="_9FAWsRp2EeS2geI9OXLqnw" presentation="default">
            <element href="crf_eshift.sysml#_9FAWtBp2EeS2geI9OXLqnw"/>
          </semanticModel>
          <contained xsi:type="di:EdgeObjectOffset" xmi:id="_9FAWshp2EeS2geI9OXLqnw" id="nameEdgeObject"/>
          <contained xsi:type="di:EdgeObjectOffset" xmi:id="_9FAWsxp2EeS2geI9OXLqnw" visible="false" id="TransitionStereotypeEdgeObject"/>
          <waypoints>[118, 3, 82, -435]</waypoints>
          <waypoints>[118, 419, 82, -19]</waypoints>
        </contained>
        <contained xsi:type="di:GraphEdge" xmi:id="_ClJlgBp3EeS2geI9OXLqnw" anchor="_cVZpwBpyEeS2geI9OXLqnw _53ZLMBp2EeS2geI9OXLqnw">
          <semanticModel xsi:type="di:EMFSemanticModelBridge" xmi:id="_ClJlgRp3EeS2geI9OXLqnw" presentation="default">
            <element href="crf_eshift.sysml#_ClJlhBp3EeS2geI9OXLqnw"/>
          </semanticModel>
          <contained xsi:type="di:EdgeObjectOffset" xmi:id="_ClJlghp3EeS2geI9OXLqnw" id="nameEdgeObject"/>
          <contained xsi:type="di:EdgeObjectOffset" xmi:id="_ClJlgxp3EeS2geI9OXLqnw" visible="false" id="TransitionStereotypeEdgeObject"/>
          <waypoints>[132, 0, 101, -686]</waypoints>
          <waypoints>[132, 686, 101, 0]</waypoints>
        </contained>
        <contained xsi:type="di:GraphEdge" xmi:id="_Hp7G8Bp3EeS2geI9OXLqnw" anchor="_cvQ-cBp2EeS2geI9OXLqnw _53ZLMBp2EeS2geI9OXLqnw">
          <semanticModel xsi:type="di:EMFSemanticModelBridge" xmi:id="_Hp7G8Rp3EeS2geI9OXLqnw" presentation="default">
            <element href="crf_eshift.sysml#_Hp7G9Bp3EeS2geI9OXLqnw"/>
          </semanticModel>
          <contained xsi:type="di:EdgeObjectOffset" xmi:id="_Hp7G8hp3EeS2geI9OXLqnw" id="nameEdgeObject"/>
          <contained xsi:type="di:EdgeObjectOffset" xmi:id="_Hp7G8xp3EeS2geI9OXLqnw" visible="false" id="TransitionStereotypeEdgeObject"/>
          <waypoints>[0, 27, -223, -766]</waypoints>
          <waypoints>[348, 27, 125, -766]</waypoints>
          <waypoints>[348, 813, 125, 20]</waypoints>
        </contained>
        <contained xsi:type="di:GraphEdge" xmi:id="_RE5zoBp3EeS2geI9OXLqnw" anchor="_53ZLMBp2EeS2geI9OXLqnw _veK_gBp0EeS2geI9OXLqnw">
          <semanticModel xsi:type="di:EMFSemanticModelBridge" xmi:id="_RE5zoRp3EeS2geI9OXLqnw" presentation="default">
            <element href="crf_eshift.sysml#_RE5zpBp3EeS2geI9OXLqnw"/>
          </semanticModel>
          <contained xsi:type="di:EdgeObjectOffset" xmi:id="_RE5zohp3EeS2geI9OXLqnw" id="nameEdgeObject"/>
          <contained xsi:type="di:EdgeObjectOffset" xmi:id="_RE5zoxp3EeS2geI9OXLqnw" visible="false" id="TransitionStereotypeEdgeObject"/>
          <waypoints>[-108, -3, 102, 551]</waypoints>
        </contained>
      </contained>
    </diagrams>