<?xml version="1.0" encoding="UTF-8"?><diagrams xmlns:xmi="http://www.omg.org/XMI" xmlns:xsi="http://www.w3.org/2001/XMLSchema-instance" xmlns:di="http://www.topcased.org/DI/1.0" xmlns:diagrams="http://www.topcased.org/Diagrams/1.0" xmi:id="_EmWUAy96EeSQPNUOoh7wVw" position="0,0" size="100,100" name="TSR5" viewport="0,0">
      <property xmi:id="_Enim0i96EeSQPNUOoh7wVw" key="pageFormatName" value="A4"/>
      <property xmi:id="_Enim0y96EeSQPNUOoh7wVw" key="diagramWidth" value="840"/>
      <property xmi:id="_Enim1C96EeSQPNUOoh7wVw" key="diagramHeight" value="1188"/>
      <property xmi:id="_Enim1S96EeSQPNUOoh7wVw" key="pageMarginName" value="Small Margin"/>
      <property xmi:id="_Enim1i96EeSQPNUOoh7wVw" key="diagramTopMargin" value="20"/>
      <property xmi:id="_Enim1y96EeSQPNUOoh7wVw" key="diagramBottomMargin" value="20"/>
      <property xmi:id="_Enim2C96EeSQPNUOoh7wVw" key="diagramLeftMargin" value="20"/>
      <property xmi:id="_Enim2S96EeSQPNUOoh7wVw" key="diagramRightMargin" value="20"/>
      <property xmi:id="_Enim2i96EeSQPNUOoh7wVw" key="orientation" value="portrait"/>
      <semanticModel xsi:type="di:EMFSemanticModelBridge" xmi:id="_EmWUBC96EeSQPNUOoh7wVw" presentation="org.topcased.modeler.sysml.statemachinediagram">
        <element href="crf_eshift.sysml#_EmWUAC96EeSQPNUOoh7wVw"/>
      </semanticModel>
      <contained xsi:type="di:GraphNode" xmi:id="_Enim0C96EeSQPNUOoh7wVw" size="-1,-1">
        <semanticModel xsi:type="di:EMFSemanticModelBridge" xmi:id="_Enim0S96EeSQPNUOoh7wVw" presentation="default">
          <element href="crf_eshift.sysml#_EmWUAS96EeSQPNUOoh7wVw"/>
        </semanticModel>
        <contained xsi:type="di:GraphNode" xmi:id="_FcD0AC96EeSQPNUOoh7wVw" position="21,43" size="-1,-1">
          <property xmi:id="_FcD0Ai96EeSQPNUOoh7wVw" key="name" value="visible"/>
          <anchorage xmi:id="_R3GYYC96EeSQPNUOoh7wVw" graphEdge="_R3GYYi96EeSQPNUOoh7wVw"/>
          <semanticModel xsi:type="di:EMFSemanticModelBridge" xmi:id="_FcD0AS96EeSQPNUOoh7wVw" presentation="default">
            <element href="crf_eshift.sysml#_FcD0Ay96EeSQPNUOoh7wVw"/>
          </semanticModel>
        </contained>
        <contained xsi:type="di:GraphNode" xmi:id="_KMAU8C96EeSQPNUOoh7wVw" position="139,11" size="555,530">
          <anchorage xmi:id="_R3GYYS96EeSQPNUOoh7wVw" graphEdge="_R3GYYi96EeSQPNUOoh7wVw _5OIBsDGhEeS9G6s6D2JrUA"/>
          <semanticModel xsi:type="di:EMFSemanticModelBridge" xmi:id="_KMAU8S96EeSQPNUOoh7wVw" presentation="default">
            <element href="crf_eshift.sysml#_KMJe4C96EeSQPNUOoh7wVw"/>
          </semanticModel>
          <contained xsi:type="di:GraphNode" xmi:id="_KMAU8i96EeSQPNUOoh7wVw">
            <semanticModel xsi:type="di:EMFSemanticModelBridge" xmi:id="_KMAU8y96EeSQPNUOoh7wVw" presentation="default">
              <element href="crf_eshift.sysml#_KMJe4S96EeSQPNUOoh7wVw"/>
            </semanticModel>
            <contained xsi:type="di:GraphNode" xmi:id="_YZdSIC96EeSQPNUOoh7wVw" position="7,16" size="-1,-1">
              <property xmi:id="_YZdSIi96EeSQPNUOoh7wVw" key="name" value="visible"/>
              <anchorage xmi:id="_zjR_IC96EeSQPNUOoh7wVw" graphEdge="_zjR_Ii96EeSQPNUOoh7wVw"/>
              <semanticModel xsi:type="di:EMFSemanticModelBridge" xmi:id="_YZdSIS96EeSQPNUOoh7wVw" presentation="default">
                <element href="crf_eshift.sysml#_YZdSIy96EeSQPNUOoh7wVw"/>
              </semanticModel>
            </contained>
            <contained xsi:type="di:GraphNode" xmi:id="_i_akMC96EeSQPNUOoh7wVw" position="140,13" size="50,35">
              <anchorage xmi:id="_zjR_IS96EeSQPNUOoh7wVw" graphEdge="_zjR_Ii96EeSQPNUOoh7wVw _FkuLUS97EeSQPNUOoh7wVw"/>
              <semanticModel xsi:type="di:EMFSemanticModelBridge" xmi:id="_i_akMS96EeSQPNUOoh7wVw" presentation="default">
                <element href="crf_eshift.sysml#_i_kVMC96EeSQPNUOoh7wVw"/>
              </semanticModel>
            </contained>
            <contained xsi:type="di:GraphEdge" xmi:id="_zjR_Ii96EeSQPNUOoh7wVw" anchor="_zjR_IC96EeSQPNUOoh7wVw _zjR_IS96EeSQPNUOoh7wVw">
              <semanticModel xsi:type="di:EMFSemanticModelBridge" xmi:id="_zjR_Iy96EeSQPNUOoh7wVw" presentation="default">
                <element href="crf_eshift.sysml#_zjR_Ji96EeSQPNUOoh7wVw"/>
              </semanticModel>
              <contained xsi:type="di:EdgeObjectOffset" xmi:id="_zjR_JC96EeSQPNUOoh7wVw" id="nameEdgeObject" offset="-2,-13"/>
              <contained xsi:type="di:EdgeObjectOffset" xmi:id="_zjR_JS96EeSQPNUOoh7wVw" visible="false" id="TransitionStereotypeEdgeObject"/>
            </contained>
            <contained xsi:type="di:GraphNode" xmi:id="_CP0sEC97EeSQPNUOoh7wVw" position="282,16" size="74,21">
              <anchorage xmi:id="_FkuLUC97EeSQPNUOoh7wVw" graphEdge="_FkuLUS97EeSQPNUOoh7wVw _xIwykS98EeSQPNUOoh7wVw _168IIS98EeSQPNUOoh7wVw _5ej_4C98EeSQPNUOoh7wVw"/>
              <semanticModel xsi:type="di:EMFSemanticModelBridge" xmi:id="_CP0sES97EeSQPNUOoh7wVw" presentation="default">
                <element href="crf_eshift.sysml#_CP-dEC97EeSQPNUOoh7wVw"/>
              </semanticModel>
            </contained>
            <contained xsi:type="di:GraphEdge" xmi:id="_FkuLUS97EeSQPNUOoh7wVw" anchor="_zjR_IS96EeSQPNUOoh7wVw _FkuLUC97EeSQPNUOoh7wVw">
              <semanticModel xsi:type="di:EMFSemanticModelBridge" xmi:id="_FkuLUi97EeSQPNUOoh7wVw" presentation="default">
                <element href="crf_eshift.sysml#_FkuLVS97EeSQPNUOoh7wVw"/>
              </semanticModel>
              <contained xsi:type="di:EdgeObjectOffset" xmi:id="_FkuLUy97EeSQPNUOoh7wVw" id="nameEdgeObject" offset="-3,-11"/>
              <contained xsi:type="di:EdgeObjectOffset" xmi:id="_FkuLVC97EeSQPNUOoh7wVw" visible="false" id="TransitionStereotypeEdgeObject"/>
            </contained>
            <contained xsi:type="di:GraphNode" xmi:id="_RF7IMC98EeSQPNUOoh7wVw" position="422,84" size="109,24">
              <anchorage xmi:id="_xIwykC98EeSQPNUOoh7wVw" graphEdge="_xIwykS98EeSQPNUOoh7wVw _V0Z0EC99EeSQPNUOoh7wVw _aDLhoS99EeSQPNUOoh7wVw"/>
              <semanticModel xsi:type="di:EMFSemanticModelBridge" xmi:id="_RF7IMS98EeSQPNUOoh7wVw" presentation="default">
                <element href="crf_eshift.sysml#_RGESIC98EeSQPNUOoh7wVw"/>
              </semanticModel>
            </contained>
            <contained xsi:type="di:GraphNode" xmi:id="_VDbfkC98EeSQPNUOoh7wVw" position="443,132" size="72,24">
              <anchorage xmi:id="_aDLhoC99EeSQPNUOoh7wVw" graphEdge="_aDLhoS99EeSQPNUOoh7wVw _lW9jAC99EeSQPNUOoh7wVw _1M5n8DGhEeS9G6s6D2JrUA"/>
              <semanticModel xsi:type="di:EMFSemanticModelBridge" xmi:id="_VDbfkS98EeSQPNUOoh7wVw" presentation="default">
                <element href="crf_eshift.sysml#_VDlQkC98EeSQPNUOoh7wVw"/>
              </semanticModel>
            </contained>
            <contained xsi:type="di:GraphNode" xmi:id="_aBgjIC98EeSQPNUOoh7wVw" position="248,66" size="132,23">
              <anchorage xmi:id="_168IIC98EeSQPNUOoh7wVw" graphEdge="_168IIS98EeSQPNUOoh7wVw _5ej_4C98EeSQPNUOoh7wVw _Jd-p8S99EeSQPNUOoh7wVw _Sx0M0C99EeSQPNUOoh7wVw _V0Z0EC99EeSQPNUOoh7wVw"/>
              <semanticModel xsi:type="di:EMFSemanticModelBridge" xmi:id="_aBgjIS98EeSQPNUOoh7wVw" presentation="default">
                <element href="crf_eshift.sysml#_aBzeEC98EeSQPNUOoh7wVw"/>
              </semanticModel>
            </contained>
            <contained xsi:type="di:GraphNode" xmi:id="_oxeXgC98EeSQPNUOoh7wVw" position="127,126" size="94,28">
              <anchorage xmi:id="_Jd-p8C99EeSQPNUOoh7wVw" graphEdge="_Jd-p8S99EeSQPNUOoh7wVw _Sx0M0C99EeSQPNUOoh7wVw _lW9jAC99EeSQPNUOoh7wVw"/>
              <semanticModel xsi:type="di:EMFSemanticModelBridge" xmi:id="_oxeXgS98EeSQPNUOoh7wVw" presentation="default">
                <element href="crf_eshift.sysml#_oxxScC98EeSQPNUOoh7wVw"/>
              </semanticModel>
            </contained>
            <contained xsi:type="di:GraphEdge" xmi:id="_xIwykS98EeSQPNUOoh7wVw" anchor="_FkuLUC97EeSQPNUOoh7wVw _xIwykC98EeSQPNUOoh7wVw">
              <semanticModel xsi:type="di:EMFSemanticModelBridge" xmi:id="_xIwyki98EeSQPNUOoh7wVw" presentation="default">
                <element href="crf_eshift.sysml#_xIwylS98EeSQPNUOoh7wVw"/>
              </semanticModel>
              <contained xsi:type="di:EdgeObjectOffset" xmi:id="_xIwyky98EeSQPNUOoh7wVw" id="nameEdgeObject" offset="-55,-13"/>
              <contained xsi:type="di:EdgeObjectOffset" xmi:id="_xIwylC98EeSQPNUOoh7wVw" visible="false" id="TransitionStereotypeEdgeObject"/>
              <waypoints>[157, -4, 0, -74]</waypoints>
            </contained>
            <contained xsi:type="di:GraphEdge" xmi:id="_168IIS98EeSQPNUOoh7wVw" anchor="_FkuLUC97EeSQPNUOoh7wVw _168IIC98EeSQPNUOoh7wVw">
              <semanticModel xsi:type="di:EMFSemanticModelBridge" xmi:id="_168IIi98EeSQPNUOoh7wVw" presentation="default">
                <element href="crf_eshift.sysml#_168IJS98EeSQPNUOoh7wVw"/>
              </semanticModel>
              <contained xsi:type="di:EdgeObjectOffset" xmi:id="_168IIy98EeSQPNUOoh7wVw" id="nameEdgeObject" offset="50,-1"/>
              <contained xsi:type="di:EdgeObjectOffset" xmi:id="_168IJC98EeSQPNUOoh7wVw" visible="false" id="TransitionStereotypeEdgeObject"/>
              <waypoints>[24, 21, 29, -30]</waypoints>
            </contained>
            <contained xsi:type="di:GraphEdge" xmi:id="_5ej_4C98EeSQPNUOoh7wVw" anchor="_FkuLUC97EeSQPNUOoh7wVw _168IIC98EeSQPNUOoh7wVw">
              <semanticModel xsi:type="di:EMFSemanticModelBridge" xmi:id="_5ej_4S98EeSQPNUOoh7wVw" presentation="default">
                <element href="crf_eshift.sysml#_5ej_5C98EeSQPNUOoh7wVw"/>
              </semanticModel>
              <contained xsi:type="di:EdgeObjectOffset" xmi:id="_5ej_4i98EeSQPNUOoh7wVw" id="nameEdgeObject" offset="-50,0"/>
              <contained xsi:type="di:EdgeObjectOffset" xmi:id="_5ej_4y98EeSQPNUOoh7wVw" visible="false" id="TransitionStereotypeEdgeObject"/>
              <waypoints>[-20, 25, -15, -26]</waypoints>
            </contained>
            <contained xsi:type="di:GraphEdge" xmi:id="_Jd-p8S99EeSQPNUOoh7wVw" anchor="_168IIC98EeSQPNUOoh7wVw _Jd-p8C99EeSQPNUOoh7wVw">
              <semanticModel xsi:type="di:EMFSemanticModelBridge" xmi:id="_Jd-p8i99EeSQPNUOoh7wVw" presentation="default">
                <element href="crf_eshift.sysml#_Jd-p9S99EeSQPNUOoh7wVw"/>
              </semanticModel>
              <contained xsi:type="di:EdgeObjectOffset" xmi:id="_Jd-p8y99EeSQPNUOoh7wVw" id="nameEdgeObject" offset="-51,13"/>
              <contained xsi:type="di:EdgeObjectOffset" xmi:id="_Jd-p9C99EeSQPNUOoh7wVw" visible="false" id="TransitionStereotypeEdgeObject"/>
              <waypoints>[-167, -2, -26, -58]</waypoints>
            </contained>
            <contained xsi:type="di:GraphEdge" xmi:id="_Sx0M0C99EeSQPNUOoh7wVw" anchor="_168IIC98EeSQPNUOoh7wVw _Jd-p8C99EeSQPNUOoh7wVw">
              <semanticModel xsi:type="di:EMFSemanticModelBridge" xmi:id="_Sx0M0S99EeSQPNUOoh7wVw" presentation="default">
                <element href="crf_eshift.sysml#_Sx0M1C99EeSQPNUOoh7wVw"/>
              </semanticModel>
              <contained xsi:type="di:EdgeObjectOffset" xmi:id="_Sx0M0i99EeSQPNUOoh7wVw" id="nameEdgeObject" offset="-38,-12"/>
              <contained xsi:type="di:EdgeObjectOffset" xmi:id="_Sx0M0y99EeSQPNUOoh7wVw" visible="false" id="TransitionStereotypeEdgeObject"/>
            </contained>
            <contained xsi:type="di:GraphEdge" xmi:id="_V0Z0EC99EeSQPNUOoh7wVw" anchor="_168IIC98EeSQPNUOoh7wVw _xIwykC98EeSQPNUOoh7wVw">
              <semanticModel xsi:type="di:EMFSemanticModelBridge" xmi:id="_V0Z0ES99EeSQPNUOoh7wVw" presentation="default">
                <element href="crf_eshift.sysml#_V0Z0FC99EeSQPNUOoh7wVw"/>
              </semanticModel>
              <contained xsi:type="di:EdgeObjectOffset" xmi:id="_V0Z0Ei99EeSQPNUOoh7wVw" id="nameEdgeObject" offset="-12,14"/>
              <contained xsi:type="di:EdgeObjectOffset" xmi:id="_V0Z0Ey99EeSQPNUOoh7wVw" visible="false" id="TransitionStereotypeEdgeObject"/>
            </contained>
            <contained xsi:type="di:GraphEdge" xmi:id="_aDLhoS99EeSQPNUOoh7wVw" anchor="_xIwykC98EeSQPNUOoh7wVw _aDLhoC99EeSQPNUOoh7wVw">
              <semanticModel xsi:type="di:EMFSemanticModelBridge" xmi:id="_aDLhoi99EeSQPNUOoh7wVw" presentation="default">
                <element href="crf_eshift.sysml#_aDLhpS99EeSQPNUOoh7wVw"/>
              </semanticModel>
              <contained xsi:type="di:EdgeObjectOffset" xmi:id="_aDLhoy99EeSQPNUOoh7wVw" id="nameEdgeObject" offset="31,-2"/>
              <contained xsi:type="di:EdgeObjectOffset" xmi:id="_aDLhpC99EeSQPNUOoh7wVw" visible="false" id="TransitionStereotypeEdgeObject"/>
            </contained>
            <contained xsi:type="di:GraphEdge" xmi:id="_lW9jAC99EeSQPNUOoh7wVw" anchor="_Jd-p8C99EeSQPNUOoh7wVw _aDLhoC99EeSQPNUOoh7wVw">
              <semanticModel xsi:type="di:EMFSemanticModelBridge" xmi:id="_lW9jAS99EeSQPNUOoh7wVw" presentation="default">
                <element href="crf_eshift.sysml#_lW9jBC99EeSQPNUOoh7wVw"/>
              </semanticModel>
              <contained xsi:type="di:EdgeObjectOffset" xmi:id="_lW9jAi99EeSQPNUOoh7wVw" id="nameEdgeObject"/>
              <contained xsi:type="di:EdgeObjectOffset" xmi:id="_lW9jAy99EeSQPNUOoh7wVw" visible="false" id="TransitionStereotypeEdgeObject"/>
            </contained>
          </contained>
          <contained xsi:type="di:GraphNode" xmi:id="_NEoH4C96EeSQPNUOoh7wVw" position="231,83" size="-1,-1">
            <semanticModel xsi:type="di:EMFSemanticModelBridge" xmi:id="_NEoH4S96EeSQPNUOoh7wVw" presentation="default">
              <element href="crf_eshift.sysml#_NEoH4i96EeSQPNUOoh7wVw"/>
            </semanticModel>
            <contained xsi:type="di:GraphNode" xmi:id="_Z5apAC96EeSQPNUOoh7wVw" position="4,24" size="-1,-1">
              <property xmi:id="_Z5apAi96EeSQPNUOoh7wVw" key="name" value="visible"/>
              <anchorage xmi:id="_4INi4C96EeSQPNUOoh7wVw" graphEdge="_4INi4i96EeSQPNUOoh7wVw"/>
              <semanticModel xsi:type="di:EMFSemanticModelBridge" xmi:id="_Z5apAS96EeSQPNUOoh7wVw" presentation="default">
                <element href="crf_eshift.sysml#_Z5apAy96EeSQPNUOoh7wVw"/>
              </semanticModel>
            </contained>
            <contained xsi:type="di:GraphNode" xmi:id="_kJpisC96EeSQPNUOoh7wVw" position="148,6" size="85,93">
              <anchorage xmi:id="_4INi4S96EeSQPNUOoh7wVw" graphEdge="_4INi4i96EeSQPNUOoh7wVw _qHSJUS97EeSQPNUOoh7wVw _w6JkQC97EeSQPNUOoh7wVw _0lz9sC97EeSQPNUOoh7wVw"/>
              <semanticModel xsi:type="di:EMFSemanticModelBridge" xmi:id="_kJpisS96EeSQPNUOoh7wVw" presentation="default">
                <element href="crf_eshift.sysml#_kJzTsC96EeSQPNUOoh7wVw"/>
              </semanticModel>
            </contained>
            <contained xsi:type="di:GraphEdge" xmi:id="_4INi4i96EeSQPNUOoh7wVw" anchor="_4INi4C96EeSQPNUOoh7wVw _4INi4S96EeSQPNUOoh7wVw">
              <semanticModel xsi:type="di:EMFSemanticModelBridge" xmi:id="_4INi4y96EeSQPNUOoh7wVw" presentation="default">
                <element href="crf_eshift.sysml#_4INi5i96EeSQPNUOoh7wVw"/>
              </semanticModel>
              <contained xsi:type="di:EdgeObjectOffset" xmi:id="_4INi5C96EeSQPNUOoh7wVw" id="nameEdgeObject" offset="2,-12"/>
              <contained xsi:type="di:EdgeObjectOffset" xmi:id="_4INi5S96EeSQPNUOoh7wVw" visible="false" id="TransitionStereotypeEdgeObject"/>
            </contained>
            <contained xsi:type="di:GraphNode" xmi:id="_eT9sQC97EeSQPNUOoh7wVw" position="415,7" size="99,86">
              <anchorage xmi:id="_qHSJUC97EeSQPNUOoh7wVw" graphEdge="_qHSJUS97EeSQPNUOoh7wVw _w6JkQC97EeSQPNUOoh7wVw _0lz9sC97EeSQPNUOoh7wVw _yumZgDGhEeS9G6s6D2JrUA"/>
              <semanticModel xsi:type="di:EMFSemanticModelBridge" xmi:id="_eT9sQS97EeSQPNUOoh7wVw" presentation="default">
                <element href="crf_eshift.sysml#_eUQnMC97EeSQPNUOoh7wVw"/>
              </semanticModel>
            </contained>
            <contained xsi:type="di:GraphEdge" xmi:id="_qHSJUS97EeSQPNUOoh7wVw" anchor="_4INi4S96EeSQPNUOoh7wVw _qHSJUC97EeSQPNUOoh7wVw">
              <semanticModel xsi:type="di:EMFSemanticModelBridge" xmi:id="_qHSJUi97EeSQPNUOoh7wVw" presentation="default">
                <element href="crf_eshift.sysml#_qHSJVS97EeSQPNUOoh7wVw"/>
              </semanticModel>
              <contained xsi:type="di:EdgeObjectOffset" xmi:id="_qHSJUy97EeSQPNUOoh7wVw" id="nameEdgeObject" offset="-10,-14"/>
              <contained xsi:type="di:EdgeObjectOffset" xmi:id="_qHSJVC97EeSQPNUOoh7wVw" visible="false" id="TransitionStereotypeEdgeObject"/>
              <waypoints>[202, -27, -72, -25]</waypoints>
            </contained>
            <contained xsi:type="di:GraphEdge" xmi:id="_w6JkQC97EeSQPNUOoh7wVw" anchor="_4INi4S96EeSQPNUOoh7wVw _qHSJUC97EeSQPNUOoh7wVw">
              <semanticModel xsi:type="di:EMFSemanticModelBridge" xmi:id="_w6JkQS97EeSQPNUOoh7wVw" presentation="default">
                <element href="crf_eshift.sysml#_w6JkRC97EeSQPNUOoh7wVw"/>
              </semanticModel>
              <contained xsi:type="di:EdgeObjectOffset" xmi:id="_w6JkQi97EeSQPNUOoh7wVw" id="nameEdgeObject" offset="-12,-11"/>
              <contained xsi:type="di:EdgeObjectOffset" xmi:id="_w6JkQy97EeSQPNUOoh7wVw" visible="false" id="TransitionStereotypeEdgeObject"/>
              <waypoints>[182, 3, -92, 5]</waypoints>
            </contained>
            <contained xsi:type="di:GraphEdge" xmi:id="_0lz9sC97EeSQPNUOoh7wVw" anchor="_4INi4S96EeSQPNUOoh7wVw _qHSJUC97EeSQPNUOoh7wVw">
              <semanticModel xsi:type="di:EMFSemanticModelBridge" xmi:id="_0lz9sS97EeSQPNUOoh7wVw" presentation="default">
                <element href="crf_eshift.sysml#_0lz9tC97EeSQPNUOoh7wVw"/>
              </semanticModel>
              <contained xsi:type="di:EdgeObjectOffset" xmi:id="_0lz9si97EeSQPNUOoh7wVw" id="nameEdgeObject" offset="-16,-13"/>
              <contained xsi:type="di:EdgeObjectOffset" xmi:id="_0lz9sy97EeSQPNUOoh7wVw" visible="false" id="TransitionStereotypeEdgeObject"/>
              <waypoints>[191, 33, -83, 35]</waypoints>
            </contained>
          </contained>
          <contained xsi:type="di:GraphNode" xmi:id="_NeqYgC96EeSQPNUOoh7wVw" position="176,68" size="-1,-1">
            <semanticModel xsi:type="di:EMFSemanticModelBridge" xmi:id="_NeqYgS96EeSQPNUOoh7wVw" presentation="default">
              <element href="crf_eshift.sysml#_NeqYgi96EeSQPNUOoh7wVw"/>
            </semanticModel>
            <contained xsi:type="di:GraphNode" xmi:id="_bmw7oC96EeSQPNUOoh7wVw" position="1,26" size="-1,-1">
              <property xmi:id="_bmw7oi96EeSQPNUOoh7wVw" key="name" value="visible"/>
              <anchorage xmi:id="_6K1h8C96EeSQPNUOoh7wVw" graphEdge="_6K1h8i96EeSQPNUOoh7wVw"/>
              <semanticModel xsi:type="di:EMFSemanticModelBridge" xmi:id="_bmw7oS96EeSQPNUOoh7wVw" presentation="default">
                <element href="crf_eshift.sysml#_bmw7oy96EeSQPNUOoh7wVw"/>
              </semanticModel>
            </contained>
            <contained xsi:type="di:GraphNode" xmi:id="_mL-m0C96EeSQPNUOoh7wVw" position="143,7" size="85,90">
              <anchorage xmi:id="_6K1h8S96EeSQPNUOoh7wVw" graphEdge="_6K1h8i96EeSQPNUOoh7wVw _6rcfMC97EeSQPNUOoh7wVw _98LQIC97EeSQPNUOoh7wVw _DfvmYC98EeSQPNUOoh7wVw"/>
              <semanticModel xsi:type="di:EMFSemanticModelBridge" xmi:id="_mL-m0S96EeSQPNUOoh7wVw" presentation="default">
                <element href="crf_eshift.sysml#_mMIX0C96EeSQPNUOoh7wVw"/>
              </semanticModel>
            </contained>
            <contained xsi:type="di:GraphEdge" xmi:id="_6K1h8i96EeSQPNUOoh7wVw" anchor="_6K1h8C96EeSQPNUOoh7wVw _6K1h8S96EeSQPNUOoh7wVw">
              <semanticModel xsi:type="di:EMFSemanticModelBridge" xmi:id="_6K1h8y96EeSQPNUOoh7wVw" presentation="default">
                <element href="crf_eshift.sysml#_6K1h9i96EeSQPNUOoh7wVw"/>
              </semanticModel>
              <contained xsi:type="di:EdgeObjectOffset" xmi:id="_6K1h9C96EeSQPNUOoh7wVw" id="nameEdgeObject" offset="0,-13"/>
              <contained xsi:type="di:EdgeObjectOffset" xmi:id="_6K1h9S96EeSQPNUOoh7wVw" visible="false" id="TransitionStereotypeEdgeObject"/>
            </contained>
            <contained xsi:type="di:GraphNode" xmi:id="_jVUGQC97EeSQPNUOoh7wVw" position="420,9" size="96,94">
              <anchorage xmi:id="_6rTVQC97EeSQPNUOoh7wVw" graphEdge="_6rcfMC97EeSQPNUOoh7wVw _98LQIC97EeSQPNUOoh7wVw _DfvmYC98EeSQPNUOoh7wVw _v3m-QTGhEeS9G6s6D2JrUA"/>
              <semanticModel xsi:type="di:EMFSemanticModelBridge" xmi:id="_jVUGQS97EeSQPNUOoh7wVw" presentation="default">
                <element href="crf_eshift.sysml#_jVnBMC97EeSQPNUOoh7wVw"/>
              </semanticModel>
            </contained>
            <contained xsi:type="di:GraphEdge" xmi:id="_6rcfMC97EeSQPNUOoh7wVw" anchor="_6K1h8S96EeSQPNUOoh7wVw _6rTVQC97EeSQPNUOoh7wVw">
              <semanticModel xsi:type="di:EMFSemanticModelBridge" xmi:id="_6rcfMS97EeSQPNUOoh7wVw" presentation="default">
                <element href="crf_eshift.sysml#_6rcfNC97EeSQPNUOoh7wVw"/>
              </semanticModel>
              <contained xsi:type="di:EdgeObjectOffset" xmi:id="_6rcfMi97EeSQPNUOoh7wVw" id="nameEdgeObject" offset="-5,-14"/>
              <contained xsi:type="di:EdgeObjectOffset" xmi:id="_6rcfMy97EeSQPNUOoh7wVw" visible="false" id="TransitionStereotypeEdgeObject"/>
              <waypoints>[198, -25, -85, -29]</waypoints>
            </contained>
            <contained xsi:type="di:GraphEdge" xmi:id="_98LQIC97EeSQPNUOoh7wVw" anchor="_6K1h8S96EeSQPNUOoh7wVw _6rTVQC97EeSQPNUOoh7wVw">
              <semanticModel xsi:type="di:EMFSemanticModelBridge" xmi:id="_98LQIS97EeSQPNUOoh7wVw" presentation="default">
                <element href="crf_eshift.sysml#_98LQJC97EeSQPNUOoh7wVw"/>
              </semanticModel>
              <contained xsi:type="di:EdgeObjectOffset" xmi:id="_98LQIi97EeSQPNUOoh7wVw" id="nameEdgeObject" offset="-3,-12"/>
              <contained xsi:type="di:EdgeObjectOffset" xmi:id="_98LQIy97EeSQPNUOoh7wVw" visible="false" id="TransitionStereotypeEdgeObject"/>
            </contained>
            <contained xsi:type="di:GraphEdge" xmi:id="_DfvmYC98EeSQPNUOoh7wVw" anchor="_6K1h8S96EeSQPNUOoh7wVw _6rTVQC97EeSQPNUOoh7wVw">
              <semanticModel xsi:type="di:EMFSemanticModelBridge" xmi:id="_DfvmYS98EeSQPNUOoh7wVw" presentation="default">
                <element href="crf_eshift.sysml#_DfvmZC98EeSQPNUOoh7wVw"/>
              </semanticModel>
              <contained xsi:type="di:EdgeObjectOffset" xmi:id="_DfvmYi98EeSQPNUOoh7wVw" id="nameEdgeObject" offset="-14,-12"/>
              <contained xsi:type="di:EdgeObjectOffset" xmi:id="_DfvmYy98EeSQPNUOoh7wVw" visible="false" id="TransitionStereotypeEdgeObject"/>
              <waypoints>[212, 29, -71, 25]</waypoints>
            </contained>
          </contained>
        </contained>
        <contained xsi:type="di:GraphEdge" xmi:id="_R3GYYi96EeSQPNUOoh7wVw" anchor="_R3GYYC96EeSQPNUOoh7wVw _R3GYYS96EeSQPNUOoh7wVw">
          <semanticModel xsi:type="di:EMFSemanticModelBridge" xmi:id="_R3GYYy96EeSQPNUOoh7wVw" presentation="default">
            <element href="crf_eshift.sysml#_R3GYZi96EeSQPNUOoh7wVw"/>
          </semanticModel>
          <contained xsi:type="di:EdgeObjectOffset" xmi:id="_R3GYZC96EeSQPNUOoh7wVw" id="nameEdgeObject"/>
          <contained xsi:type="di:EdgeObjectOffset" xmi:id="_R3GYZS96EeSQPNUOoh7wVw" visible="false" id="TransitionStereotypeEdgeObject"/>
        </contained>
        <contained xsi:type="di:GraphNode" xmi:id="_u5RtwDGhEeS9G6s6D2JrUA" position="597,585" size="10,50">
          <anchorage xmi:id="_v3m-QDGhEeS9G6s6D2JrUA" graphEdge="_v3m-QTGhEeS9G6s6D2JrUA _yumZgDGhEeS9G6s6D2JrUA _1M5n8DGhEeS9G6s6D2JrUA _5OIBsDGhEeS9G6s6D2JrUA"/>
          <semanticModel xsi:type="di:EMFSemanticModelBridge" xmi:id="_u5RtwTGhEeS9G6s6D2JrUA" presentation="default">
            <element href="crf_eshift.sysml#_u5a3sDGhEeS9G6s6D2JrUA"/>
          </semanticModel>
        </contained>
        <contained xsi:type="di:GraphEdge" xmi:id="_v3m-QTGhEeS9G6s6D2JrUA" anchor="_6rTVQC97EeSQPNUOoh7wVw _v3m-QDGhEeS9G6s6D2JrUA">
          <semanticModel xsi:type="di:EMFSemanticModelBridge" xmi:id="_v3m-QjGhEeS9G6s6D2JrUA" presentation="default">
            <element href="crf_eshift.sysml#_v3m-RTGhEeS9G6s6D2JrUA"/>
          </semanticModel>
          <contained xsi:type="di:EdgeObjectOffset" xmi:id="_v3m-QzGhEeS9G6s6D2JrUA" id="nameEdgeObject"/>
          <contained xsi:type="di:EdgeObjectOffset" xmi:id="_v3m-RDGhEeS9G6s6D2JrUA" visible="false" id="TransitionStereotypeEdgeObject"/>
          <waypoints>[99, 0, 109, -182]</waypoints>
          <waypoints>[99, 164, 109, -18]</waypoints>
        </contained>
        <contained xsi:type="di:GraphEdge" xmi:id="_yumZgDGhEeS9G6s6D2JrUA" anchor="_qHSJUC97EeSQPNUOoh7wVw _v3m-QDGhEeS9G6s6D2JrUA">
          <semanticModel xsi:type="di:EMFSemanticModelBridge" xmi:id="_yumZgTGhEeS9G6s6D2JrUA" presentation="default">
            <element href="crf_eshift.sysml#_yumZhDGhEeS9G6s6D2JrUA"/>
          </semanticModel>
          <contained xsi:type="di:EdgeObjectOffset" xmi:id="_yumZgjGhEeS9G6s6D2JrUA" id="nameEdgeObject"/>
          <contained xsi:type="di:EdgeObjectOffset" xmi:id="_yumZgzGhEeS9G6s6D2JrUA" visible="false" id="TransitionStereotypeEdgeObject"/>
          <waypoints>[128, 0, 134, -351]</waypoints>
          <waypoints>[128, 351, 134, 0]</waypoints>
        </contained>
        <contained xsi:type="di:GraphEdge" xmi:id="_1M5n8DGhEeS9G6s6D2JrUA" anchor="_aDLhoC99EeSQPNUOoh7wVw _v3m-QDGhEeS9G6s6D2JrUA">
          <semanticModel xsi:type="di:EMFSemanticModelBridge" xmi:id="_1M5n8TGhEeS9G6s6D2JrUA" presentation="default">
            <element href="crf_eshift.sysml#_1M5n9DGhEeS9G6s6D2JrUA"/>
          </semanticModel>
          <contained xsi:type="di:EdgeObjectOffset" xmi:id="_1M5n8jGhEeS9G6s6D2JrUA" id="nameEdgeObject" offset="-23,-197"/>
          <contained xsi:type="di:EdgeObjectOffset" xmi:id="_1M5n8zGhEeS9G6s6D2JrUA" visible="false" id="TransitionStereotypeEdgeObject"/>
          <waypoints>[132, 0, 153, -420]</waypoints>
          <waypoints>[132, 438, 153, 18]</waypoints>
        </contained>
        <contained xsi:type="di:GraphEdge" xmi:id="_5OIBsDGhEeS9G6s6D2JrUA" anchor="_v3m-QDGhEeS9G6s6D2JrUA _R3GYYS96EeSQPNUOoh7wVw">
          <semanticModel xsi:type="di:EMFSemanticModelBridge" xmi:id="_5OIBsTGhEeS9G6s6D2JrUA" presentation="default">
            <element href="crf_eshift.sysml#_5OIBtDGhEeS9G6s6D2JrUA"/>
          </semanticModel>
          <contained xsi:type="di:EdgeObjectOffset" xmi:id="_5OIBsjGhEeS9G6s6D2JrUA" id="nameEdgeObject"/>
          <contained xsi:type="di:EdgeObjectOffset" xmi:id="_5OIBszGhEeS9G6s6D2JrUA" visible="false" id="TransitionStereotypeEdgeObject"/>
          <waypoints>[-95, -1, 91, 333]</waypoints>
        </contained>
      </contained>
    </diagrams>