<?xml version="1.0" encoding="UTF-8"?><diagrams xmlns:xmi="http://www.omg.org/XMI" xmlns:xsi="http://www.w3.org/2001/XMLSchema-instance" xmlns:di="http://www.topcased.org/DI/1.0" xmlns:diagrams="http://www.topcased.org/Diagrams/1.0" xmi:id="__XdRMzAREeSh9bjSiMhpxA" position="0,0" size="100,100" name="TSR4" viewport="0,0">
      <property xmi:id="__YpkAjAREeSh9bjSiMhpxA" key="pageFormatName" value="A4"/>
      <property xmi:id="__YpkAzAREeSh9bjSiMhpxA" key="diagramWidth" value="840"/>
      <property xmi:id="__YpkBDAREeSh9bjSiMhpxA" key="diagramHeight" value="1188"/>
      <property xmi:id="__YpkBTAREeSh9bjSiMhpxA" key="pageMarginName" value="Small Margin"/>
      <property xmi:id="__YpkBjAREeSh9bjSiMhpxA" key="diagramTopMargin" value="20"/>
      <property xmi:id="__YpkBzAREeSh9bjSiMhpxA" key="diagramBottomMargin" value="20"/>
      <property xmi:id="__YpkCDAREeSh9bjSiMhpxA" key="diagramLeftMargin" value="20"/>
      <property xmi:id="__YpkCTAREeSh9bjSiMhpxA" key="diagramRightMargin" value="20"/>
      <property xmi:id="__YpkCjAREeSh9bjSiMhpxA" key="orientation" value="portrait"/>
      <semanticModel xsi:type="di:EMFSemanticModelBridge" xmi:id="__XdRNDAREeSh9bjSiMhpxA" presentation="org.topcased.modeler.sysml.statemachinediagram">
        <element href="crf_eshift.sysml#__XdRMDAREeSh9bjSiMhpxA"/>
      </semanticModel>
      <contained xsi:type="di:GraphNode" xmi:id="__YpkADAREeSh9bjSiMhpxA" size="-1,-1">
        <semanticModel xsi:type="di:EMFSemanticModelBridge" xmi:id="__YpkATAREeSh9bjSiMhpxA" presentation="default">
          <element href="crf_eshift.sysml#__XdRMTAREeSh9bjSiMhpxA"/>
        </semanticModel>
        <contained xsi:type="di:GraphNode" xmi:id="_AQvCkDASEeSh9bjSiMhpxA" position="96,86" size="-1,-1">
          <property xmi:id="_AQvCkjASEeSh9bjSiMhpxA" key="name" value="visible"/>
          <anchorage xmi:id="_bWGGUDASEeSh9bjSiMhpxA" graphEdge="_bWGGUTASEeSh9bjSiMhpxA"/>
          <semanticModel xsi:type="di:EMFSemanticModelBridge" xmi:id="_AQvCkTASEeSh9bjSiMhpxA" presentation="default">
            <element href="crf_eshift.sysml#_AQvCkzASEeSh9bjSiMhpxA"/>
          </semanticModel>
        </contained>
        <contained xsi:type="di:GraphNode" xmi:id="_DqZGADASEeSh9bjSiMhpxA" position="216,74" size="76,69">
          <anchorage xmi:id="_PhSbgDASEeSh9bjSiMhpxA" graphEdge="_PhSbgjASEeSh9bjSiMhpxA _VKNy4DASEeSh9bjSiMhpxA _bWGGUTASEeSh9bjSiMhpxA _jnSgcTASEeSh9bjSiMhpxA _2Wi04DASEeSh9bjSiMhpxA"/>
          <anchorage xmi:id="_jnSgcDASEeSh9bjSiMhpxA" graphEdge="_jnSgcTASEeSh9bjSiMhpxA _2Wi04DASEeSh9bjSiMhpxA"/>
          <semanticModel xsi:type="di:EMFSemanticModelBridge" xmi:id="_DqZGATASEeSh9bjSiMhpxA" presentation="default">
            <element href="crf_eshift.sysml#_DqZGAjASEeSh9bjSiMhpxA"/>
          </semanticModel>
        </contained>
        <contained xsi:type="di:GraphNode" xmi:id="_EtycsDASEeSh9bjSiMhpxA" position="576,70" size="74,74">
          <anchorage xmi:id="_PhSbgTASEeSh9bjSiMhpxA" graphEdge="_PhSbgjASEeSh9bjSiMhpxA _VKNy4DASEeSh9bjSiMhpxA _zJ1oUTASEeSh9bjSiMhpxA _R4x2gDBCEeSnocBZhT3NBQ"/>
          <anchorage xmi:id="_zJ1oUDASEeSh9bjSiMhpxA" graphEdge="_zJ1oUTASEeSh9bjSiMhpxA _R4x2gDBCEeSnocBZhT3NBQ"/>
          <semanticModel xsi:type="di:EMFSemanticModelBridge" xmi:id="_EtycsTASEeSh9bjSiMhpxA" presentation="default">
            <element href="crf_eshift.sysml#_Et8NsDASEeSh9bjSiMhpxA"/>
          </semanticModel>
        </contained>
        <contained xsi:type="di:GraphEdge" xmi:id="_PhSbgjASEeSh9bjSiMhpxA" anchor="_PhSbgDASEeSh9bjSiMhpxA _PhSbgTASEeSh9bjSiMhpxA">
          <semanticModel xsi:type="di:EMFSemanticModelBridge" xmi:id="_PhSbgzASEeSh9bjSiMhpxA" presentation="default">
            <element href="crf_eshift.sysml#_PhSbhjASEeSh9bjSiMhpxA"/>
          </semanticModel>
          <contained xsi:type="di:EdgeObjectOffset" xmi:id="_PhSbhDASEeSh9bjSiMhpxA" id="nameEdgeObject" offset="4,-15"/>
          <contained xsi:type="di:EdgeObjectOffset" xmi:id="_PhSbhTASEeSh9bjSiMhpxA" visible="false" id="TransitionStereotypeEdgeObject"/>
          <waypoints>[236, -20, -123, -19]</waypoints>
        </contained>
        <contained xsi:type="di:GraphEdge" xmi:id="_VKNy4DASEeSh9bjSiMhpxA" anchor="_PhSbgTASEeSh9bjSiMhpxA _PhSbgDASEeSh9bjSiMhpxA">
          <semanticModel xsi:type="di:EMFSemanticModelBridge" xmi:id="_VKNy4TASEeSh9bjSiMhpxA" presentation="default">
            <element href="crf_eshift.sysml#_VKNy5DASEeSh9bjSiMhpxA"/>
          </semanticModel>
          <contained xsi:type="di:EdgeObjectOffset" xmi:id="_VKNy4jASEeSh9bjSiMhpxA" id="nameEdgeObject" offset="0,-11"/>
          <contained xsi:type="di:EdgeObjectOffset" xmi:id="_VKNy4zASEeSh9bjSiMhpxA" visible="false" id="TransitionStereotypeEdgeObject"/>
          <waypoints>[-168, 11, 191, 10]</waypoints>
        </contained>
        <contained xsi:type="di:GraphEdge" xmi:id="_bWGGUTASEeSh9bjSiMhpxA" anchor="_bWGGUDASEeSh9bjSiMhpxA _PhSbgDASEeSh9bjSiMhpxA">
          <semanticModel xsi:type="di:EMFSemanticModelBridge" xmi:id="_bWGGUjASEeSh9bjSiMhpxA" presentation="default">
            <element href="crf_eshift.sysml#_bWGGVTASEeSh9bjSiMhpxA"/>
          </semanticModel>
          <contained xsi:type="di:EdgeObjectOffset" xmi:id="_bWGGUzASEeSh9bjSiMhpxA" id="nameEdgeObject"/>
          <contained xsi:type="di:EdgeObjectOffset" xmi:id="_bWGGVDASEeSh9bjSiMhpxA" visible="false" id="TransitionStereotypeEdgeObject"/>
        </contained>
        <contained xsi:type="di:GraphEdge" xmi:id="_jnSgcTASEeSh9bjSiMhpxA" anchor="_PhSbgDASEeSh9bjSiMhpxA _jnSgcDASEeSh9bjSiMhpxA">
          <semanticModel xsi:type="di:EMFSemanticModelBridge" xmi:id="_jnSgcjASEeSh9bjSiMhpxA" presentation="default">
            <element href="crf_eshift.sysml#_jnSgdTASEeSh9bjSiMhpxA"/>
          </semanticModel>
          <contained xsi:type="di:EdgeObjectOffset" xmi:id="_jnSgczASEeSh9bjSiMhpxA" id="nameEdgeObject" offset="-40,14"/>
          <contained xsi:type="di:EdgeObjectOffset" xmi:id="_jnSgdDASEeSh9bjSiMhpxA" visible="false" id="TransitionStereotypeEdgeObject"/>
          <waypoints>[58, 28, 58, 28]</waypoints>
          <waypoints>[58, 68, 58, 68]</waypoints>
          <waypoints>[-4, 68, -4, 68]</waypoints>
        </contained>
        <contained xsi:type="di:GraphEdge" xmi:id="_zJ1oUTASEeSh9bjSiMhpxA" anchor="_PhSbgTASEeSh9bjSiMhpxA _zJ1oUDASEeSh9bjSiMhpxA">
          <semanticModel xsi:type="di:EMFSemanticModelBridge" xmi:id="_zJ1oUjASEeSh9bjSiMhpxA" presentation="default">
            <element href="crf_eshift.sysml#_zJ1oVTASEeSh9bjSiMhpxA"/>
          </semanticModel>
          <contained xsi:type="di:EdgeObjectOffset" xmi:id="_zJ1oUzASEeSh9bjSiMhpxA" id="nameEdgeObject" offset="-41,16"/>
          <contained xsi:type="di:EdgeObjectOffset" xmi:id="_zJ1oVDASEeSh9bjSiMhpxA" visible="false" id="TransitionStereotypeEdgeObject"/>
          <waypoints>[62, 18, 62, 18]</waypoints>
          <waypoints>[62, 65, 62, 65]</waypoints>
          <waypoints>[4, 65, 4, 65]</waypoints>
        </contained>
        <contained xsi:type="di:GraphEdge" xmi:id="_2Wi04DASEeSh9bjSiMhpxA" anchor="_PhSbgDASEeSh9bjSiMhpxA _jnSgcDASEeSh9bjSiMhpxA">
          <semanticModel xsi:type="di:EMFSemanticModelBridge" xmi:id="_2Wi04TASEeSh9bjSiMhpxA" presentation="default">
            <element href="crf_eshift.sysml#_2Wi05DASEeSh9bjSiMhpxA"/>
          </semanticModel>
          <contained xsi:type="di:EdgeObjectOffset" xmi:id="_2Wi04jASEeSh9bjSiMhpxA" id="nameEdgeObject" offset="16,-14"/>
          <contained xsi:type="di:EdgeObjectOffset" xmi:id="_2Wi04zASEeSh9bjSiMhpxA" visible="false" id="TransitionStereotypeEdgeObject"/>
          <waypoints>[13, -54, 13, -54]</waypoints>
          <waypoints>[-23, -54, -23, -54]</waypoints>
        </contained>
        <contained xsi:type="di:GraphEdge" xmi:id="_R4x2gDBCEeSnocBZhT3NBQ" anchor="_PhSbgTASEeSh9bjSiMhpxA _zJ1oUDASEeSh9bjSiMhpxA">
          <semanticModel xsi:type="di:EMFSemanticModelBridge" xmi:id="_R4x2gTBCEeSnocBZhT3NBQ" presentation="default">
            <element href="crf_eshift.sysml#_R4x2hDBCEeSnocBZhT3NBQ"/>
          </semanticModel>
          <contained xsi:type="di:EdgeObjectOffset" xmi:id="_R4x2gjBCEeSnocBZhT3NBQ" id="nameEdgeObject" offset="0,-14"/>
          <contained xsi:type="di:EdgeObjectOffset" xmi:id="_R4x2gzBCEeSnocBZhT3NBQ" visible="false" id="TransitionStereotypeEdgeObject"/>
          <waypoints>[12, -54, 12, -54]</waypoints>
          <waypoints>[-18, -54, -18, -54]</waypoints>
        </contained>
      </contained>
    </diagrams>