<?xml version="1.0" encoding="UTF-8"?><diagrams xmlns:xmi="http://www.omg.org/XMI" xmlns:xsi="http://www.w3.org/2001/XMLSchema-instance" xmlns:di="http://www.topcased.org/DI/1.0" xmlns:diagrams="http://www.topcased.org/Diagrams/1.0" xmi:id="_qzst8QhsEeSieplcCwJJ4Q" position="0,0" size="100,100" name="FSR6" viewport="0,0">
      <property xmi:id="_q0vPwghsEeSieplcCwJJ4Q" key="pageFormatName" value="A4"/>
      <property xmi:id="_q0vPwwhsEeSieplcCwJJ4Q" key="diagramWidth" value="840"/>
      <property xmi:id="_q0vPxAhsEeSieplcCwJJ4Q" key="diagramHeight" value="1188"/>
      <property xmi:id="_q0vPxQhsEeSieplcCwJJ4Q" key="pageMarginName" value="Small Margin"/>
      <property xmi:id="_q0vPxghsEeSieplcCwJJ4Q" key="diagramTopMargin" value="20"/>
      <property xmi:id="_q0vPxwhsEeSieplcCwJJ4Q" key="diagramBottomMargin" value="20"/>
      <property xmi:id="_q0vPyAhsEeSieplcCwJJ4Q" key="diagramLeftMargin" value="20"/>
      <property xmi:id="_q0vPyQhsEeSieplcCwJJ4Q" key="diagramRightMargin" value="20"/>
      <property xmi:id="_q0vPyghsEeSieplcCwJJ4Q" key="orientation" value="portrait"/>
      <semanticModel xsi:type="di:EMFSemanticModelBridge" xmi:id="_qzst8ghsEeSieplcCwJJ4Q" presentation="org.topcased.modeler.sysml.statemachinediagram">
        <element href="crf_eshift.sysml#_qzi88AhsEeSieplcCwJJ4Q"/>
      </semanticModel>
      <contained xsi:type="di:GraphNode" xmi:id="_q0vPwAhsEeSieplcCwJJ4Q" size="-1,-1">
        <semanticModel xsi:type="di:EMFSemanticModelBridge" xmi:id="_q0vPwQhsEeSieplcCwJJ4Q" presentation="default">
          <element href="crf_eshift.sysml#_qzi88QhsEeSieplcCwJJ4Q"/>
        </semanticModel>
        <contained xsi:type="di:GraphNode" xmi:id="_wqKLAAhsEeSieplcCwJJ4Q" position="155,22" size="129,46">
          <anchorage xmi:id="_CHmSQAhtEeSieplcCwJJ4Q" graphEdge="_CHvcMAhtEeSieplcCwJJ4Q _IanvgQhtEeSieplcCwJJ4Q _4BYlUQhuEeSieplcCwJJ4Q _vy5rgQhvEeSieplcCwJJ4Q"/>
          <anchorage xmi:id="_4BYlUAhuEeSieplcCwJJ4Q" graphEdge="_4BYlUQhuEeSieplcCwJJ4Q"/>
          <semanticModel xsi:type="di:EMFSemanticModelBridge" xmi:id="_wqKLAQhsEeSieplcCwJJ4Q" presentation="default">
            <element href="crf_eshift.sysml#_wqdF8AhsEeSieplcCwJJ4Q"/>
          </semanticModel>
        </contained>
        <contained xsi:type="di:GraphNode" xmi:id="_zz48EAhsEeSieplcCwJJ4Q" position="432,18" size="140,50">
          <anchorage xmi:id="_CHmSQQhtEeSieplcCwJJ4Q" graphEdge="_CHvcMAhtEeSieplcCwJJ4Q _rJTVEAhtEeSieplcCwJJ4Q _xgybkAhtEeSieplcCwJJ4Q _3kMIcAhtEeSieplcCwJJ4Q _r_x0oQhuEeSieplcCwJJ4Q _nzbTgAhvEeSieplcCwJJ4Q"/>
          <anchorage xmi:id="_r_x0oAhuEeSieplcCwJJ4Q" graphEdge="_r_x0oQhuEeSieplcCwJJ4Q _nzbTgAhvEeSieplcCwJJ4Q"/>
          <semanticModel xsi:type="di:EMFSemanticModelBridge" xmi:id="_zz48EQhsEeSieplcCwJJ4Q" presentation="default">
            <element href="crf_eshift.sysml#_zz48EghsEeSieplcCwJJ4Q"/>
          </semanticModel>
        </contained>
        <contained xsi:type="di:GraphNode" xmi:id="_5ZsuAAhsEeSieplcCwJJ4Q" position="66,191" size="286,50">
          <anchorage xmi:id="_IanvgAhtEeSieplcCwJJ4Q" graphEdge="_IanvgQhtEeSieplcCwJJ4Q _rJTVEAhtEeSieplcCwJJ4Q _NOnNgAhuEeSieplcCwJJ4Q _C9qFoQhvEeSieplcCwJJ4Q _QlB6QAhvEeSieplcCwJJ4Q _3kMIcAhtEeSieplcCwJJ4Q _D0h4sAhuEeSieplcCwJJ4Q _xgybkAhtEeSieplcCwJJ4Q"/>
          <anchorage xmi:id="_C9qFoAhvEeSieplcCwJJ4Q" graphEdge="_C9qFoQhvEeSieplcCwJJ4Q _QlB6QAhvEeSieplcCwJJ4Q _NOnNgAhuEeSieplcCwJJ4Q _D0h4sAhuEeSieplcCwJJ4Q"/>
          <semanticModel xsi:type="di:EMFSemanticModelBridge" xmi:id="_5ZsuAQhsEeSieplcCwJJ4Q" presentation="default">
            <element href="crf_eshift.sysml#_5Z138AhsEeSieplcCwJJ4Q"/>
          </semanticModel>
        </contained>
        <contained xsi:type="di:GraphEdge" xmi:id="_CHvcMAhtEeSieplcCwJJ4Q" anchor="_CHmSQAhtEeSieplcCwJJ4Q _CHmSQQhtEeSieplcCwJJ4Q">
          <semanticModel xsi:type="di:EMFSemanticModelBridge" xmi:id="_CHvcMQhtEeSieplcCwJJ4Q" presentation="default">
            <element href="crf_eshift.sysml#_CHvcNAhtEeSieplcCwJJ4Q"/>
          </semanticModel>
          <contained xsi:type="di:EdgeObjectOffset" xmi:id="_CHvcMghtEeSieplcCwJJ4Q" id="nameEdgeObject" offset="-2,-12"/>
          <contained xsi:type="di:EdgeObjectOffset" xmi:id="_CHvcMwhtEeSieplcCwJJ4Q" visible="false" id="TransitionStereotypeEdgeObject"/>
          <waypoints>[161, 7, -122, 9]</waypoints>
        </contained>
        <contained xsi:type="di:GraphEdge" xmi:id="_IanvgQhtEeSieplcCwJJ4Q" anchor="_IanvgAhtEeSieplcCwJJ4Q _CHmSQAhtEeSieplcCwJJ4Q">
          <property xmi:id="_MXFlEAhtEeSieplcCwJJ4Q" key="router" value="Oblique"/>
          <semanticModel xsi:type="di:EMFSemanticModelBridge" xmi:id="_IanvgghtEeSieplcCwJJ4Q" presentation="default">
            <element href="crf_eshift.sysml#_IanvhQhtEeSieplcCwJJ4Q"/>
          </semanticModel>
          <contained xsi:type="di:EdgeObjectOffset" xmi:id="_IanvgwhtEeSieplcCwJJ4Q" id="nameEdgeObject" offset="-23,-5"/>
          <contained xsi:type="di:EdgeObjectOffset" xmi:id="_IanvhAhtEeSieplcCwJJ4Q" visible="false" id="TransitionStereotypeEdgeObject"/>
        </contained>
        <contained xsi:type="di:GraphEdge" xmi:id="_rJTVEAhtEeSieplcCwJJ4Q" anchor="_CHmSQQhtEeSieplcCwJJ4Q _IanvgAhtEeSieplcCwJJ4Q">
          <property xmi:id="_skDb0AhtEeSieplcCwJJ4Q" key="router" value="Rectilinear"/>
          <semanticModel xsi:type="di:EMFSemanticModelBridge" xmi:id="_rJTVEQhtEeSieplcCwJJ4Q" presentation="default">
            <element href="crf_eshift.sysml#_rJTVFAhtEeSieplcCwJJ4Q"/>
          </semanticModel>
          <contained xsi:type="di:EdgeObjectOffset" xmi:id="_rJTVEghtEeSieplcCwJJ4Q" id="nameEdgeObject" offset="44,-15"/>
          <contained xsi:type="di:EdgeObjectOffset" xmi:id="_rJTVEwhtEeSieplcCwJJ4Q" visible="false" id="TransitionStereotypeEdgeObject"/>
          <waypoints>[20, 222, 313, 49]</waypoints>
          <waypoints>[-198, 222, 95, 49]</waypoints>
        </contained>
        <contained xsi:type="di:GraphEdge" xmi:id="_xgybkAhtEeSieplcCwJJ4Q" anchor="_CHmSQQhtEeSieplcCwJJ4Q _IanvgAhtEeSieplcCwJJ4Q">
          <property xmi:id="_0qORsAhtEeSieplcCwJJ4Q" key="router" value="Rectilinear"/>
          <semanticModel xsi:type="di:EMFSemanticModelBridge" xmi:id="_xgybkQhtEeSieplcCwJJ4Q" presentation="default">
            <element href="crf_eshift.sysml#_xgyblAhtEeSieplcCwJJ4Q"/>
          </semanticModel>
          <contained xsi:type="di:EdgeObjectOffset" xmi:id="_xgybkghtEeSieplcCwJJ4Q" id="nameEdgeObject" offset="29,-16"/>
          <contained xsi:type="di:EdgeObjectOffset" xmi:id="_xgybkwhtEeSieplcCwJJ4Q" visible="false" id="TransitionStereotypeEdgeObject"/>
          <waypoints>[-43, 103, 250, -70]</waypoints>
          <waypoints>[-197, 103, 96, -70]</waypoints>
        </contained>
        <contained xsi:type="di:GraphEdge" xmi:id="_3kMIcAhtEeSieplcCwJJ4Q" anchor="_CHmSQQhtEeSieplcCwJJ4Q _IanvgAhtEeSieplcCwJJ4Q">
          <property xmi:id="_6KhRgAhtEeSieplcCwJJ4Q" key="router" value="Rectilinear"/>
          <semanticModel xsi:type="di:EMFSemanticModelBridge" xmi:id="_3kMIcQhtEeSieplcCwJJ4Q" presentation="default">
            <element href="crf_eshift.sysml#_3kMIdAhtEeSieplcCwJJ4Q"/>
          </semanticModel>
          <contained xsi:type="di:EdgeObjectOffset" xmi:id="_3kMIcghtEeSieplcCwJJ4Q" id="nameEdgeObject" offset="-25,-18"/>
          <contained xsi:type="di:EdgeObjectOffset" xmi:id="_3kMIcwhtEeSieplcCwJJ4Q" visible="false" id="TransitionStereotypeEdgeObject"/>
          <waypoints>[-12, 172, 281, -1]</waypoints>
        </contained>
        <contained xsi:type="di:GraphEdge" xmi:id="_D0h4sAhuEeSieplcCwJJ4Q" anchor="_IanvgAhtEeSieplcCwJJ4Q _C9qFoAhvEeSieplcCwJJ4Q">
          <semanticModel xsi:type="di:EMFSemanticModelBridge" xmi:id="_D0h4sQhuEeSieplcCwJJ4Q" presentation="default">
            <element href="crf_eshift.sysml#_D0h4tAhuEeSieplcCwJJ4Q"/>
          </semanticModel>
          <contained xsi:type="di:EdgeObjectOffset" xmi:id="_D0h4sghuEeSieplcCwJJ4Q" id="nameEdgeObject" offset="1,16"/>
          <contained xsi:type="di:EdgeObjectOffset" xmi:id="_D0h4swhuEeSieplcCwJJ4Q" visible="false" id="TransitionStereotypeEdgeObject"/>
          <waypoints>[26, 46, 26, 46]</waypoints>
          <waypoints>[50, 46, 50, 46]</waypoints>
        </contained>
        <contained xsi:type="di:GraphEdge" xmi:id="_NOnNgAhuEeSieplcCwJJ4Q" anchor="_IanvgAhtEeSieplcCwJJ4Q _C9qFoAhvEeSieplcCwJJ4Q">
          <semanticModel xsi:type="di:EMFSemanticModelBridge" xmi:id="_NOnNgQhuEeSieplcCwJJ4Q" presentation="default">
            <element href="crf_eshift.sysml#_NOnNhAhuEeSieplcCwJJ4Q"/>
          </semanticModel>
          <contained xsi:type="di:EdgeObjectOffset" xmi:id="_NOnNgghuEeSieplcCwJJ4Q" id="nameEdgeObject" offset="0,16"/>
          <contained xsi:type="di:EdgeObjectOffset" xmi:id="_NOnNgwhuEeSieplcCwJJ4Q" visible="false" id="TransitionStereotypeEdgeObject"/>
          <waypoints>[-41, 44, -41, 44]</waypoints>
          <waypoints>[-10, 44, -10, 44]</waypoints>
        </contained>
        <contained xsi:type="di:GraphEdge" xmi:id="_r_x0oQhuEeSieplcCwJJ4Q" anchor="_CHmSQQhtEeSieplcCwJJ4Q _r_x0oAhuEeSieplcCwJJ4Q">
          <semanticModel xsi:type="di:EMFSemanticModelBridge" xmi:id="_r_x0oghuEeSieplcCwJJ4Q" presentation="default">
            <element href="crf_eshift.sysml#_r_x0pQhuEeSieplcCwJJ4Q"/>
          </semanticModel>
          <contained xsi:type="di:EdgeObjectOffset" xmi:id="_r_x0owhuEeSieplcCwJJ4Q" id="nameEdgeObject" offset="53,14"/>
          <contained xsi:type="di:EdgeObjectOffset" xmi:id="_r_x0pAhuEeSieplcCwJJ4Q" visible="false" id="TransitionStereotypeEdgeObject"/>
          <waypoints>[92, 13, 92, 13]</waypoints>
          <waypoints>[92, -46, 92, -46]</waypoints>
          <waypoints>[45, -46, 45, -46]</waypoints>
        </contained>
        <contained xsi:type="di:GraphEdge" xmi:id="_4BYlUQhuEeSieplcCwJJ4Q" anchor="_CHmSQAhtEeSieplcCwJJ4Q _4BYlUAhuEeSieplcCwJJ4Q">
          <semanticModel xsi:type="di:EMFSemanticModelBridge" xmi:id="_4BYlUghuEeSieplcCwJJ4Q" presentation="default">
            <element href="crf_eshift.sysml#_4BYlVQhuEeSieplcCwJJ4Q"/>
          </semanticModel>
          <contained xsi:type="di:EdgeObjectOffset" xmi:id="_4BYlUwhuEeSieplcCwJJ4Q" id="nameEdgeObject" offset="25,2"/>
          <contained xsi:type="di:EdgeObjectOffset" xmi:id="_4BYlVAhuEeSieplcCwJJ4Q" visible="false" id="TransitionStereotypeEdgeObject"/>
          <waypoints>[82, -14, 82, -14]</waypoints>
          <waypoints>[82, -53, 82, -53]</waypoints>
          <waypoints>[30, -53, 30, -53]</waypoints>
        </contained>
        <contained xsi:type="di:GraphEdge" xmi:id="_C9qFoQhvEeSieplcCwJJ4Q" anchor="_IanvgAhtEeSieplcCwJJ4Q _C9qFoAhvEeSieplcCwJJ4Q">
          <semanticModel xsi:type="di:EMFSemanticModelBridge" xmi:id="_C9qFoghvEeSieplcCwJJ4Q" presentation="default">
            <element href="crf_eshift.sysml#_C9qFpQhvEeSieplcCwJJ4Q"/>
          </semanticModel>
          <contained xsi:type="di:EdgeObjectOffset" xmi:id="_C9qFowhvEeSieplcCwJJ4Q" id="nameEdgeObject" offset="3,-14"/>
          <contained xsi:type="di:EdgeObjectOffset" xmi:id="_C9qFpAhvEeSieplcCwJJ4Q" visible="false" id="TransitionStereotypeEdgeObject"/>
          <waypoints>[-120, -47, -120, -47]</waypoints>
          <waypoints>[-99, -47, -99, -47]</waypoints>
        </contained>
        <contained xsi:type="di:GraphEdge" xmi:id="_QlB6QAhvEeSieplcCwJJ4Q" anchor="_IanvgAhtEeSieplcCwJJ4Q _C9qFoAhvEeSieplcCwJJ4Q">
          <semanticModel xsi:type="di:EMFSemanticModelBridge" xmi:id="_QlB6QQhvEeSieplcCwJJ4Q" presentation="default">
            <element href="crf_eshift.sysml#_QlB6RAhvEeSieplcCwJJ4Q"/>
          </semanticModel>
          <contained xsi:type="di:EdgeObjectOffset" xmi:id="_QlB6QghvEeSieplcCwJJ4Q" id="nameEdgeObject" offset="3,17"/>
          <contained xsi:type="di:EdgeObjectOffset" xmi:id="_QlB6QwhvEeSieplcCwJJ4Q" visible="false" id="TransitionStereotypeEdgeObject"/>
          <waypoints>[-109, 42, -109, 42]</waypoints>
          <waypoints>[-80, 42, -80, 42]</waypoints>
        </contained>
        <contained xsi:type="di:GraphEdge" xmi:id="_nzbTgAhvEeSieplcCwJJ4Q" anchor="_CHmSQQhtEeSieplcCwJJ4Q _r_x0oAhuEeSieplcCwJJ4Q">
          <semanticModel xsi:type="di:EMFSemanticModelBridge" xmi:id="_nzbTgQhvEeSieplcCwJJ4Q" presentation="default">
            <element href="crf_eshift.sysml#_nzbThAhvEeSieplcCwJJ4Q"/>
          </semanticModel>
          <contained xsi:type="di:EdgeObjectOffset" xmi:id="_nzbTgghvEeSieplcCwJJ4Q" id="nameEdgeObject" offset="-17,3"/>
          <contained xsi:type="di:EdgeObjectOffset" xmi:id="_nzbTgwhvEeSieplcCwJJ4Q" visible="false" id="TransitionStereotypeEdgeObject"/>
          <waypoints>[-35, -45, -35, -45]</waypoints>
          <waypoints>[-87, -45, -87, -45]</waypoints>
          <waypoints>[-87, -11, -87, -11]</waypoints>
        </contained>
        <contained xsi:type="di:GraphNode" xmi:id="_usO-YAhvEeSieplcCwJJ4Q" position="29,29" size="-1,-1">
          <property xmi:id="_usO-YghvEeSieplcCwJJ4Q" key="name" value="visible"/>
          <anchorage xmi:id="_vy5rgAhvEeSieplcCwJJ4Q" graphEdge="_vy5rgQhvEeSieplcCwJJ4Q"/>
          <semanticModel xsi:type="di:EMFSemanticModelBridge" xmi:id="_usO-YQhvEeSieplcCwJJ4Q" presentation="default">
            <element href="crf_eshift.sysml#_usYvYAhvEeSieplcCwJJ4Q"/>
          </semanticModel>
        </contained>
        <contained xsi:type="di:GraphEdge" xmi:id="_vy5rgQhvEeSieplcCwJJ4Q" anchor="_vy5rgAhvEeSieplcCwJJ4Q _CHmSQAhtEeSieplcCwJJ4Q">
          <semanticModel xsi:type="di:EMFSemanticModelBridge" xmi:id="_vy5rgghvEeSieplcCwJJ4Q" presentation="default">
            <element href="crf_eshift.sysml#_vy5rhQhvEeSieplcCwJJ4Q"/>
          </semanticModel>
          <contained xsi:type="di:EdgeObjectOffset" xmi:id="_vy5rgwhvEeSieplcCwJJ4Q" id="nameEdgeObject"/>
          <contained xsi:type="di:EdgeObjectOffset" xmi:id="_vy5rhAhvEeSieplcCwJJ4Q" visible="false" id="TransitionStereotypeEdgeObject"/>
        </contained>
        <contained xsi:type="di:GraphNode" xmi:id="_3edB8AhvEeSieplcCwJJ4Q" position="645,24" size="134,142">
          <property xmi:id="_3edB8QhvEeSieplcCwJJ4Q" key="noteValue" value="While in P mode, it is not possible to enter another mode before having pressed the brake pedal"/>
          <semanticModel xsi:type="di:SimpleSemanticModelElement" xmi:id="_3edB8ghvEeSieplcCwJJ4Q" presentation="default" typeInfo="Note"/>
        </contained>
      </contained>
    </diagrams>