<?xml version="1.0" encoding="UTF-8"?><diagrams xmlns:xmi="http://www.omg.org/XMI" xmlns:xsi="http://www.w3.org/2001/XMLSchema-instance" xmlns:di="http://www.topcased.org/DI/1.0" xmlns:diagrams="http://www.topcased.org/Diagrams/1.0" xmi:id="_phoqYETLEeSg_JpZGqZa3Q" position="0,0" size="100,100" name="D_related_TSR" zoom="0.75" viewport="115,12">
    <property xmi:id="_pi-HIETLEeSg_JpZGqZa3Q" key="pageFormatName" value="A4"/>
    <property xmi:id="_pjH4IETLEeSg_JpZGqZa3Q" key="diagramWidth" value="840"/>
    <property xmi:id="_pjRCEETLEeSg_JpZGqZa3Q" key="diagramHeight" value="1188"/>
    <property xmi:id="_pjazEETLEeSg_JpZGqZa3Q" key="pageMarginName" value="Small Margin"/>
    <property xmi:id="_pjtuAETLEeSg_JpZGqZa3Q" key="diagramTopMargin" value="20"/>
    <property xmi:id="_pj3fAETLEeSg_JpZGqZa3Q" key="diagramBottomMargin" value="20"/>
    <property xmi:id="_pkAo8ETLEeSg_JpZGqZa3Q" key="diagramLeftMargin" value="20"/>
    <property xmi:id="_pkKZ8ETLEeSg_JpZGqZa3Q" key="diagramRightMargin" value="20"/>
    <property xmi:id="_pkTj4ETLEeSg_JpZGqZa3Q" key="orientation" value="landscape"/>
    <semanticModel xsi:type="di:EMFSemanticModelBridge" xmi:id="_phoqYUTLEeSg_JpZGqZa3Q" presentation="org.topcased.modeler.sysml.requirementdiagram">
      <element href="crf_eshift.sysml#idPackage"/>
    </semanticModel>
    <contained xsi:type="di:GraphNode" xmi:id="_-eFPIETLEeSg_JpZGqZa3Q" position="56,51" size="225,-1">
      <anchorage xmi:id="_dkgDoaGJEeSZPrvc6WLGWg" graphEdge="_dkgDoqGJEeSZPrvc6WLGWg _fd_6UK1aEeShtag4VwNo4A"/>
      <semanticModel xsi:type="di:EMFSemanticModelBridge" xmi:id="_-eFPIUTLEeSg_JpZGqZa3Q" presentation="default">
        <element href="crf_eshift.sysml#_friGkBiaEeSnq5u4CS2A2w"/>
      </semanticModel>
    </contained>
    <contained xsi:type="di:GraphNode" xmi:id="_c2YZYKGJEeSZPrvc6WLGWg" position="34,458" size="135,-1">
      <anchorage xmi:id="_dkgDoKGJEeSZPrvc6WLGWg" graphEdge="_dkgDoqGJEeSZPrvc6WLGWg"/>
      <semanticModel xsi:type="di:EMFSemanticModelBridge" xmi:id="_c2YZYaGJEeSZPrvc6WLGWg" presentation="default">
        <element href="crf_eshift.sysml#_Kz-lgBriEeSyd7KqnyTZ1g"/>
      </semanticModel>
    </contained>
    <contained xsi:type="di:GraphEdge" xmi:id="_dkgDoqGJEeSZPrvc6WLGWg" anchor="_dkgDoKGJEeSZPrvc6WLGWg _dkgDoaGJEeSZPrvc6WLGWg">
      <property xmi:id="_Ua6XIMv1EeSqEuV-ZA-uyA" key="router" value="Rectilinear"/>
      <semanticModel xsi:type="di:EMFSemanticModelBridge" xmi:id="_dkgDo6GJEeSZPrvc6WLGWg" presentation="default">
        <element href="crf_eshift.sysml#_8XHn0C7AEeSkA5y5-pdeYg"/>
      </semanticModel>
      <contained xsi:type="di:EdgeObjectOffset" xmi:id="_dkgDpKGJEeSZPrvc6WLGWg" id="stereotypeEdgeObject" offset="77,98"/>
      <waypoints>[-14, -135, -81, 292]</waypoints>
    </contained>
    <contained xsi:type="di:GraphNode" xmi:id="_g_nZAKIgEeSlHLP-P69lcw" position="411,53" size="216,-1">
      <anchorage xmi:id="_ZgUqAaItEeSlHLP-P69lcw" graphEdge="_ZgV4IKItEeSlHLP-P69lcw _-SfKIK15EeSpObjy915tiQ"/>
      <semanticModel xsi:type="di:EMFSemanticModelBridge" xmi:id="_g_oAEKIgEeSlHLP-P69lcw" presentation="default">
        <element href="crf_eshift.sysml#_hAYOAKIgEeSlHLP-P69lcw"/>
      </semanticModel>
    </contained>
    <contained xsi:type="di:GraphNode" xmi:id="_Oyk5cKIjEeSlHLP-P69lcw" position="415,290" size="214,-1">
      <anchorage xmi:id="_ZgUqAKItEeSlHLP-P69lcw" graphEdge="_ZgV4IKItEeSlHLP-P69lcw"/>
      <semanticModel xsi:type="di:EMFSemanticModelBridge" xmi:id="_Oyk5caIjEeSlHLP-P69lcw" presentation="default">
        <element href="crf_eshift.sysml#_Ozh7sKIjEeSlHLP-P69lcw"/>
      </semanticModel>
    </contained>
    <contained xsi:type="di:GraphEdge" xmi:id="_ZgV4IKItEeSlHLP-P69lcw" anchor="_ZgUqAKItEeSlHLP-P69lcw _ZgUqAaItEeSlHLP-P69lcw">
      <property xmi:id="_a8EXAMv1EeSqEuV-ZA-uyA" key="router" value="Rectilinear"/>
      <semanticModel xsi:type="di:EMFSemanticModelBridge" xmi:id="_ZgV4IaItEeSlHLP-P69lcw" presentation="default">
        <element href="crf_eshift.sysml#_ZhcrYKItEeSlHLP-P69lcw"/>
      </semanticModel>
      <contained xsi:type="di:EdgeObjectOffset" xmi:id="_ZgV4IqItEeSlHLP-P69lcw" id="stereotypeEdgeObject" offset="-7,11"/>
      <waypoints>[53, -133, 56, 134]</waypoints>
    </contained>
    <contained xsi:type="di:GraphNode" xmi:id="_oZxbcKI2EeSlHLP-P69lcw" position="668,53" size="166,-1">
      <anchorage xmi:id="_i7A5caJGEeSlHLP-P69lcw" graphEdge="_i7CHkKJGEeSlHLP-P69lcw"/>
      <semanticModel xsi:type="di:EMFSemanticModelBridge" xmi:id="_oZxbcaI2EeSlHLP-P69lcw" presentation="default">
        <element href="crf_eshift.sysml#_obPbEKI2EeSlHLP-P69lcw"/>
      </semanticModel>
    </contained>
    <contained xsi:type="di:GraphNode" xmi:id="_bGl64KJGEeSlHLP-P69lcw" position="651,282" size="184,-1">
      <anchorage xmi:id="_i7A5cKJGEeSlHLP-P69lcw" graphEdge="_i7CHkKJGEeSlHLP-P69lcw"/>
      <semanticModel xsi:type="di:EMFSemanticModelBridge" xmi:id="_bGl64aJGEeSlHLP-P69lcw" presentation="default">
        <element href="crf_eshift.sysml#_bIIzAKJGEeSlHLP-P69lcw"/>
      </semanticModel>
    </contained>
    <contained xsi:type="di:GraphEdge" xmi:id="_i7CHkKJGEeSlHLP-P69lcw" anchor="_i7A5cKJGEeSlHLP-P69lcw _i7A5caJGEeSlHLP-P69lcw">
      <semanticModel xsi:type="di:EMFSemanticModelBridge" xmi:id="_i7CHkaJGEeSlHLP-P69lcw" presentation="default">
        <element href="crf_eshift.sysml#_i8guQKJGEeSlHLP-P69lcw"/>
      </semanticModel>
      <contained xsi:type="di:EdgeObjectOffset" xmi:id="_i7CHkqJGEeSlHLP-P69lcw" id="stereotypeEdgeObject" offset="0,-7"/>
    </contained>
    <contained xsi:type="di:GraphNode" xmi:id="_X9cJ4KJMEeSlHLP-P69lcw" position="936,47" size="135,-1">
      <anchorage xmi:id="_JeDrAaJTEeSlHLP-P69lcw" graphEdge="_JeESEKJTEeSlHLP-P69lcw _KQ4PEKJTEeSlHLP-P69lcw"/>
      <semanticModel xsi:type="di:EMFSemanticModelBridge" xmi:id="_X9cJ4aJMEeSlHLP-P69lcw" presentation="default">
        <element href="crf_eshift.sysml#_X_uo4KJMEeSlHLP-P69lcw"/>
      </semanticModel>
    </contained>
    <contained xsi:type="di:GraphNode" xmi:id="_T7LY4KJNEeSlHLP-P69lcw" position="856,284" size="135,-1">
      <anchorage xmi:id="_JeDrAKJTEeSlHLP-P69lcw" graphEdge="_JeESEKJTEeSlHLP-P69lcw"/>
      <semanticModel xsi:type="di:EMFSemanticModelBridge" xmi:id="_T7LY4aJNEeSlHLP-P69lcw" presentation="default">
        <element href="crf_eshift.sysml#_T9tvgKJNEeSlHLP-P69lcw"/>
      </semanticModel>
    </contained>
    <contained xsi:type="di:GraphNode" xmi:id="_BRqRUKJTEeSlHLP-P69lcw" position="1004,279" size="135,-1">
      <anchorage xmi:id="_KQ3A8KJTEeSlHLP-P69lcw" graphEdge="_KQ4PEKJTEeSlHLP-P69lcw"/>
      <semanticModel xsi:type="di:EMFSemanticModelBridge" xmi:id="_BRqRUaJTEeSlHLP-P69lcw" presentation="default">
        <element href="crf_eshift.sysml#_BVscwKJTEeSlHLP-P69lcw"/>
      </semanticModel>
    </contained>
    <contained xsi:type="di:GraphEdge" xmi:id="_JeESEKJTEeSlHLP-P69lcw" anchor="_JeDrAKJTEeSlHLP-P69lcw _JeDrAaJTEeSlHLP-P69lcw">
      <property xmi:id="_8PmWIM7HEeSp7tAvotS-cg" key="router" value="Rectilinear"/>
      <semanticModel xsi:type="di:EMFSemanticModelBridge" xmi:id="_JeESEaJTEeSlHLP-P69lcw" presentation="default">
        <element href="crf_eshift.sysml#_JiSqwKJTEeSlHLP-P69lcw"/>
      </semanticModel>
      <contained xsi:type="di:EdgeObjectOffset" xmi:id="_JeESEqJTEeSlHLP-P69lcw" id="stereotypeEdgeObject" offset="-24,16"/>
      <waypoints>[25, -191, -55, 106]</waypoints>
    </contained>
    <contained xsi:type="di:GraphEdge" xmi:id="_KQ4PEKJTEeSlHLP-P69lcw" anchor="_KQ3A8KJTEeSlHLP-P69lcw _JeDrAaJTEeSlHLP-P69lcw">
      <property xmi:id="__RmHgM7HEeSp7tAvotS-cg" key="router" value="Rectilinear"/>
      <semanticModel xsi:type="di:EMFSemanticModelBridge" xmi:id="_KQ4PEaJTEeSlHLP-P69lcw" presentation="default">
        <element href="crf_eshift.sysml#_KVDkcKJTEeSlHLP-P69lcw"/>
      </semanticModel>
      <contained xsi:type="di:EdgeObjectOffset" xmi:id="_KQ4PEqJTEeSlHLP-P69lcw" id="stereotypeEdgeObject" offset="-19,105"/>
      <waypoints>[33, -342, 101, 0]</waypoints>
    </contained>
    <contained xsi:type="di:GraphNode" xmi:id="_hnpogKf2EeSM1rJQd-f8vg" position="251,447" size="135,-1">
      <anchorage xmi:id="_fd2JUK1aEeShtag4VwNo4A" graphEdge="_fd_6UK1aEeShtag4VwNo4A _-SfKIK15EeSpObjy915tiQ"/>
      <semanticModel xsi:type="di:EMFSemanticModelBridge" xmi:id="_hnpogaf2EeSM1rJQd-f8vg" presentation="default">
        <element href="crf_eshift.sysml#_hnpogqf2EeSM1rJQd-f8vg"/>
      </semanticModel>
    </contained>
    <contained xsi:type="di:GraphEdge" xmi:id="_fd_6UK1aEeShtag4VwNo4A" anchor="_fd2JUK1aEeShtag4VwNo4A _dkgDoaGJEeSZPrvc6WLGWg">
      <property xmi:id="_c0bm0Mv1EeSqEuV-ZA-uyA" key="router" value="Rectilinear"/>
      <semanticModel xsi:type="di:EMFSemanticModelBridge" xmi:id="_fd_6Ua1aEeShtag4VwNo4A" presentation="default">
        <element href="crf_eshift.sysml#_felwMK1aEeShtag4VwNo4A"/>
      </semanticModel>
      <contained xsi:type="di:EdgeObjectOffset" xmi:id="_fd_6Uq1aEeShtag4VwNo4A" id="stereotypeEdgeObject" offset="-15,-12"/>
      <waypoints>[5, -222, 155, 224]</waypoints>
      <waypoints>[-169, -222, -19, 224]</waypoints>
    </contained>
    <contained xsi:type="di:GraphEdge" xmi:id="_-SfKIK15EeSpObjy915tiQ" anchor="_fd2JUK1aEeShtag4VwNo4A _ZgUqAaItEeSlHLP-P69lcw">
      <property xmi:id="_X3i2EMv1EeSqEuV-ZA-uyA" key="router" value="Rectilinear"/>
      <semanticModel xsi:type="di:EMFSemanticModelBridge" xmi:id="_-SfKIa15EeSpObjy915tiQ" presentation="default">
        <element href="crf_eshift.sysml#_-URS0K15EeSpObjy915tiQ"/>
      </semanticModel>
      <contained xsi:type="di:EdgeObjectOffset" xmi:id="_-SfKIq15EeSpObjy915tiQ" id="stereotypeEdgeObject" offset="-23,-17"/>
      <waypoints>[39, -296, -162, 128]</waypoints>
      <waypoints>[100, -296, -101, 128]</waypoints>
    </contained>
  </diagrams>