<?xml version="1.0" encoding="UTF-8"?><diagrams xmlns:xmi="http://www.omg.org/XMI" xmlns:xsi="http://www.w3.org/2001/XMLSchema-instance" xmlns:di="http://www.topcased.org/DI/1.0" xmlns:diagrams="http://www.topcased.org/Diagrams/1.0" xmi:id="_HH5mgzBFEeSnocBZhT3NBQ" position="0,0" size="100,100" name="TSR11" viewport="0,0">
      <property xmi:id="_HI8IUjBFEeSnocBZhT3NBQ" key="pageFormatName" value="A4"/>
      <property xmi:id="_HI8IUzBFEeSnocBZhT3NBQ" key="diagramWidth" value="840"/>
      <property xmi:id="_HI8IVDBFEeSnocBZhT3NBQ" key="diagramHeight" value="1188"/>
      <property xmi:id="_HI8IVTBFEeSnocBZhT3NBQ" key="pageMarginName" value="Small Margin"/>
      <property xmi:id="_HI8IVjBFEeSnocBZhT3NBQ" key="diagramTopMargin" value="20"/>
      <property xmi:id="_HI8IVzBFEeSnocBZhT3NBQ" key="diagramBottomMargin" value="20"/>
      <property xmi:id="_HI8IWDBFEeSnocBZhT3NBQ" key="diagramLeftMargin" value="20"/>
      <property xmi:id="_HI8IWTBFEeSnocBZhT3NBQ" key="diagramRightMargin" value="20"/>
      <property xmi:id="_HI8IWjBFEeSnocBZhT3NBQ" key="orientation" value="portrait"/>
      <semanticModel xsi:type="di:EMFSemanticModelBridge" xmi:id="_HH5mhDBFEeSnocBZhT3NBQ" presentation="org.topcased.modeler.sysml.statemachinediagram">
        <element href="crf_eshift.sysml#_HH5mgDBFEeSnocBZhT3NBQ"/>
      </semanticModel>
      <contained xsi:type="di:GraphNode" xmi:id="_HI8IUDBFEeSnocBZhT3NBQ" size="-1,-1">
        <semanticModel xsi:type="di:EMFSemanticModelBridge" xmi:id="_HI8IUTBFEeSnocBZhT3NBQ" presentation="default">
          <element href="crf_eshift.sysml#_HH5mgTBFEeSnocBZhT3NBQ"/>
        </semanticModel>
        <contained xsi:type="di:GraphNode" xmi:id="_H42iUDBFEeSnocBZhT3NBQ" position="24,66" size="-1,-1">
          <property xmi:id="_H42iUjBFEeSnocBZhT3NBQ" key="name" value="visible"/>
          <anchorage xmi:id="_F3Lt8DHkEeSUJZ7ApY0OFQ" graphEdge="_F3M8EDHkEeSUJZ7ApY0OFQ"/>
          <semanticModel xsi:type="di:EMFSemanticModelBridge" xmi:id="_H42iUTBFEeSnocBZhT3NBQ" presentation="default">
            <element href="crf_eshift.sysml#_H42iUzBFEeSnocBZhT3NBQ"/>
          </semanticModel>
        </contained>
        <contained xsi:type="di:GraphNode" xmi:id="_OzZ-4DHgEeSUJZ7ApY0OFQ" position="145,10" size="641,563">
          <anchorage xmi:id="_F3Lt8THkEeSUJZ7ApY0OFQ" graphEdge="_F3M8EDHkEeSUJZ7ApY0OFQ"/>
          <semanticModel xsi:type="di:EMFSemanticModelBridge" xmi:id="_OzZ-4THgEeSUJZ7ApY0OFQ" presentation="default">
            <element href="crf_eshift.sysml#_OzpPcDHgEeSUJZ7ApY0OFQ"/>
          </semanticModel>
          <contained xsi:type="di:GraphNode" xmi:id="_OzZ-4jHgEeSUJZ7ApY0OFQ">
            <semanticModel xsi:type="di:EMFSemanticModelBridge" xmi:id="_OzZ-4zHgEeSUJZ7ApY0OFQ" presentation="default">
              <element href="crf_eshift.sysml#_OzpPcTHgEeSUJZ7ApY0OFQ"/>
            </semanticModel>
            <contained xsi:type="di:GraphNode" xmi:id="_UUsAsDHhEeSUJZ7ApY0OFQ" position="115,7" size="508,180">
              <anchorage xmi:id="_Yh0vgTHhEeSUJZ7ApY0OFQ" graphEdge="_Yh1WkDHhEeSUJZ7ApY0OFQ _RME_EDHjEeSUJZ7ApY0OFQ _VurnkDHjEeSUJZ7ApY0OFQ _YQzmEDHjEeSUJZ7ApY0OFQ _bPdvkDHjEeSUJZ7ApY0OFQ _ompMEDHjEeSUJZ7ApY0OFQ"/>
              <anchorage xmi:id="_omn98DHjEeSUJZ7ApY0OFQ" graphEdge="_ompMEDHjEeSUJZ7ApY0OFQ"/>
              <semanticModel xsi:type="di:EMFSemanticModelBridge" xmi:id="_UUsAsTHhEeSUJZ7ApY0OFQ" presentation="default">
                <element href="crf_eshift.sysml#_UU5cEDHhEeSUJZ7ApY0OFQ"/>
              </semanticModel>
              <contained xsi:type="di:GraphNode" xmi:id="_UUsAsjHhEeSUJZ7ApY0OFQ">
                <semanticModel xsi:type="di:EMFSemanticModelBridge" xmi:id="_UUsAszHhEeSUJZ7ApY0OFQ" presentation="default">
                  <element href="crf_eshift.sysml#_UU5cETHhEeSUJZ7ApY0OFQ"/>
                </semanticModel>
                <contained xsi:type="di:GraphNode" xmi:id="_ej8qADHhEeSUJZ7ApY0OFQ" position="4,6" size="-1,-1">
                  <property xmi:id="_ekBigDHhEeSUJZ7ApY0OFQ" key="name" value="visible"/>
                  <anchorage xmi:id="_lceBADHhEeSUJZ7ApY0OFQ" graphEdge="_lceoEDHhEeSUJZ7ApY0OFQ"/>
                  <semanticModel xsi:type="di:EMFSemanticModelBridge" xmi:id="_ej8qATHhEeSUJZ7ApY0OFQ" presentation="default">
                    <element href="crf_eshift.sysml#_ekEl0DHhEeSUJZ7ApY0OFQ"/>
                  </semanticModel>
                </contained>
                <contained xsi:type="di:GraphNode" xmi:id="_jd1xIDHhEeSUJZ7ApY0OFQ" position="60,1" size="112,87">
                  <anchorage xmi:id="_lceBATHhEeSUJZ7ApY0OFQ" graphEdge="_lceoEDHhEeSUJZ7ApY0OFQ _qpzokDHhEeSUJZ7ApY0OFQ _fX6BEDHiEeSUJZ7ApY0OFQ _hcH7kDHiEeSUJZ7ApY0OFQ _v1-WADHiEeSUJZ7ApY0OFQ _zRZ7EDHiEeSUJZ7ApY0OFQ"/>
                  <anchorage xmi:id="_v19u8DHiEeSUJZ7ApY0OFQ" graphEdge="_v1-WADHiEeSUJZ7ApY0OFQ _zRZ7EDHiEeSUJZ7ApY0OFQ"/>
                  <semanticModel xsi:type="di:EMFSemanticModelBridge" xmi:id="_jd1xITHhEeSUJZ7ApY0OFQ" presentation="default">
                    <element href="crf_eshift.sysml#_jeGP0DHhEeSUJZ7ApY0OFQ"/>
                  </semanticModel>
                </contained>
                <contained xsi:type="di:GraphEdge" xmi:id="_lceoEDHhEeSUJZ7ApY0OFQ" anchor="_lceBADHhEeSUJZ7ApY0OFQ _lceBATHhEeSUJZ7ApY0OFQ">
                  <semanticModel xsi:type="di:EMFSemanticModelBridge" xmi:id="_lceoETHhEeSUJZ7ApY0OFQ" presentation="default">
                    <element href="crf_eshift.sysml#_lcfPIDHhEeSUJZ7ApY0OFQ"/>
                  </semanticModel>
                  <contained xsi:type="di:EdgeObjectOffset" xmi:id="_lceoEjHhEeSUJZ7ApY0OFQ" id="nameEdgeObject"/>
                  <contained xsi:type="di:EdgeObjectOffset" xmi:id="_lceoEzHhEeSUJZ7ApY0OFQ" visible="false" id="TransitionStereotypeEdgeObject"/>
                </contained>
                <contained xsi:type="di:GraphNode" xmi:id="_nSpfgDHhEeSUJZ7ApY0OFQ" position="327,3" size="64,83">
                  <anchorage xmi:id="_qpzBgDHhEeSUJZ7ApY0OFQ" graphEdge="_qpzokDHhEeSUJZ7ApY0OFQ _17xsEDHhEeSUJZ7ApY0OFQ _fX6BEDHiEeSUJZ7ApY0OFQ _hcH7kDHiEeSUJZ7ApY0OFQ _9pFgkDHiEeSUJZ7ApY0OFQ"/>
                  <anchorage xmi:id="_17wd8DHhEeSUJZ7ApY0OFQ" graphEdge="_17xsEDHhEeSUJZ7ApY0OFQ _9pFgkDHiEeSUJZ7ApY0OFQ"/>
                  <semanticModel xsi:type="di:EMFSemanticModelBridge" xmi:id="_nSpfgTHhEeSUJZ7ApY0OFQ" presentation="default">
                    <element href="crf_eshift.sysml#_nS7MUDHhEeSUJZ7ApY0OFQ"/>
                  </semanticModel>
                </contained>
                <contained xsi:type="di:GraphEdge" xmi:id="_qpzokDHhEeSUJZ7ApY0OFQ" anchor="_lceBATHhEeSUJZ7ApY0OFQ _qpzBgDHhEeSUJZ7ApY0OFQ">
                  <semanticModel xsi:type="di:EMFSemanticModelBridge" xmi:id="_qpzokTHhEeSUJZ7ApY0OFQ" presentation="default">
                    <element href="crf_eshift.sysml#_qp0PoDHhEeSUJZ7ApY0OFQ"/>
                  </semanticModel>
                  <contained xsi:type="di:EdgeObjectOffset" xmi:id="_qpzokjHhEeSUJZ7ApY0OFQ" id="nameEdgeObject" offset="-5,-12"/>
                  <contained xsi:type="di:EdgeObjectOffset" xmi:id="_qpzokzHhEeSUJZ7ApY0OFQ" visible="false" id="TransitionStereotypeEdgeObject"/>
                  <waypoints>[214, -24, -46, -24]</waypoints>
                </contained>
                <contained xsi:type="di:GraphEdge" xmi:id="_17xsEDHhEeSUJZ7ApY0OFQ" anchor="_qpzBgDHhEeSUJZ7ApY0OFQ _17wd8DHhEeSUJZ7ApY0OFQ">
                  <semanticModel xsi:type="di:EMFSemanticModelBridge" xmi:id="_17xsETHhEeSUJZ7ApY0OFQ" presentation="default">
                    <element href="crf_eshift.sysml#_17xsFDHhEeSUJZ7ApY0OFQ"/>
                  </semanticModel>
                  <contained xsi:type="di:EdgeObjectOffset" xmi:id="_17xsEjHhEeSUJZ7ApY0OFQ" id="nameEdgeObject" offset="-7,-37"/>
                  <contained xsi:type="di:EdgeObjectOffset" xmi:id="_17xsEzHhEeSUJZ7ApY0OFQ" visible="false" id="TransitionStereotypeEdgeObject"/>
                  <waypoints>[87, -23, 87, -23]</waypoints>
                  <waypoints>[87, -1, 87, -1]</waypoints>
                </contained>
                <contained xsi:type="di:GraphEdge" xmi:id="_fX6BEDHiEeSUJZ7ApY0OFQ" anchor="_qpzBgDHhEeSUJZ7ApY0OFQ _lceBATHhEeSUJZ7ApY0OFQ">
                  <semanticModel xsi:type="di:EMFSemanticModelBridge" xmi:id="_fX6BETHiEeSUJZ7ApY0OFQ" presentation="default">
                    <element href="crf_eshift.sysml#_fX6oIDHiEeSUJZ7ApY0OFQ"/>
                  </semanticModel>
                  <contained xsi:type="di:EdgeObjectOffset" xmi:id="_fX6BEjHiEeSUJZ7ApY0OFQ" id="nameEdgeObject" offset="-31,-11"/>
                  <contained xsi:type="di:EdgeObjectOffset" xmi:id="_fX6BEzHiEeSUJZ7ApY0OFQ" visible="false" id="TransitionStereotypeEdgeObject"/>
                </contained>
                <contained xsi:type="di:GraphEdge" xmi:id="_hcH7kDHiEeSUJZ7ApY0OFQ" anchor="_qpzBgDHhEeSUJZ7ApY0OFQ _lceBATHhEeSUJZ7ApY0OFQ">
                  <semanticModel xsi:type="di:EMFSemanticModelBridge" xmi:id="_hcH7kTHiEeSUJZ7ApY0OFQ" presentation="default">
                    <element href="crf_eshift.sysml#_hcH7lDHiEeSUJZ7ApY0OFQ"/>
                  </semanticModel>
                  <contained xsi:type="di:EdgeObjectOffset" xmi:id="_hcH7kjHiEeSUJZ7ApY0OFQ" id="nameEdgeObject" offset="4,-11"/>
                  <contained xsi:type="di:EdgeObjectOffset" xmi:id="_hcH7kzHiEeSUJZ7ApY0OFQ" visible="false" id="TransitionStereotypeEdgeObject"/>
                  <waypoints>[-78, 24, 182, 24]</waypoints>
                </contained>
                <contained xsi:type="di:GraphEdge" xmi:id="_v1-WADHiEeSUJZ7ApY0OFQ" anchor="_lceBATHhEeSUJZ7ApY0OFQ _v19u8DHiEeSUJZ7ApY0OFQ">
                  <semanticModel xsi:type="di:EMFSemanticModelBridge" xmi:id="_v1-9EDHiEeSUJZ7ApY0OFQ" presentation="default">
                    <element href="crf_eshift.sysml#_v1-9EzHiEeSUJZ7ApY0OFQ"/>
                  </semanticModel>
                  <contained xsi:type="di:EdgeObjectOffset" xmi:id="_v1-9ETHiEeSUJZ7ApY0OFQ" id="nameEdgeObject" offset="-29,15"/>
                  <contained xsi:type="di:EdgeObjectOffset" xmi:id="_v1-9EjHiEeSUJZ7ApY0OFQ" visible="false" id="TransitionStereotypeEdgeObject"/>
                  <waypoints>[117, 35, 117, 35]</waypoints>
                  <waypoints>[117, 63, 117, 63]</waypoints>
                  <waypoints>[19, 63, 19, 63]</waypoints>
                </contained>
                <contained xsi:type="di:GraphEdge" xmi:id="_zRZ7EDHiEeSUJZ7ApY0OFQ" anchor="_lceBATHhEeSUJZ7ApY0OFQ _v19u8DHiEeSUJZ7ApY0OFQ">
                  <semanticModel xsi:type="di:EMFSemanticModelBridge" xmi:id="_zRZ7ETHiEeSUJZ7ApY0OFQ" presentation="default">
                    <element href="crf_eshift.sysml#_zRaiIDHiEeSUJZ7ApY0OFQ"/>
                  </semanticModel>
                  <contained xsi:type="di:EdgeObjectOffset" xmi:id="_zRZ7EjHiEeSUJZ7ApY0OFQ" id="nameEdgeObject" offset="32,17"/>
                  <contained xsi:type="di:EdgeObjectOffset" xmi:id="_zRZ7EzHiEeSUJZ7ApY0OFQ" visible="false" id="TransitionStereotypeEdgeObject"/>
                  <waypoints>[-19, 60, -19, 60]</waypoints>
                  <waypoints>[-92, 60, -92, 60]</waypoints>
                  <waypoints>[-92, 29, -92, 29]</waypoints>
                </contained>
                <contained xsi:type="di:GraphEdge" xmi:id="_9pFgkDHiEeSUJZ7ApY0OFQ" anchor="_qpzBgDHhEeSUJZ7ApY0OFQ _17wd8DHhEeSUJZ7ApY0OFQ">
                  <semanticModel xsi:type="di:EMFSemanticModelBridge" xmi:id="_9pFgkTHiEeSUJZ7ApY0OFQ" presentation="default">
                    <element href="crf_eshift.sysml#_9pGHoDHiEeSUJZ7ApY0OFQ"/>
                  </semanticModel>
                  <contained xsi:type="di:EdgeObjectOffset" xmi:id="_9pFgkjHiEeSUJZ7ApY0OFQ" id="nameEdgeObject" offset="-13,16"/>
                  <contained xsi:type="di:EdgeObjectOffset" xmi:id="_9pFgkzHiEeSUJZ7ApY0OFQ" visible="false" id="TransitionStereotypeEdgeObject"/>
                  <waypoints>[87, 20, 87, 20]</waypoints>
                  <waypoints>[87, 59, 87, 59]</waypoints>
                  <waypoints>[14, 59, 14, 59]</waypoints>
                </contained>
              </contained>
            </contained>
            <contained xsi:type="di:GraphNode" xmi:id="_VdW48DHhEeSUJZ7ApY0OFQ" position="6,51" size="-1,-1">
              <property xmi:id="_VdbxcDHhEeSUJZ7ApY0OFQ" key="name" value="visible"/>
              <anchorage xmi:id="_Yh0vgDHhEeSUJZ7ApY0OFQ" graphEdge="_Yh1WkDHhEeSUJZ7ApY0OFQ"/>
              <semanticModel xsi:type="di:EMFSemanticModelBridge" xmi:id="_VdW48THhEeSUJZ7ApY0OFQ" presentation="default">
                <element href="crf_eshift.sysml#_VdhRADHhEeSUJZ7ApY0OFQ"/>
              </semanticModel>
            </contained>
            <contained xsi:type="di:GraphEdge" xmi:id="_Yh1WkDHhEeSUJZ7ApY0OFQ" anchor="_Yh0vgDHhEeSUJZ7ApY0OFQ _Yh0vgTHhEeSUJZ7ApY0OFQ">
              <semanticModel xsi:type="di:EMFSemanticModelBridge" xmi:id="_Yh1WkTHhEeSUJZ7ApY0OFQ" presentation="default">
                <element href="crf_eshift.sysml#_Yh19oDHhEeSUJZ7ApY0OFQ"/>
              </semanticModel>
              <contained xsi:type="di:EdgeObjectOffset" xmi:id="_Yh1WkjHhEeSUJZ7ApY0OFQ" id="nameEdgeObject"/>
              <contained xsi:type="di:EdgeObjectOffset" xmi:id="_Yh1WkzHhEeSUJZ7ApY0OFQ" visible="false" id="TransitionStereotypeEdgeObject"/>
            </contained>
            <contained xsi:type="di:GraphNode" xmi:id="_LJ5aMDHjEeSUJZ7ApY0OFQ" position="121,225" size="496,29">
              <anchorage xmi:id="_RMDw8DHjEeSUJZ7ApY0OFQ" graphEdge="_RME_EDHjEeSUJZ7ApY0OFQ _VurnkDHjEeSUJZ7ApY0OFQ _YQzmEDHjEeSUJZ7ApY0OFQ _bPdvkDHjEeSUJZ7ApY0OFQ _wir1kDHjEeSUJZ7ApY0OFQ _1Qu5EDHjEeSUJZ7ApY0OFQ _7f-CgDHjEeSUJZ7ApY0OFQ"/>
              <anchorage xmi:id="_wiqncDHjEeSUJZ7ApY0OFQ" graphEdge="_wir1kDHjEeSUJZ7ApY0OFQ _1Qu5EDHjEeSUJZ7ApY0OFQ _7f-CgDHjEeSUJZ7ApY0OFQ"/>
              <semanticModel xsi:type="di:EMFSemanticModelBridge" xmi:id="_LJ5aMTHjEeSUJZ7ApY0OFQ" presentation="default">
                <element href="crf_eshift.sysml#_LKLHADHjEeSUJZ7ApY0OFQ"/>
              </semanticModel>
            </contained>
            <contained xsi:type="di:GraphEdge" xmi:id="_RME_EDHjEeSUJZ7ApY0OFQ" anchor="_RMDw8DHjEeSUJZ7ApY0OFQ _Yh0vgTHhEeSUJZ7ApY0OFQ">
              <semanticModel xsi:type="di:EMFSemanticModelBridge" xmi:id="_RME_ETHjEeSUJZ7ApY0OFQ" presentation="default">
                <element href="crf_eshift.sysml#_RME_FDHjEeSUJZ7ApY0OFQ"/>
              </semanticModel>
              <contained xsi:type="di:EdgeObjectOffset" xmi:id="_RME_EjHjEeSUJZ7ApY0OFQ" id="nameEdgeObject" offset="-21,23"/>
              <contained xsi:type="di:EdgeObjectOffset" xmi:id="_RME_EzHjEeSUJZ7ApY0OFQ" visible="false" id="TransitionStereotypeEdgeObject"/>
              <waypoints>[-266, 2, -276, 141]</waypoints>
              <waypoints>[-266, -138, -276, 1]</waypoints>
            </contained>
            <contained xsi:type="di:GraphEdge" xmi:id="_VurnkDHjEeSUJZ7ApY0OFQ" anchor="_Yh0vgTHhEeSUJZ7ApY0OFQ _RMDw8DHjEeSUJZ7ApY0OFQ">
              <semanticModel xsi:type="di:EMFSemanticModelBridge" xmi:id="_VurnkTHjEeSUJZ7ApY0OFQ" presentation="default">
                <element href="crf_eshift.sysml#_VurnlDHjEeSUJZ7ApY0OFQ"/>
              </semanticModel>
              <contained xsi:type="di:EdgeObjectOffset" xmi:id="_VurnkjHjEeSUJZ7ApY0OFQ" id="nameEdgeObject" offset="-22,-2"/>
              <contained xsi:type="di:EdgeObjectOffset" xmi:id="_VurnkzHjEeSUJZ7ApY0OFQ" visible="false" id="TransitionStereotypeEdgeObject"/>
              <waypoints>[-177, 106, -179, -33]</waypoints>
            </contained>
            <contained xsi:type="di:GraphEdge" xmi:id="_YQzmEDHjEeSUJZ7ApY0OFQ" anchor="_Yh0vgTHhEeSUJZ7ApY0OFQ _RMDw8DHjEeSUJZ7ApY0OFQ">
              <semanticModel xsi:type="di:EMFSemanticModelBridge" xmi:id="_YQzmETHjEeSUJZ7ApY0OFQ" presentation="default">
                <element href="crf_eshift.sysml#_YQzmFDHjEeSUJZ7ApY0OFQ"/>
              </semanticModel>
              <contained xsi:type="di:EdgeObjectOffset" xmi:id="_YQzmEjHjEeSUJZ7ApY0OFQ" id="nameEdgeObject" offset="-23,-2"/>
              <contained xsi:type="di:EdgeObjectOffset" xmi:id="_YQzmEzHjEeSUJZ7ApY0OFQ" visible="false" id="TransitionStereotypeEdgeObject"/>
              <waypoints>[-102, 104, -104, -35]</waypoints>
            </contained>
            <contained xsi:type="di:GraphEdge" xmi:id="_bPdvkDHjEeSUJZ7ApY0OFQ" anchor="_Yh0vgTHhEeSUJZ7ApY0OFQ _RMDw8DHjEeSUJZ7ApY0OFQ">
              <semanticModel xsi:type="di:EMFSemanticModelBridge" xmi:id="_bPdvkTHjEeSUJZ7ApY0OFQ" presentation="default">
                <element href="crf_eshift.sysml#_bPdvlDHjEeSUJZ7ApY0OFQ"/>
              </semanticModel>
              <contained xsi:type="di:EdgeObjectOffset" xmi:id="_bPdvkjHjEeSUJZ7ApY0OFQ" id="nameEdgeObject" offset="-22,-1"/>
              <contained xsi:type="di:EdgeObjectOffset" xmi:id="_bPdvkzHjEeSUJZ7ApY0OFQ" visible="false" id="TransitionStereotypeEdgeObject"/>
              <waypoints>[-27, 104, -29, -35]</waypoints>
            </contained>
            <contained xsi:type="di:GraphEdge" xmi:id="_ompMEDHjEeSUJZ7ApY0OFQ" anchor="_Yh0vgTHhEeSUJZ7ApY0OFQ _omn98DHjEeSUJZ7ApY0OFQ">
              <semanticModel xsi:type="di:EMFSemanticModelBridge" xmi:id="_ompMETHjEeSUJZ7ApY0OFQ" presentation="default">
                <element href="crf_eshift.sysml#_ompMFDHjEeSUJZ7ApY0OFQ"/>
              </semanticModel>
              <contained xsi:type="di:EdgeObjectOffset" xmi:id="_ompMEjHjEeSUJZ7ApY0OFQ" id="nameEdgeObject" offset="-22,25"/>
              <contained xsi:type="di:EdgeObjectOffset" xmi:id="_ompMEzHjEeSUJZ7ApY0OFQ" visible="false" id="TransitionStereotypeEdgeObject"/>
              <waypoints>[-278, -52, -278, -52]</waypoints>
              <waypoints>[-278, -104, -278, -104]</waypoints>
              <waypoints>[-240, -104, -240, -104]</waypoints>
            </contained>
            <contained xsi:type="di:GraphEdge" xmi:id="_wir1kDHjEeSUJZ7ApY0OFQ" anchor="_RMDw8DHjEeSUJZ7ApY0OFQ _wiqncDHjEeSUJZ7ApY0OFQ">
              <semanticModel xsi:type="di:EMFSemanticModelBridge" xmi:id="_wir1kTHjEeSUJZ7ApY0OFQ" presentation="default">
                <element href="crf_eshift.sysml#_wir1lDHjEeSUJZ7ApY0OFQ"/>
              </semanticModel>
              <contained xsi:type="di:EdgeObjectOffset" xmi:id="_wir1kjHjEeSUJZ7ApY0OFQ" id="nameEdgeObject" offset="2,-10"/>
              <contained xsi:type="di:EdgeObjectOffset" xmi:id="_wir1kzHjEeSUJZ7ApY0OFQ" visible="false" id="TransitionStereotypeEdgeObject"/>
              <waypoints>[38, -28, 38, -28]</waypoints>
              <waypoints>[18, -28, 18, -28]</waypoints>
            </contained>
            <contained xsi:type="di:GraphEdge" xmi:id="_1Qu5EDHjEeSUJZ7ApY0OFQ" anchor="_RMDw8DHjEeSUJZ7ApY0OFQ _wiqncDHjEeSUJZ7ApY0OFQ">
              <semanticModel xsi:type="di:EMFSemanticModelBridge" xmi:id="_1Qu5ETHjEeSUJZ7ApY0OFQ" presentation="default">
                <element href="crf_eshift.sysml#_1Qu5FDHjEeSUJZ7ApY0OFQ"/>
              </semanticModel>
              <contained xsi:type="di:EdgeObjectOffset" xmi:id="_1Qu5EjHjEeSUJZ7ApY0OFQ" id="nameEdgeObject" offset="5,-11"/>
              <contained xsi:type="di:EdgeObjectOffset" xmi:id="_1Qu5EzHjEeSUJZ7ApY0OFQ" visible="false" id="TransitionStereotypeEdgeObject"/>
              <waypoints>[83, -30, 83, -30]</waypoints>
              <waypoints>[61, -30, 61, -30]</waypoints>
            </contained>
            <contained xsi:type="di:GraphEdge" xmi:id="_7f-CgDHjEeSUJZ7ApY0OFQ" anchor="_RMDw8DHjEeSUJZ7ApY0OFQ _wiqncDHjEeSUJZ7ApY0OFQ">
              <semanticModel xsi:type="di:EMFSemanticModelBridge" xmi:id="_7f-CgTHjEeSUJZ7ApY0OFQ" presentation="default">
                <element href="crf_eshift.sysml#_7f-pkDHjEeSUJZ7ApY0OFQ"/>
              </semanticModel>
              <contained xsi:type="di:EdgeObjectOffset" xmi:id="_7f-CgjHjEeSUJZ7ApY0OFQ" id="nameEdgeObject" offset="0,-13"/>
              <contained xsi:type="di:EdgeObjectOffset" xmi:id="_7f-CgzHjEeSUJZ7ApY0OFQ" visible="false" id="TransitionStereotypeEdgeObject"/>
              <waypoints>[139, -27, 139, -27]</waypoints>
              <waypoints>[114, -27, 114, -27]</waypoints>
            </contained>
          </contained>
          <contained xsi:type="di:GraphNode" xmi:id="_QWmP8DHgEeSUJZ7ApY0OFQ" position="185,144" size="-1,-1">
            <semanticModel xsi:type="di:EMFSemanticModelBridge" xmi:id="_QWmP8THgEeSUJZ7ApY0OFQ" presentation="default">
              <element href="crf_eshift.sysml#_QWoFIDHgEeSUJZ7ApY0OFQ"/>
            </semanticModel>
            <contained xsi:type="di:GraphNode" xmi:id="_R9Iv8DHgEeSUJZ7ApY0OFQ" position="21,28" size="-1,-1">
              <property xmi:id="_R9NocDHgEeSUJZ7ApY0OFQ" key="name" value="visible"/>
              <anchorage xmi:id="_wq2acDHgEeSUJZ7ApY0OFQ" graphEdge="_wq3BgDHgEeSUJZ7ApY0OFQ"/>
              <semanticModel xsi:type="di:EMFSemanticModelBridge" xmi:id="_R9Iv8THgEeSUJZ7ApY0OFQ" presentation="default">
                <element href="crf_eshift.sysml#_R9TvEDHgEeSUJZ7ApY0OFQ"/>
              </semanticModel>
            </contained>
            <contained xsi:type="di:GraphNode" xmi:id="_UUMG4DHgEeSUJZ7ApY0OFQ" position="98,21" size="96,115">
              <anchorage xmi:id="_e90YADHgEeSUJZ7ApY0OFQ" graphEdge="_e91mIDHgEeSUJZ7ApY0OFQ _k-HtkDHgEeSUJZ7ApY0OFQ _wq3BgDHgEeSUJZ7ApY0OFQ _Bty-EDHhEeSUJZ7ApY0OFQ _Fd4kgDHhEeSUJZ7ApY0OFQ"/>
              <anchorage xmi:id="_Btxv8DHhEeSUJZ7ApY0OFQ" graphEdge="_Bty-EDHhEeSUJZ7ApY0OFQ _Fd4kgDHhEeSUJZ7ApY0OFQ"/>
              <semanticModel xsi:type="di:EMFSemanticModelBridge" xmi:id="_UUMG4THgEeSUJZ7ApY0OFQ" presentation="default">
                <element href="crf_eshift.sysml#_UUZiQDHgEeSUJZ7ApY0OFQ"/>
              </semanticModel>
            </contained>
            <contained xsi:type="di:GraphNode" xmi:id="_UuUeIDHgEeSUJZ7ApY0OFQ" position="373,37" size="173,98">
              <anchorage xmi:id="_e90YATHgEeSUJZ7ApY0OFQ" graphEdge="_e91mIDHgEeSUJZ7ApY0OFQ _k-HtkDHgEeSUJZ7ApY0OFQ _6VxAkDHgEeSUJZ7ApY0OFQ"/>
              <anchorage xmi:id="_6VvycDHgEeSUJZ7ApY0OFQ" graphEdge="_6VxAkDHgEeSUJZ7ApY0OFQ"/>
              <semanticModel xsi:type="di:EMFSemanticModelBridge" xmi:id="_UuUeITHgEeSUJZ7ApY0OFQ" presentation="default">
                <element href="crf_eshift.sysml#_UuhScDHgEeSUJZ7ApY0OFQ"/>
              </semanticModel>
            </contained>
            <contained xsi:type="di:GraphEdge" xmi:id="_e91mIDHgEeSUJZ7ApY0OFQ" anchor="_e90YADHgEeSUJZ7ApY0OFQ _e90YATHgEeSUJZ7ApY0OFQ">
              <semanticModel xsi:type="di:EMFSemanticModelBridge" xmi:id="_e91mITHgEeSUJZ7ApY0OFQ" presentation="default">
                <element href="crf_eshift.sysml#_e91mJDHgEeSUJZ7ApY0OFQ"/>
              </semanticModel>
              <contained xsi:type="di:EdgeObjectOffset" xmi:id="_e91mIjHgEeSUJZ7ApY0OFQ" id="nameEdgeObject" offset="-2,-14"/>
              <contained xsi:type="di:EdgeObjectOffset" xmi:id="_e91mIzHgEeSUJZ7ApY0OFQ" visible="false" id="TransitionStereotypeEdgeObject"/>
              <waypoints>[92, -13, -132, -15]</waypoints>
            </contained>
            <contained xsi:type="di:GraphEdge" xmi:id="_k-HtkDHgEeSUJZ7ApY0OFQ" anchor="_e90YATHgEeSUJZ7ApY0OFQ _e90YADHgEeSUJZ7ApY0OFQ">
              <semanticModel xsi:type="di:EMFSemanticModelBridge" xmi:id="_k-HtkTHgEeSUJZ7ApY0OFQ" presentation="default">
                <element href="crf_eshift.sysml#_k-HtlDHgEeSUJZ7ApY0OFQ"/>
              </semanticModel>
              <contained xsi:type="di:EdgeObjectOffset" xmi:id="_k-HtkjHgEeSUJZ7ApY0OFQ" id="nameEdgeObject" offset="-5,-13"/>
              <contained xsi:type="di:EdgeObjectOffset" xmi:id="_k-HtkzHgEeSUJZ7ApY0OFQ" visible="false" id="TransitionStereotypeEdgeObject"/>
              <waypoints>[-84, 12, 140, 14]</waypoints>
            </contained>
            <contained xsi:type="di:GraphEdge" xmi:id="_wq3BgDHgEeSUJZ7ApY0OFQ" anchor="_wq2acDHgEeSUJZ7ApY0OFQ _e90YADHgEeSUJZ7ApY0OFQ">
              <semanticModel xsi:type="di:EMFSemanticModelBridge" xmi:id="_wq3BgTHgEeSUJZ7ApY0OFQ" presentation="default">
                <element href="crf_eshift.sysml#_wq3okDHgEeSUJZ7ApY0OFQ"/>
              </semanticModel>
              <contained xsi:type="di:EdgeObjectOffset" xmi:id="_wq3BgjHgEeSUJZ7ApY0OFQ" id="nameEdgeObject" offset="-6,-25"/>
              <contained xsi:type="di:EdgeObjectOffset" xmi:id="_wq3BgzHgEeSUJZ7ApY0OFQ" visible="false" id="TransitionStereotypeEdgeObject"/>
              <waypoints>[57, 1, -47, -49]</waypoints>
            </contained>
            <contained xsi:type="di:GraphEdge" xmi:id="_6VxAkDHgEeSUJZ7ApY0OFQ" anchor="_e90YATHgEeSUJZ7ApY0OFQ _6VvycDHgEeSUJZ7ApY0OFQ">
              <semanticModel xsi:type="di:EMFSemanticModelBridge" xmi:id="_6VxAkTHgEeSUJZ7ApY0OFQ" presentation="default">
                <element href="crf_eshift.sysml#_6VxAlDHgEeSUJZ7ApY0OFQ"/>
              </semanticModel>
              <contained xsi:type="di:EdgeObjectOffset" xmi:id="_6VxAkjHgEeSUJZ7ApY0OFQ" id="nameEdgeObject" offset="-20,-11"/>
              <contained xsi:type="di:EdgeObjectOffset" xmi:id="_6VxAkzHgEeSUJZ7ApY0OFQ" visible="false" id="TransitionStereotypeEdgeObject"/>
              <waypoints>[110, -22, 110, -22]</waypoints>
              <waypoints>[110, -65, 110, -65]</waypoints>
              <waypoints>[-3, -65, -3, -65]</waypoints>
            </contained>
            <contained xsi:type="di:GraphEdge" xmi:id="_Bty-EDHhEeSUJZ7ApY0OFQ" anchor="_e90YADHgEeSUJZ7ApY0OFQ _Btxv8DHhEeSUJZ7ApY0OFQ">
              <semanticModel xsi:type="di:EMFSemanticModelBridge" xmi:id="_Bty-ETHhEeSUJZ7ApY0OFQ" presentation="default">
                <element href="crf_eshift.sysml#_Bty-FDHhEeSUJZ7ApY0OFQ"/>
              </semanticModel>
              <contained xsi:type="di:EdgeObjectOffset" xmi:id="_Bty-EjHhEeSUJZ7ApY0OFQ" id="nameEdgeObject" offset="-24,15"/>
              <contained xsi:type="di:EdgeObjectOffset" xmi:id="_Bty-EzHhEeSUJZ7ApY0OFQ" visible="false" id="TransitionStereotypeEdgeObject"/>
              <waypoints>[110, 50, 110, 50]</waypoints>
              <waypoints>[110, 78, 110, 78]</waypoints>
              <waypoints>[17, 78, 17, 78]</waypoints>
            </contained>
            <contained xsi:type="di:GraphEdge" xmi:id="_Fd4kgDHhEeSUJZ7ApY0OFQ" anchor="_e90YADHgEeSUJZ7ApY0OFQ _Btxv8DHhEeSUJZ7ApY0OFQ">
              <semanticModel xsi:type="di:EMFSemanticModelBridge" xmi:id="_Fd4kgTHhEeSUJZ7ApY0OFQ" presentation="default">
                <element href="crf_eshift.sysml#_Fd5LkDHhEeSUJZ7ApY0OFQ"/>
              </semanticModel>
              <contained xsi:type="di:EdgeObjectOffset" xmi:id="_Fd4kgjHhEeSUJZ7ApY0OFQ" id="nameEdgeObject" offset="37,12"/>
              <contained xsi:type="di:EdgeObjectOffset" xmi:id="_Fd4kgzHhEeSUJZ7ApY0OFQ" visible="false" id="TransitionStereotypeEdgeObject"/>
              <waypoints>[-90, 47, -90, 47]</waypoints>
              <waypoints>[-90, 80, -90, 80]</waypoints>
              <waypoints>[-20, 80, -20, 80]</waypoints>
            </contained>
          </contained>
        </contained>
        <contained xsi:type="di:GraphEdge" xmi:id="_F3M8EDHkEeSUJZ7ApY0OFQ" anchor="_F3Lt8DHkEeSUJZ7ApY0OFQ _F3Lt8THkEeSUJZ7ApY0OFQ">
          <semanticModel xsi:type="di:EMFSemanticModelBridge" xmi:id="_F3M8ETHkEeSUJZ7ApY0OFQ" presentation="default">
            <element href="crf_eshift.sysml#_F3M8FDHkEeSUJZ7ApY0OFQ"/>
          </semanticModel>
          <contained xsi:type="di:EdgeObjectOffset" xmi:id="_F3M8EjHkEeSUJZ7ApY0OFQ" id="nameEdgeObject"/>
          <contained xsi:type="di:EdgeObjectOffset" xmi:id="_F3M8EzHkEeSUJZ7ApY0OFQ" visible="false" id="TransitionStereotypeEdgeObject"/>
        </contained>
      </contained>
    </diagrams>