<?xml version="1.0" encoding="UTF-8"?><diagrams xmlns:xmi="http://www.omg.org/XMI" xmlns:xsi="http://www.w3.org/2001/XMLSchema-instance" xmlns:di="http://www.topcased.org/DI/1.0" xmlns:diagrams="http://www.topcased.org/Diagrams/1.0" xmi:id="_8qgY8LQhEeOZZt0WxCZ6WA" position="0,0" size="100,100" name="DHT" viewport="0,0">
    <property xmi:id="_8rsrwLQhEeOZZt0WxCZ6WA" key="pageFormatName" value="A4"/>
    <property xmi:id="_8rsrwbQhEeOZZt0WxCZ6WA" key="diagramWidth" value="840"/>
    <property xmi:id="_8r2cwLQhEeOZZt0WxCZ6WA" key="diagramHeight" value="1188"/>
    <property xmi:id="_8r2cwbQhEeOZZt0WxCZ6WA" key="pageMarginName" value="Small Margin"/>
    <property xmi:id="_8r_msLQhEeOZZt0WxCZ6WA" key="diagramTopMargin" value="20"/>
    <property xmi:id="_8r_msbQhEeOZZt0WxCZ6WA" key="diagramBottomMargin" value="20"/>
    <property xmi:id="_8r_msrQhEeOZZt0WxCZ6WA" key="diagramLeftMargin" value="20"/>
    <property xmi:id="_8sJXsLQhEeOZZt0WxCZ6WA" key="diagramRightMargin" value="20"/>
    <property xmi:id="_8sJXsbQhEeOZZt0WxCZ6WA" key="orientation" value="portrait"/>
    <semanticModel xsi:type="di:EMFSemanticModelBridge" xmi:id="_8qgY8bQhEeOZZt0WxCZ6WA" presentation="org.topcased.modeler.sysml.blockdefinitiondiagram">
      <element href="crf_eshift.sysml#idPackage"/>
    </semanticModel>
    <contained xsi:type="di:GraphNode" xmi:id="_Fv6eQLQiEeOZZt0WxCZ6WA" position="83,185" size="152,-1">
      <anchorage xmi:id="_bDRuMbQiEeOZZt0WxCZ6WA" graphEdge="_bDkpILQiEeOZZt0WxCZ6WA"/>
      <semanticModel xsi:type="di:EMFSemanticModelBridge" xmi:id="_Fv6eQbQiEeOZZt0WxCZ6WA" presentation="default">
        <element href="crf_eshift.sysml#_Fw9nILQiEeOZZt0WxCZ6WA"/>
      </semanticModel>
      <contained xsi:type="di:GraphNode" xmi:id="_Fv6eQrQiEeOZZt0WxCZ6WA">
        <property xmi:id="_Fv6eQ7QiEeOZZt0WxCZ6WA" key="eStructuralFeatureID" value="12"/>
        <semanticModel xsi:type="di:EMFSemanticModelBridge" xmi:id="_Fv6eRLQiEeOZZt0WxCZ6WA" presentation="constraints">
          <element href="crf_eshift.sysml#_Fw9nILQiEeOZZt0WxCZ6WA"/>
        </semanticModel>
      </contained>
      <contained xsi:type="di:GraphNode" xmi:id="_Fv6eRbQiEeOZZt0WxCZ6WA">
        <property xmi:id="_Fv6eRrQiEeOZZt0WxCZ6WA" key="eStructuralFeatureID" value="47 50 "/>
        <semanticModel xsi:type="di:EMFSemanticModelBridge" xmi:id="_Fv6eR7QiEeOZZt0WxCZ6WA" presentation="operations">
          <element href="crf_eshift.sysml#_Fw9nILQiEeOZZt0WxCZ6WA"/>
        </semanticModel>
      </contained>
      <contained xsi:type="di:GraphNode" xmi:id="_Fv6eSLQiEeOZZt0WxCZ6WA">
        <property xmi:id="_Fv6eSbQiEeOZZt0WxCZ6WA" key="eStructuralFeatureID" value="37"/>
        <semanticModel xsi:type="di:EMFSemanticModelBridge" xmi:id="_Fv6eSrQiEeOZZt0WxCZ6WA" presentation="default">
          <element href="crf_eshift.sysml#_Fw9nILQiEeOZZt0WxCZ6WA"/>
        </semanticModel>
      </contained>
      <contained xsi:type="di:GraphNode" xmi:id="_KpauYLQjEeOZZt0WxCZ6WA" position="5,39" size="15,15">
        <property xmi:id="_KpauYbQjEeOZZt0WxCZ6WA" key="portPosition" value="1"/>
        <semanticModel xsi:type="di:EMFSemanticModelBridge" xmi:id="_KpauYrQjEeOZZt0WxCZ6WA" presentation="default">
          <element href="crf_eshift.sysml#_KpauY7QjEeOZZt0WxCZ6WA"/>
        </semanticModel>
      </contained>
      <contained xsi:type="di:GraphNode" xmi:id="_QQQbELQjEeOZZt0WxCZ6WA" position="1,51" size="15,15">
        <property xmi:id="_QQQbEbQjEeOZZt0WxCZ6WA" key="portPosition" value="1"/>
        <semanticModel xsi:type="di:EMFSemanticModelBridge" xmi:id="_QQQbErQjEeOZZt0WxCZ6WA" presentation="default">
          <element href="crf_eshift.sysml#_QQQbE7QjEeOZZt0WxCZ6WA"/>
        </semanticModel>
      </contained>
      <contained xsi:type="di:GraphNode" xmi:id="_UqxekLQjEeOZZt0WxCZ6WA" position="1,63" size="15,15">
        <property xmi:id="_UqxekbQjEeOZZt0WxCZ6WA" key="portPosition" value="1"/>
        <semanticModel xsi:type="di:EMFSemanticModelBridge" xmi:id="_UqxekrQjEeOZZt0WxCZ6WA" presentation="default">
          <element href="crf_eshift.sysml#_Uqxek7QjEeOZZt0WxCZ6WA"/>
        </semanticModel>
      </contained>
      <contained xsi:type="di:GraphNode" xmi:id="_Xz7A0LQjEeOZZt0WxCZ6WA" position="1,75" size="15,15">
        <property xmi:id="_Xz7A0bQjEeOZZt0WxCZ6WA" key="portPosition" value="1"/>
        <semanticModel xsi:type="di:EMFSemanticModelBridge" xmi:id="_Xz7A0rQjEeOZZt0WxCZ6WA" presentation="default">
          <element href="crf_eshift.sysml#_Xz7A07QjEeOZZt0WxCZ6WA"/>
        </semanticModel>
      </contained>
      <contained xsi:type="di:GraphNode" xmi:id="_cTWZgLQjEeOZZt0WxCZ6WA" position="5,92" size="15,15">
        <property xmi:id="_cTWZgbQjEeOZZt0WxCZ6WA" key="portPosition" value="1"/>
        <semanticModel xsi:type="di:EMFSemanticModelBridge" xmi:id="_cTWZgrQjEeOZZt0WxCZ6WA" presentation="default">
          <element href="crf_eshift.sysml#_cTWZg7QjEeOZZt0WxCZ6WA"/>
        </semanticModel>
      </contained>
      <contained xsi:type="di:GraphNode" xmi:id="_hcI4QLQjEeOZZt0WxCZ6WA" position="134,37" size="15,15">
        <property xmi:id="_hcI4QbQjEeOZZt0WxCZ6WA" key="portPosition" value="4"/>
        <semanticModel xsi:type="di:EMFSemanticModelBridge" xmi:id="_hcI4QrQjEeOZZt0WxCZ6WA" presentation="default">
          <element href="crf_eshift.sysml#_hcI4Q7QjEeOZZt0WxCZ6WA"/>
        </semanticModel>
      </contained>
      <contained xsi:type="di:GraphNode" xmi:id="_kSYsoLQjEeOZZt0WxCZ6WA" position="133,49" size="15,15">
        <property xmi:id="_kSYsobQjEeOZZt0WxCZ6WA" key="portPosition" value="4"/>
        <semanticModel xsi:type="di:EMFSemanticModelBridge" xmi:id="_kSYsorQjEeOZZt0WxCZ6WA" presentation="default">
          <element href="crf_eshift.sysml#_kSYso7QjEeOZZt0WxCZ6WA"/>
        </semanticModel>
      </contained>
      <contained xsi:type="di:GraphNode" xmi:id="_qEYgcLQjEeOZZt0WxCZ6WA" position="134,60" size="15,15">
        <property xmi:id="_qEYgcbQjEeOZZt0WxCZ6WA" key="portPosition" value="4"/>
        <semanticModel xsi:type="di:EMFSemanticModelBridge" xmi:id="_qEYgcrQjEeOZZt0WxCZ6WA" presentation="default">
          <element href="crf_eshift.sysml#_qEYgc7QjEeOZZt0WxCZ6WA"/>
        </semanticModel>
      </contained>
      <contained xsi:type="di:GraphNode" xmi:id="_udRMQLQjEeOZZt0WxCZ6WA" position="133,70" size="15,15">
        <property xmi:id="_udRMQbQjEeOZZt0WxCZ6WA" key="portPosition" value="4"/>
        <semanticModel xsi:type="di:EMFSemanticModelBridge" xmi:id="_udRMQrQjEeOZZt0WxCZ6WA" presentation="default">
          <element href="crf_eshift.sysml#_uda9QLQjEeOZZt0WxCZ6WA"/>
        </semanticModel>
      </contained>
      <contained xsi:type="di:GraphNode" xmi:id="_zF6yYLQjEeOZZt0WxCZ6WA" position="135,85" size="15,15">
        <property xmi:id="_zF6yYbQjEeOZZt0WxCZ6WA" key="portPosition" value="4"/>
        <semanticModel xsi:type="di:EMFSemanticModelBridge" xmi:id="_zF6yYrQjEeOZZt0WxCZ6WA" presentation="default">
          <element href="crf_eshift.sysml#_zGEjYLQjEeOZZt0WxCZ6WA"/>
        </semanticModel>
      </contained>
      <contained xsi:type="di:GraphNode" xmi:id="_3nuwsLQjEeOZZt0WxCZ6WA" position="134,100" size="15,15">
        <property xmi:id="_3nuwsbQjEeOZZt0WxCZ6WA" key="portPosition" value="4"/>
        <semanticModel xsi:type="di:EMFSemanticModelBridge" xmi:id="_3nuwsrQjEeOZZt0WxCZ6WA" presentation="default">
          <element href="crf_eshift.sysml#_3n4hsLQjEeOZZt0WxCZ6WA"/>
        </semanticModel>
      </contained>
      <contained xsi:type="di:GraphNode" xmi:id="_7HyXELQjEeOZZt0WxCZ6WA" position="136,115" size="15,15">
        <property xmi:id="_7HyXEbQjEeOZZt0WxCZ6WA" key="portPosition" value="4"/>
        <semanticModel xsi:type="di:EMFSemanticModelBridge" xmi:id="_7HyXErQjEeOZZt0WxCZ6WA" presentation="default">
          <element href="crf_eshift.sysml#_7HyXE7QjEeOZZt0WxCZ6WA"/>
        </semanticModel>
      </contained>
      <contained xsi:type="di:GraphNode" xmi:id="_B3-RcLQkEeOZZt0WxCZ6WA" position="134,131" size="15,15">
        <property xmi:id="_B3-RcbQkEeOZZt0WxCZ6WA" key="portPosition" value="4"/>
        <semanticModel xsi:type="di:EMFSemanticModelBridge" xmi:id="_B3-RcrQkEeOZZt0WxCZ6WA" presentation="default">
          <element href="crf_eshift.sysml#_B3-Rc7QkEeOZZt0WxCZ6WA"/>
        </semanticModel>
      </contained>
    </contained>
    <contained xsi:type="di:GraphNode" xmi:id="_Ol2kMLQiEeOZZt0WxCZ6WA" position="350,15" size="100,-1">
      <anchorage xmi:id="_bDRuMLQiEeOZZt0WxCZ6WA" graphEdge="_bDkpILQiEeOZZt0WxCZ6WA _cZ3GobQiEeOZZt0WxCZ6WA _c1_B8LQiEeOZZt0WxCZ6WA _dOOi0bQiEeOZZt0WxCZ6WA _eNUBQbQiEeOZZt0WxCZ6WA"/>
      <semanticModel xsi:type="di:EMFSemanticModelBridge" xmi:id="_Ol2kMbQiEeOZZt0WxCZ6WA" presentation="default">
        <element href="crf_eshift.sysml#_Ol_uILQiEeOZZt0WxCZ6WA"/>
      </semanticModel>
      <contained xsi:type="di:GraphNode" xmi:id="_Ol2kMrQiEeOZZt0WxCZ6WA">
        <property xmi:id="_Ol2kM7QiEeOZZt0WxCZ6WA" key="eStructuralFeatureID" value="12"/>
        <semanticModel xsi:type="di:EMFSemanticModelBridge" xmi:id="_Ol2kNLQiEeOZZt0WxCZ6WA" presentation="constraints">
          <element href="crf_eshift.sysml#_Ol_uILQiEeOZZt0WxCZ6WA"/>
        </semanticModel>
      </contained>
      <contained xsi:type="di:GraphNode" xmi:id="_Ol2kNbQiEeOZZt0WxCZ6WA">
        <property xmi:id="_Ol2kNrQiEeOZZt0WxCZ6WA" key="eStructuralFeatureID" value="47 50 "/>
        <semanticModel xsi:type="di:EMFSemanticModelBridge" xmi:id="_Ol2kN7QiEeOZZt0WxCZ6WA" presentation="operations">
          <element href="crf_eshift.sysml#_Ol_uILQiEeOZZt0WxCZ6WA"/>
        </semanticModel>
      </contained>
      <contained xsi:type="di:GraphNode" xmi:id="_Ol2kOLQiEeOZZt0WxCZ6WA">
        <property xmi:id="_Ol2kObQiEeOZZt0WxCZ6WA" key="eStructuralFeatureID" value="37"/>
        <semanticModel xsi:type="di:EMFSemanticModelBridge" xmi:id="_Ol2kOrQiEeOZZt0WxCZ6WA" presentation="default">
          <element href="crf_eshift.sysml#_Ol_uILQiEeOZZt0WxCZ6WA"/>
        </semanticModel>
      </contained>
    </contained>
    <contained xsi:type="di:GraphNode" xmi:id="_TMuBoLQiEeOZZt0WxCZ6WA" position="174,394" size="100,-1">
      <anchorage xmi:id="_cZ3GoLQiEeOZZt0WxCZ6WA" graphEdge="_cZ3GobQiEeOZZt0WxCZ6WA"/>
      <semanticModel xsi:type="di:EMFSemanticModelBridge" xmi:id="_TMuBobQiEeOZZt0WxCZ6WA" presentation="default">
        <element href="crf_eshift.sysml#_TM3yoLQiEeOZZt0WxCZ6WA"/>
      </semanticModel>
      <contained xsi:type="di:GraphNode" xmi:id="_TMuBorQiEeOZZt0WxCZ6WA">
        <property xmi:id="_TMuBo7QiEeOZZt0WxCZ6WA" key="eStructuralFeatureID" value="12"/>
        <semanticModel xsi:type="di:EMFSemanticModelBridge" xmi:id="_TMuBpLQiEeOZZt0WxCZ6WA" presentation="constraints">
          <element href="crf_eshift.sysml#_TM3yoLQiEeOZZt0WxCZ6WA"/>
        </semanticModel>
      </contained>
      <contained xsi:type="di:GraphNode" xmi:id="_TMuBpbQiEeOZZt0WxCZ6WA">
        <property xmi:id="_TMuBprQiEeOZZt0WxCZ6WA" key="eStructuralFeatureID" value="47 50 "/>
        <semanticModel xsi:type="di:EMFSemanticModelBridge" xmi:id="_TMuBp7QiEeOZZt0WxCZ6WA" presentation="operations">
          <element href="crf_eshift.sysml#_TM3yoLQiEeOZZt0WxCZ6WA"/>
        </semanticModel>
      </contained>
      <contained xsi:type="di:GraphNode" xmi:id="_TMuBqLQiEeOZZt0WxCZ6WA">
        <property xmi:id="_TMuBqbQiEeOZZt0WxCZ6WA" key="eStructuralFeatureID" value="37"/>
        <semanticModel xsi:type="di:EMFSemanticModelBridge" xmi:id="_TMuBqrQiEeOZZt0WxCZ6WA" presentation="default">
          <element href="crf_eshift.sysml#_TM3yoLQiEeOZZt0WxCZ6WA"/>
        </semanticModel>
      </contained>
      <contained xsi:type="di:GraphNode" xmi:id="_wFOeALQiEeOZZt0WxCZ6WA" position="3,61" size="15,15">
        <property xmi:id="_wFOeAbQiEeOZZt0WxCZ6WA" key="portPosition" value="1"/>
        <semanticModel xsi:type="di:EMFSemanticModelBridge" xmi:id="_wFOeArQiEeOZZt0WxCZ6WA" presentation="default">
          <element href="crf_eshift.sysml#_wFrJ8LQiEeOZZt0WxCZ6WA"/>
        </semanticModel>
      </contained>
      <contained xsi:type="di:GraphNode" xmi:id="_0TjfoLQiEeOZZt0WxCZ6WA" position="85,61" size="15,15">
        <property xmi:id="_0TjfobQiEeOZZt0WxCZ6WA" key="portPosition" value="4"/>
        <semanticModel xsi:type="di:EMFSemanticModelBridge" xmi:id="_0TjforQiEeOZZt0WxCZ6WA" presentation="default">
          <element href="crf_eshift.sysml#_0Tjfo7QiEeOZZt0WxCZ6WA"/>
        </semanticModel>
      </contained>
      <contained xsi:type="di:GraphNode" xmi:id="_4BvBkLQiEeOZZt0WxCZ6WA" position="85,99" size="15,15">
        <property xmi:id="_4BvBkbQiEeOZZt0WxCZ6WA" key="portPosition" value="4"/>
        <semanticModel xsi:type="di:EMFSemanticModelBridge" xmi:id="_4BvBkrQiEeOZZt0WxCZ6WA" presentation="default">
          <element href="crf_eshift.sysml#_4BvBk7QiEeOZZt0WxCZ6WA"/>
        </semanticModel>
      </contained>
    </contained>
    <contained xsi:type="di:GraphNode" xmi:id="_U5xZULQiEeOZZt0WxCZ6WA" position="376,539" size="100,-1">
      <anchorage xmi:id="_c11Q8LQiEeOZZt0WxCZ6WA" graphEdge="_c1_B8LQiEeOZZt0WxCZ6WA"/>
      <semanticModel xsi:type="di:EMFSemanticModelBridge" xmi:id="_U5xZUbQiEeOZZt0WxCZ6WA" presentation="default">
        <element href="crf_eshift.sysml#_U57KULQiEeOZZt0WxCZ6WA"/>
      </semanticModel>
      <contained xsi:type="di:GraphNode" xmi:id="_U5xZUrQiEeOZZt0WxCZ6WA">
        <property xmi:id="_U5xZU7QiEeOZZt0WxCZ6WA" key="eStructuralFeatureID" value="12"/>
        <semanticModel xsi:type="di:EMFSemanticModelBridge" xmi:id="_U5xZVLQiEeOZZt0WxCZ6WA" presentation="constraints">
          <element href="crf_eshift.sysml#_U57KULQiEeOZZt0WxCZ6WA"/>
        </semanticModel>
      </contained>
      <contained xsi:type="di:GraphNode" xmi:id="_U5xZVbQiEeOZZt0WxCZ6WA">
        <property xmi:id="_U5xZVrQiEeOZZt0WxCZ6WA" key="eStructuralFeatureID" value="47 50 "/>
        <semanticModel xsi:type="di:EMFSemanticModelBridge" xmi:id="_U5xZV7QiEeOZZt0WxCZ6WA" presentation="operations">
          <element href="crf_eshift.sysml#_U57KULQiEeOZZt0WxCZ6WA"/>
        </semanticModel>
      </contained>
      <contained xsi:type="di:GraphNode" xmi:id="_U5xZWLQiEeOZZt0WxCZ6WA">
        <property xmi:id="_U5xZWbQiEeOZZt0WxCZ6WA" key="eStructuralFeatureID" value="37"/>
        <semanticModel xsi:type="di:EMFSemanticModelBridge" xmi:id="_U5xZWrQiEeOZZt0WxCZ6WA" presentation="default">
          <element href="crf_eshift.sysml#_U57KULQiEeOZZt0WxCZ6WA"/>
        </semanticModel>
      </contained>
      <contained xsi:type="di:GraphNode" xmi:id="__Cu_ILQiEeOZZt0WxCZ6WA" position="85,49" size="15,15">
        <property xmi:id="__Cu_IbQiEeOZZt0WxCZ6WA" key="portPosition" value="4"/>
        <semanticModel xsi:type="di:EMFSemanticModelBridge" xmi:id="__Cu_IrQiEeOZZt0WxCZ6WA" presentation="default">
          <element href="crf_eshift.sysml#__C4wILQiEeOZZt0WxCZ6WA"/>
        </semanticModel>
      </contained>
      <contained xsi:type="di:GraphNode" xmi:id="_CcizkLQjEeOZZt0WxCZ6WA" position="85,97" size="15,15">
        <property xmi:id="_CcizkbQjEeOZZt0WxCZ6WA" key="portPosition" value="4"/>
        <semanticModel xsi:type="di:EMFSemanticModelBridge" xmi:id="_CcizkrQjEeOZZt0WxCZ6WA" presentation="default">
          <element href="crf_eshift.sysml#_Ccizk7QjEeOZZt0WxCZ6WA"/>
        </semanticModel>
      </contained>
    </contained>
    <contained xsi:type="di:GraphNode" xmi:id="_WR1_gLQiEeOZZt0WxCZ6WA" position="503,250" size="116,-1">
      <anchorage xmi:id="_dOOi0LQiEeOZZt0WxCZ6WA" graphEdge="_dOOi0bQiEeOZZt0WxCZ6WA"/>
      <semanticModel xsi:type="di:EMFSemanticModelBridge" xmi:id="_WR1_gbQiEeOZZt0WxCZ6WA" presentation="default">
        <element href="crf_eshift.sysml#_WR_wgLQiEeOZZt0WxCZ6WA"/>
      </semanticModel>
      <contained xsi:type="di:GraphNode" xmi:id="_WR1_grQiEeOZZt0WxCZ6WA">
        <property xmi:id="_WR1_g7QiEeOZZt0WxCZ6WA" key="eStructuralFeatureID" value="12"/>
        <semanticModel xsi:type="di:EMFSemanticModelBridge" xmi:id="_WR1_hLQiEeOZZt0WxCZ6WA" presentation="constraints">
          <element href="crf_eshift.sysml#_WR_wgLQiEeOZZt0WxCZ6WA"/>
        </semanticModel>
      </contained>
      <contained xsi:type="di:GraphNode" xmi:id="_WR1_hbQiEeOZZt0WxCZ6WA">
        <property xmi:id="_WR1_hrQiEeOZZt0WxCZ6WA" key="eStructuralFeatureID" value="47 50 "/>
        <semanticModel xsi:type="di:EMFSemanticModelBridge" xmi:id="_WR1_h7QiEeOZZt0WxCZ6WA" presentation="operations">
          <element href="crf_eshift.sysml#_WR_wgLQiEeOZZt0WxCZ6WA"/>
        </semanticModel>
      </contained>
      <contained xsi:type="di:GraphNode" xmi:id="_WR1_iLQiEeOZZt0WxCZ6WA">
        <property xmi:id="_WR1_ibQiEeOZZt0WxCZ6WA" key="eStructuralFeatureID" value="37"/>
        <semanticModel xsi:type="di:EMFSemanticModelBridge" xmi:id="_WR1_irQiEeOZZt0WxCZ6WA" presentation="default">
          <element href="crf_eshift.sysml#_WR_wgLQiEeOZZt0WxCZ6WA"/>
        </semanticModel>
      </contained>
      <contained xsi:type="di:GraphNode" xmi:id="_cP9R0LQkEeOZZt0WxCZ6WA" position="4,16" size="15,15">
        <property xmi:id="_cP9R0bQkEeOZZt0WxCZ6WA" key="portPosition" value="1"/>
        <semanticModel xsi:type="di:EMFSemanticModelBridge" xmi:id="_cP9R0rQkEeOZZt0WxCZ6WA" presentation="default">
          <element href="crf_eshift.sysml#_cP9R07QkEeOZZt0WxCZ6WA"/>
        </semanticModel>
      </contained>
      <contained xsi:type="di:GraphNode" xmi:id="_fu9vULQkEeOZZt0WxCZ6WA" position="0,31" size="15,15">
        <property xmi:id="_fu9vUbQkEeOZZt0WxCZ6WA" key="portPosition" value="1"/>
        <semanticModel xsi:type="di:EMFSemanticModelBridge" xmi:id="_fu9vUrQkEeOZZt0WxCZ6WA" presentation="default">
          <element href="crf_eshift.sysml#_fu9vU7QkEeOZZt0WxCZ6WA"/>
        </semanticModel>
      </contained>
      <contained xsi:type="di:GraphNode" xmi:id="_jWdacLQkEeOZZt0WxCZ6WA" position="1,43" size="15,15">
        <property xmi:id="_jWdacbQkEeOZZt0WxCZ6WA" key="portPosition" value="1"/>
        <semanticModel xsi:type="di:EMFSemanticModelBridge" xmi:id="_jWdacrQkEeOZZt0WxCZ6WA" presentation="default">
          <element href="crf_eshift.sysml#_jWdac7QkEeOZZt0WxCZ6WA"/>
        </semanticModel>
      </contained>
      <contained xsi:type="di:GraphNode" xmi:id="_p2R9kLQkEeOZZt0WxCZ6WA" position="-1,57" size="15,15">
        <property xmi:id="_p2R9kbQkEeOZZt0WxCZ6WA" key="portPosition" value="1"/>
        <semanticModel xsi:type="di:EMFSemanticModelBridge" xmi:id="_p2R9krQkEeOZZt0WxCZ6WA" presentation="default">
          <element href="crf_eshift.sysml#_p2R9k7QkEeOZZt0WxCZ6WA"/>
        </semanticModel>
      </contained>
      <contained xsi:type="di:GraphNode" xmi:id="_tQrn4LQkEeOZZt0WxCZ6WA" position="0,70" size="15,15">
        <property xmi:id="_tQrn4bQkEeOZZt0WxCZ6WA" key="portPosition" value="1"/>
        <semanticModel xsi:type="di:EMFSemanticModelBridge" xmi:id="_tQrn4rQkEeOZZt0WxCZ6WA" presentation="default">
          <element href="crf_eshift.sysml#_tQrn47QkEeOZZt0WxCZ6WA"/>
        </semanticModel>
      </contained>
      <contained xsi:type="di:GraphNode" xmi:id="_xDVaILQkEeOZZt0WxCZ6WA" position="-3,83" size="15,15">
        <property xmi:id="_xDVaIbQkEeOZZt0WxCZ6WA" key="portPosition" value="1"/>
        <semanticModel xsi:type="di:EMFSemanticModelBridge" xmi:id="_xDVaIrQkEeOZZt0WxCZ6WA" presentation="default">
          <element href="crf_eshift.sysml#_xDekELQkEeOZZt0WxCZ6WA"/>
        </semanticModel>
      </contained>
      <contained xsi:type="di:GraphNode" xmi:id="_04EQALQkEeOZZt0WxCZ6WA" position="-1,96" size="15,15">
        <property xmi:id="_04EQAbQkEeOZZt0WxCZ6WA" key="portPosition" value="1"/>
        <semanticModel xsi:type="di:EMFSemanticModelBridge" xmi:id="_04EQArQkEeOZZt0WxCZ6WA" presentation="default">
          <element href="crf_eshift.sysml#_04EQA7QkEeOZZt0WxCZ6WA"/>
        </semanticModel>
      </contained>
      <contained xsi:type="di:GraphNode" xmi:id="_5Y-2cLQkEeOZZt0WxCZ6WA" position="2,108" size="15,15">
        <property xmi:id="_5Y-2cbQkEeOZZt0WxCZ6WA" key="portPosition" value="1"/>
        <semanticModel xsi:type="di:EMFSemanticModelBridge" xmi:id="_5Y-2crQkEeOZZt0WxCZ6WA" presentation="default">
          <element href="crf_eshift.sysml#_5Y-2c7QkEeOZZt0WxCZ6WA"/>
        </semanticModel>
      </contained>
      <contained xsi:type="di:GraphNode" xmi:id="_-ig8ELQkEeOZZt0WxCZ6WA" position="3,122" size="15,15">
        <property xmi:id="_-ig8EbQkEeOZZt0WxCZ6WA" key="portPosition" value="1"/>
        <semanticModel xsi:type="di:EMFSemanticModelBridge" xmi:id="_-ig8ErQkEeOZZt0WxCZ6WA" presentation="default">
          <element href="crf_eshift.sysml#_-ig8E7QkEeOZZt0WxCZ6WA"/>
        </semanticModel>
      </contained>
      <contained xsi:type="di:GraphNode" xmi:id="_EcPvkLQlEeOZZt0WxCZ6WA" position="1,134" size="15,15">
        <property xmi:id="_EcPvkbQlEeOZZt0WxCZ6WA" key="portPosition" value="1"/>
        <semanticModel xsi:type="di:EMFSemanticModelBridge" xmi:id="_EcPvkrQlEeOZZt0WxCZ6WA" presentation="default">
          <element href="crf_eshift.sysml#_EcZgkLQlEeOZZt0WxCZ6WA"/>
        </semanticModel>
      </contained>
      <contained xsi:type="di:GraphNode" xmi:id="_LFTHMLQlEeOZZt0WxCZ6WA" position="100,132" size="15,15">
        <property xmi:id="_LFTHMbQlEeOZZt0WxCZ6WA" key="portPosition" value="4"/>
        <semanticModel xsi:type="di:EMFSemanticModelBridge" xmi:id="_LFTHMrQlEeOZZt0WxCZ6WA" presentation="default">
          <element href="crf_eshift.sysml#_LFcRILQlEeOZZt0WxCZ6WA"/>
        </semanticModel>
      </contained>
      <contained xsi:type="di:GraphNode" xmi:id="_Pi8XMLQlEeOZZt0WxCZ6WA" position="97,120" size="15,15">
        <property xmi:id="_Pi8XMbQlEeOZZt0WxCZ6WA" key="portPosition" value="4"/>
        <semanticModel xsi:type="di:EMFSemanticModelBridge" xmi:id="_Pi8XMrQlEeOZZt0WxCZ6WA" presentation="default">
          <element href="crf_eshift.sysml#_PjFhILQlEeOZZt0WxCZ6WA"/>
        </semanticModel>
      </contained>
      <contained xsi:type="di:GraphNode" xmi:id="_Ze-igLQlEeOZZt0WxCZ6WA" position="55,99" size="15,15">
        <property xmi:id="_Ze-igbQlEeOZZt0WxCZ6WA" key="portPosition" value="32"/>
        <semanticModel xsi:type="di:EMFSemanticModelBridge" xmi:id="_Ze-igrQlEeOZZt0WxCZ6WA" presentation="default">
          <element href="crf_eshift.sysml#_Ze-ig7QlEeOZZt0WxCZ6WA"/>
        </semanticModel>
      </contained>
      <contained xsi:type="di:GraphNode" xmi:id="_eM_JwLQlEeOZZt0WxCZ6WA" position="101,27" size="15,15">
        <property xmi:id="_eM_JwbQlEeOZZt0WxCZ6WA" key="portPosition" value="4"/>
        <semanticModel xsi:type="di:EMFSemanticModelBridge" xmi:id="_eM_JwrQlEeOZZt0WxCZ6WA" presentation="default">
          <element href="crf_eshift.sysml#_eM_Jw7QlEeOZZt0WxCZ6WA"/>
        </semanticModel>
      </contained>
      <contained xsi:type="di:GraphNode" xmi:id="_jlGd8LQlEeOZZt0WxCZ6WA" position="99,40" size="15,15">
        <property xmi:id="_jlGd8bQlEeOZZt0WxCZ6WA" key="portPosition" value="4"/>
        <semanticModel xsi:type="di:EMFSemanticModelBridge" xmi:id="_jlGd8rQlEeOZZt0WxCZ6WA" presentation="default">
          <element href="crf_eshift.sysml#_jlGd87QlEeOZZt0WxCZ6WA"/>
        </semanticModel>
      </contained>
      <contained xsi:type="di:GraphNode" xmi:id="_nb6XcLQlEeOZZt0WxCZ6WA" position="97,53" size="15,15">
        <property xmi:id="_nb6XcbQlEeOZZt0WxCZ6WA" key="portPosition" value="4"/>
        <semanticModel xsi:type="di:EMFSemanticModelBridge" xmi:id="_nb6XcrQlEeOZZt0WxCZ6WA" presentation="default">
          <element href="crf_eshift.sysml#_ncEIcLQlEeOZZt0WxCZ6WA"/>
        </semanticModel>
      </contained>
      <contained xsi:type="di:GraphNode" xmi:id="_t3RRULQlEeOZZt0WxCZ6WA" position="98,65" size="15,15">
        <property xmi:id="_t3RRUbQlEeOZZt0WxCZ6WA" key="portPosition" value="4"/>
        <semanticModel xsi:type="di:EMFSemanticModelBridge" xmi:id="_t3RRUrQlEeOZZt0WxCZ6WA" presentation="default">
          <element href="crf_eshift.sysml#_t3bCULQlEeOZZt0WxCZ6WA"/>
        </semanticModel>
      </contained>
    </contained>
    <contained xsi:type="di:GraphNode" xmi:id="_YZrOsLQiEeOZZt0WxCZ6WA" position="641,448" size="100,-1">
      <anchorage xmi:id="_eNUBQLQiEeOZZt0WxCZ6WA" graphEdge="_eNUBQbQiEeOZZt0WxCZ6WA"/>
      <semanticModel xsi:type="di:EMFSemanticModelBridge" xmi:id="_YZrOsbQiEeOZZt0WxCZ6WA" presentation="default">
        <element href="crf_eshift.sysml#_YZ0_sLQiEeOZZt0WxCZ6WA"/>
      </semanticModel>
      <contained xsi:type="di:GraphNode" xmi:id="_YZrOsrQiEeOZZt0WxCZ6WA">
        <property xmi:id="_YZrOs7QiEeOZZt0WxCZ6WA" key="eStructuralFeatureID" value="12"/>
        <semanticModel xsi:type="di:EMFSemanticModelBridge" xmi:id="_YZrOtLQiEeOZZt0WxCZ6WA" presentation="constraints">
          <element href="crf_eshift.sysml#_YZ0_sLQiEeOZZt0WxCZ6WA"/>
        </semanticModel>
      </contained>
      <contained xsi:type="di:GraphNode" xmi:id="_YZrOtbQiEeOZZt0WxCZ6WA">
        <property xmi:id="_YZrOtrQiEeOZZt0WxCZ6WA" key="eStructuralFeatureID" value="47 50 "/>
        <semanticModel xsi:type="di:EMFSemanticModelBridge" xmi:id="_YZrOt7QiEeOZZt0WxCZ6WA" presentation="operations">
          <element href="crf_eshift.sysml#_YZ0_sLQiEeOZZt0WxCZ6WA"/>
        </semanticModel>
      </contained>
      <contained xsi:type="di:GraphNode" xmi:id="_YZrOuLQiEeOZZt0WxCZ6WA">
        <property xmi:id="_YZrOubQiEeOZZt0WxCZ6WA" key="eStructuralFeatureID" value="37"/>
        <semanticModel xsi:type="di:EMFSemanticModelBridge" xmi:id="_YZrOurQiEeOZZt0WxCZ6WA" presentation="default">
          <element href="crf_eshift.sysml#_YZ0_sLQiEeOZZt0WxCZ6WA"/>
        </semanticModel>
      </contained>
    </contained>
    <contained xsi:type="di:GraphEdge" xmi:id="_bDkpILQiEeOZZt0WxCZ6WA" anchor="_bDRuMLQiEeOZZt0WxCZ6WA _bDRuMbQiEeOZZt0WxCZ6WA">
      <semanticModel xsi:type="di:SimpleSemanticModelElement" xmi:id="_bDkpIbQiEeOZZt0WxCZ6WA" presentation="default" typeInfo="ContainmentLink"/>
      <waypoints>[-238, 39, 3, -131]</waypoints>
    </contained>
    <contained xsi:type="di:GraphEdge" xmi:id="_cZ3GobQiEeOZZt0WxCZ6WA" anchor="_bDRuMLQiEeOZZt0WxCZ6WA _cZ3GoLQiEeOZZt0WxCZ6WA">
      <semanticModel xsi:type="di:SimpleSemanticModelElement" xmi:id="_cZ3GorQiEeOZZt0WxCZ6WA" presentation="default" typeInfo="ContainmentLink"/>
      <waypoints>[-39, 266, 134, -91]</waypoints>
      <waypoints>[-161, 266, 12, -91]</waypoints>
    </contained>
    <contained xsi:type="di:GraphEdge" xmi:id="_c1_B8LQiEeOZZt0WxCZ6WA" anchor="_bDRuMLQiEeOZZt0WxCZ6WA _c11Q8LQiEeOZZt0WxCZ6WA">
      <semanticModel xsi:type="di:SimpleSemanticModelElement" xmi:id="_c1_B8bQiEeOZZt0WxCZ6WA" presentation="default" typeInfo="ContainmentLink"/>
    </contained>
    <contained xsi:type="di:GraphEdge" xmi:id="_dOOi0bQiEeOZZt0WxCZ6WA" anchor="_bDRuMLQiEeOZZt0WxCZ6WA _dOOi0LQiEeOZZt0WxCZ6WA">
      <semanticModel xsi:type="di:SimpleSemanticModelElement" xmi:id="_dOOi0rQiEeOZZt0WxCZ6WA" presentation="default" typeInfo="ContainmentLink"/>
      <waypoints>[152, 76, -1, -159]</waypoints>
    </contained>
    <contained xsi:type="di:GraphEdge" xmi:id="_eNUBQbQiEeOZZt0WxCZ6WA" anchor="_bDRuMLQiEeOZZt0WxCZ6WA _eNUBQLQiEeOZZt0WxCZ6WA">
      <semanticModel xsi:type="di:SimpleSemanticModelElement" xmi:id="_eNUBQrQiEeOZZt0WxCZ6WA" presentation="default" typeInfo="ContainmentLink"/>
      <waypoints>[278, 50, -5, -234]</waypoints>
    </contained>
  </diagrams>