<?xml version="1.0" encoding="UTF-8"?><diagrams xmlns:xmi="http://www.omg.org/XMI" xmlns:xsi="http://www.w3.org/2001/XMLSchema-instance" xmlns:di="http://www.topcased.org/DI/1.0" xmlns:diagrams="http://www.topcased.org/Diagrams/1.0" xmi:id="_kKrpkQZeEeS9BfA3Z1-igA" position="0,0" size="100,100" name="Requirement1" viewport="0,37">
      <property xmi:id="_kL38YgZeEeS9BfA3Z1-igA" key="pageFormatName" value="A4"/>
      <property xmi:id="_kL38YwZeEeS9BfA3Z1-igA" key="diagramWidth" value="840"/>
      <property xmi:id="_kL38ZAZeEeS9BfA3Z1-igA" key="diagramHeight" value="1188"/>
      <property xmi:id="_kL38ZQZeEeS9BfA3Z1-igA" key="pageMarginName" value="Small Margin"/>
      <property xmi:id="_kL38ZgZeEeS9BfA3Z1-igA" key="diagramTopMargin" value="20"/>
      <property xmi:id="_kL38ZwZeEeS9BfA3Z1-igA" key="diagramBottomMargin" value="20"/>
      <property xmi:id="_kL38aAZeEeS9BfA3Z1-igA" key="diagramLeftMargin" value="20"/>
      <property xmi:id="_kL38aQZeEeS9BfA3Z1-igA" key="diagramRightMargin" value="20"/>
      <property xmi:id="_kL38agZeEeS9BfA3Z1-igA" key="orientation" value="portrait"/>
      <semanticModel xsi:type="di:EMFSemanticModelBridge" xmi:id="_kKrpkgZeEeS9BfA3Z1-igA" presentation="org.topcased.modeler.sysml.statemachinediagram">
        <element href="crf_eshift.sysml#_kKifoAZeEeS9BfA3Z1-igA"/>
      </semanticModel>
      <contained xsi:type="di:GraphNode" xmi:id="_kL38YAZeEeS9BfA3Z1-igA" size="-1,-1">
        <semanticModel xsi:type="di:EMFSemanticModelBridge" xmi:id="_kL38YQZeEeS9BfA3Z1-igA" presentation="default">
          <element href="crf_eshift.sysml#_kKifoQZeEeS9BfA3Z1-igA"/>
        </semanticModel>
        <contained xsi:type="di:GraphNode" xmi:id="_pUXgMAZeEeS9BfA3Z1-igA" position="31,34" size="-1,-1">
          <property xmi:id="_pUXgMgZeEeS9BfA3Z1-igA" key="name" value="visible"/>
          <anchorage xmi:id="_um-pUAZeEeS9BfA3Z1-igA" graphEdge="_unkfMAZeEeS9BfA3Z1-igA"/>
          <semanticModel xsi:type="di:EMFSemanticModelBridge" xmi:id="_pUXgMQZeEeS9BfA3Z1-igA" presentation="default">
            <element href="crf_eshift.sysml#_pUqbIAZeEeS9BfA3Z1-igA"/>
          </semanticModel>
        </contained>
        <contained xsi:type="di:GraphNode" xmi:id="_q9QJkAZeEeS9BfA3Z1-igA" position="19,112" size="101,50">
          <anchorage xmi:id="_um-pUQZeEeS9BfA3Z1-igA" graphEdge="_unkfMAZeEeS9BfA3Z1-igA _xbvP8QZeEeS9BfA3Z1-igA _Fhut0AZfEeS9BfA3Z1-igA _V7L2QAZkEeS9BfA3Z1-igA"/>
          <anchorage xmi:id="_xbvP8AZeEeS9BfA3Z1-igA" graphEdge="_xbvP8QZeEeS9BfA3Z1-igA"/>
          <semanticModel xsi:type="di:EMFSemanticModelBridge" xmi:id="_q9QJkQZeEeS9BfA3Z1-igA" presentation="default">
            <element href="crf_eshift.sysml#_q9Z6kAZeEeS9BfA3Z1-igA"/>
          </semanticModel>
        </contained>
        <contained xsi:type="di:GraphEdge" xmi:id="_unkfMAZeEeS9BfA3Z1-igA" anchor="_um-pUAZeEeS9BfA3Z1-igA _um-pUQZeEeS9BfA3Z1-igA">
          <semanticModel xsi:type="di:EMFSemanticModelBridge" xmi:id="_unkfMQZeEeS9BfA3Z1-igA" presentation="default">
            <element href="crf_eshift.sysml#_unkfNAZeEeS9BfA3Z1-igA"/>
          </semanticModel>
          <contained xsi:type="di:EdgeObjectOffset" xmi:id="_unkfMgZeEeS9BfA3Z1-igA" id="nameEdgeObject"/>
          <contained xsi:type="di:EdgeObjectOffset" xmi:id="_unkfMwZeEeS9BfA3Z1-igA" visible="false" id="TransitionStereotypeEdgeObject"/>
          <waypoints>[22, 0, 17, -93]</waypoints>
        </contained>
        <contained xsi:type="di:GraphEdge" xmi:id="_xbvP8QZeEeS9BfA3Z1-igA" anchor="_um-pUQZeEeS9BfA3Z1-igA _xbvP8AZeEeS9BfA3Z1-igA">
          <property xmi:id="_2ebGsAZeEeS9BfA3Z1-igA" key="router" value="Rectilinear"/>
          <semanticModel xsi:type="di:EMFSemanticModelBridge" xmi:id="_xbvP8gZeEeS9BfA3Z1-igA" presentation="default">
            <element href="crf_eshift.sysml#_xbvP9QZeEeS9BfA3Z1-igA"/>
          </semanticModel>
          <contained xsi:type="di:EdgeObjectOffset" xmi:id="_xbvP8wZeEeS9BfA3Z1-igA" id="nameEdgeObject" offset="1,14"/>
          <contained xsi:type="di:EdgeObjectOffset" xmi:id="_xbvP9AZeEeS9BfA3Z1-igA" visible="false" id="TransitionStereotypeEdgeObject"/>
          <waypoints>[15, 47, 15, 47]</waypoints>
          <waypoints>[-22, 47, -22, 47]</waypoints>
        </contained>
        <contained xsi:type="di:GraphNode" xmi:id="_8Z8p8AZeEeS9BfA3Z1-igA" position="202,18" size="451,280">
          <anchorage xmi:id="_BfUBQAZfEeS9BfA3Z1-igA" graphEdge="_Fhut0AZfEeS9BfA3Z1-igA _V7L2QAZkEeS9BfA3Z1-igA"/>
          <semanticModel xsi:type="di:EMFSemanticModelBridge" xmi:id="_8Z8p8QZeEeS9BfA3Z1-igA" presentation="default">
            <element href="crf_eshift.sysml#_8aFz4AZeEeS9BfA3Z1-igA"/>
          </semanticModel>
          <contained xsi:type="di:GraphNode" xmi:id="_8Z8p8gZeEeS9BfA3Z1-igA">
            <semanticModel xsi:type="di:EMFSemanticModelBridge" xmi:id="_8Z8p8wZeEeS9BfA3Z1-igA" presentation="default">
              <element href="crf_eshift.sysml#_8aFz4QZeEeS9BfA3Z1-igA"/>
            </semanticModel>
            <contained xsi:type="di:GraphNode" xmi:id="_QuObcAZfEeS9BfA3Z1-igA" position="9,21" size="-1,-1">
              <property xmi:id="_QuObcgZfEeS9BfA3Z1-igA" key="name" value="visible"/>
              <anchorage xmi:id="_CzlaoAZhEeS9BfA3Z1-igA" graphEdge="_CzlaoQZhEeS9BfA3Z1-igA"/>
              <semanticModel xsi:type="di:EMFSemanticModelBridge" xmi:id="_QuObcQZfEeS9BfA3Z1-igA" presentation="default">
                <element href="crf_eshift.sysml#_QuYMcAZfEeS9BfA3Z1-igA"/>
              </semanticModel>
            </contained>
            <contained xsi:type="di:GraphNode" xmi:id="_dmlN8AZfEeS9BfA3Z1-igA" position="104,12" size="88,50">
              <anchorage xmi:id="_nPsdQAZfEeS9BfA3Z1-igA" graphEdge="_nPsdQgZfEeS9BfA3Z1-igA _tqTwQQZfEeS9BfA3Z1-igA _CzlaoQZhEeS9BfA3Z1-igA"/>
              <anchorage xmi:id="_tqTwQAZfEeS9BfA3Z1-igA" graphEdge="_tqTwQQZfEeS9BfA3Z1-igA"/>
              <semanticModel xsi:type="di:EMFSemanticModelBridge" xmi:id="_dmlN8QZfEeS9BfA3Z1-igA" presentation="default">
                <element href="crf_eshift.sysml#_dmlN8gZfEeS9BfA3Z1-igA"/>
              </semanticModel>
            </contained>
            <contained xsi:type="di:GraphNode" xmi:id="_g9HE4AZfEeS9BfA3Z1-igA" position="272,12" size="79,50">
              <anchorage xmi:id="_nPsdQQZfEeS9BfA3Z1-igA" graphEdge="_nPsdQgZfEeS9BfA3Z1-igA _4E0AQQZfEeS9BfA3Z1-igA _ATeDwAZgEeS9BfA3Z1-igA _NcCcgQZgEeS9BfA3Z1-igA"/>
              <anchorage xmi:id="_4E0AQAZfEeS9BfA3Z1-igA" graphEdge="_4E0AQQZfEeS9BfA3Z1-igA _ATeDwAZgEeS9BfA3Z1-igA"/>
              <semanticModel xsi:type="di:EMFSemanticModelBridge" xmi:id="_g9HE4QZfEeS9BfA3Z1-igA" presentation="default">
                <element href="crf_eshift.sysml#_g9Q14AZfEeS9BfA3Z1-igA"/>
              </semanticModel>
            </contained>
            <contained xsi:type="di:GraphEdge" xmi:id="_nPsdQgZfEeS9BfA3Z1-igA" anchor="_nPsdQAZfEeS9BfA3Z1-igA _nPsdQQZfEeS9BfA3Z1-igA">
              <semanticModel xsi:type="di:EMFSemanticModelBridge" xmi:id="_nPsdQwZfEeS9BfA3Z1-igA" presentation="default">
                <element href="crf_eshift.sysml#_nPsdRgZfEeS9BfA3Z1-igA"/>
              </semanticModel>
              <contained xsi:type="di:EdgeObjectOffset" xmi:id="_nPsdRAZfEeS9BfA3Z1-igA" id="nameEdgeObject" offset="0,-11"/>
              <contained xsi:type="di:EdgeObjectOffset" xmi:id="_nPsdRQZfEeS9BfA3Z1-igA" visible="false" id="TransitionStereotypeEdgeObject"/>
            </contained>
            <contained xsi:type="di:GraphEdge" xmi:id="_tqTwQQZfEeS9BfA3Z1-igA" anchor="_nPsdQAZfEeS9BfA3Z1-igA _tqTwQAZfEeS9BfA3Z1-igA">
              <property xmi:id="_wAHxEAZfEeS9BfA3Z1-igA" key="router" value="Rectilinear"/>
              <semanticModel xsi:type="di:EMFSemanticModelBridge" xmi:id="_tqTwQgZfEeS9BfA3Z1-igA" presentation="default">
                <element href="crf_eshift.sysml#_tqTwRQZfEeS9BfA3Z1-igA"/>
              </semanticModel>
              <contained xsi:type="di:EdgeObjectOffset" xmi:id="_tqTwQwZfEeS9BfA3Z1-igA" id="nameEdgeObject" offset="-30,14"/>
              <contained xsi:type="di:EdgeObjectOffset" xmi:id="_tqTwRAZfEeS9BfA3Z1-igA" visible="false" id="TransitionStereotypeEdgeObject"/>
              <waypoints>[55, 12, 55, 12]</waypoints>
              <waypoints>[55, 40, 55, 40]</waypoints>
              <waypoints>[-1, 40, -1, 40]</waypoints>
            </contained>
            <contained xsi:type="di:GraphEdge" xmi:id="_4E0AQQZfEeS9BfA3Z1-igA" anchor="_nPsdQQZfEeS9BfA3Z1-igA _4E0AQAZfEeS9BfA3Z1-igA">
              <property xmi:id="_7s5hQAZfEeS9BfA3Z1-igA" key="router" value="Rectilinear"/>
              <semanticModel xsi:type="di:EMFSemanticModelBridge" xmi:id="_4E0AQgZfEeS9BfA3Z1-igA" presentation="default">
                <element href="crf_eshift.sysml#_4E0ARQZfEeS9BfA3Z1-igA"/>
              </semanticModel>
              <contained xsi:type="di:EdgeObjectOffset" xmi:id="_4E0AQwZfEeS9BfA3Z1-igA" id="nameEdgeObject" offset="29,12"/>
              <contained xsi:type="di:EdgeObjectOffset" xmi:id="_4E0ARAZfEeS9BfA3Z1-igA" visible="false" id="TransitionStereotypeEdgeObject"/>
              <waypoints>[63, -12, 63, -12]</waypoints>
              <waypoints>[63, -42, 63, -42]</waypoints>
              <waypoints>[3, -42, 3, -42]</waypoints>
            </contained>
            <contained xsi:type="di:GraphEdge" xmi:id="_ATeDwAZgEeS9BfA3Z1-igA" anchor="_nPsdQQZfEeS9BfA3Z1-igA _4E0AQAZfEeS9BfA3Z1-igA">
              <semanticModel xsi:type="di:EMFSemanticModelBridge" xmi:id="_ATeDwQZgEeS9BfA3Z1-igA" presentation="default">
                <element href="crf_eshift.sysml#_ATeDxAZgEeS9BfA3Z1-igA"/>
              </semanticModel>
              <contained xsi:type="di:EdgeObjectOffset" xmi:id="_ATeDwgZgEeS9BfA3Z1-igA" id="nameEdgeObject" offset="-12,12"/>
              <contained xsi:type="di:EdgeObjectOffset" xmi:id="_ATeDwwZgEeS9BfA3Z1-igA" visible="false" id="TransitionStereotypeEdgeObject"/>
              <waypoints>[67, 7, 67, 7]</waypoints>
              <waypoints>[67, 44, 67, 44]</waypoints>
              <waypoints>[9, 44, 9, 44]</waypoints>
            </contained>
            <contained xsi:type="di:GraphNode" xmi:id="_KRjdgAZgEeS9BfA3Z1-igA" position="255,141" size="77,50">
              <anchorage xmi:id="_NcCcgAZgEeS9BfA3Z1-igA" graphEdge="_NcCcgQZgEeS9BfA3Z1-igA _apOPgQZgEeS9BfA3Z1-igA _n-SMIQZgEeS9BfA3Z1-igA _xoqTIAeGEeS1EOa_rhDbNA"/>
              <anchorage xmi:id="_apOPgAZgEeS9BfA3Z1-igA" graphEdge="_apOPgQZgEeS9BfA3Z1-igA"/>
              <semanticModel xsi:type="di:EMFSemanticModelBridge" xmi:id="_KRjdgQZgEeS9BfA3Z1-igA" presentation="default">
                <element href="crf_eshift.sysml#_KRjdggZgEeS9BfA3Z1-igA"/>
              </semanticModel>
            </contained>
            <contained xsi:type="di:GraphEdge" xmi:id="_NcCcgQZgEeS9BfA3Z1-igA" anchor="_nPsdQQZfEeS9BfA3Z1-igA _NcCcgAZgEeS9BfA3Z1-igA">
              <property xmi:id="_R-TGwAZgEeS9BfA3Z1-igA" key="router" value="Rectilinear"/>
              <semanticModel xsi:type="di:EMFSemanticModelBridge" xmi:id="_NcCcggZgEeS9BfA3Z1-igA" presentation="default">
                <element href="crf_eshift.sysml#_NcCchQZgEeS9BfA3Z1-igA"/>
              </semanticModel>
              <contained xsi:type="di:EdgeObjectOffset" xmi:id="_NcCcgwZgEeS9BfA3Z1-igA" id="nameEdgeObject" offset="55,22"/>
              <contained xsi:type="di:EdgeObjectOffset" xmi:id="_NcCchAZgEeS9BfA3Z1-igA" visible="false" id="TransitionStereotypeEdgeObject"/>
              <waypoints>[-11, 67, -16, -51]</waypoints>
            </contained>
            <contained xsi:type="di:GraphEdge" xmi:id="_apOPgQZgEeS9BfA3Z1-igA" anchor="_NcCcgAZgEeS9BfA3Z1-igA _apOPgAZgEeS9BfA3Z1-igA">
              <property xmi:id="_cJ7NQAZgEeS9BfA3Z1-igA" key="router" value="Rectilinear"/>
              <semanticModel xsi:type="di:EMFSemanticModelBridge" xmi:id="_apOPggZgEeS9BfA3Z1-igA" presentation="default">
                <element href="crf_eshift.sysml#_apOPhQZgEeS9BfA3Z1-igA"/>
              </semanticModel>
              <contained xsi:type="di:EdgeObjectOffset" xmi:id="_apOPgwZgEeS9BfA3Z1-igA" id="nameEdgeObject" offset="28,-18"/>
              <contained xsi:type="di:EdgeObjectOffset" xmi:id="_apOPhAZgEeS9BfA3Z1-igA" visible="false" id="TransitionStereotypeEdgeObject"/>
              <waypoints>[77, 10, 77, 10]</waypoints>
              <waypoints>[77, 44, 77, 44]</waypoints>
              <waypoints>[15, 44, 15, 44]</waypoints>
            </contained>
            <contained xsi:type="di:GraphNode" xmi:id="_k-OUcAZgEeS9BfA3Z1-igA" position="43,139" size="89,50">
              <anchorage xmi:id="_n-SMIAZgEeS9BfA3Z1-igA" graphEdge="_n-SMIQZgEeS9BfA3Z1-igA _FOAOoQZhEeS9BfA3Z1-igA _xoqTIAeGEeS1EOa_rhDbNA"/>
              <anchorage xmi:id="_FOAOoAZhEeS9BfA3Z1-igA" graphEdge="_FOAOoQZhEeS9BfA3Z1-igA"/>
              <semanticModel xsi:type="di:EMFSemanticModelBridge" xmi:id="_k-OUcQZgEeS9BfA3Z1-igA" presentation="default">
                <element href="crf_eshift.sysml#_k-XeYAZgEeS9BfA3Z1-igA"/>
              </semanticModel>
            </contained>
            <contained xsi:type="di:GraphEdge" xmi:id="_n-SMIQZgEeS9BfA3Z1-igA" anchor="_NcCcgAZgEeS9BfA3Z1-igA _n-SMIAZgEeS9BfA3Z1-igA">
              <semanticModel xsi:type="di:EMFSemanticModelBridge" xmi:id="_n-SMIgZgEeS9BfA3Z1-igA" presentation="default">
                <element href="crf_eshift.sysml#_n-SMJQZgEeS9BfA3Z1-igA"/>
              </semanticModel>
              <contained xsi:type="di:EdgeObjectOffset" xmi:id="_n-SMIwZgEeS9BfA3Z1-igA" id="nameEdgeObject" offset="3,-13"/>
              <contained xsi:type="di:EdgeObjectOffset" xmi:id="_n-SMJAZgEeS9BfA3Z1-igA" visible="false" id="TransitionStereotypeEdgeObject"/>
              <waypoints>[-106, -8, 100, -6]</waypoints>
            </contained>
            <contained xsi:type="di:GraphEdge" xmi:id="_CzlaoQZhEeS9BfA3Z1-igA" anchor="_CzlaoAZhEeS9BfA3Z1-igA _nPsdQAZfEeS9BfA3Z1-igA">
              <semanticModel xsi:type="di:EMFSemanticModelBridge" xmi:id="_CzlaogZhEeS9BfA3Z1-igA" presentation="default">
                <element href="crf_eshift.sysml#_CzlapQZhEeS9BfA3Z1-igA"/>
              </semanticModel>
              <contained xsi:type="di:EdgeObjectOffset" xmi:id="_CzlaowZhEeS9BfA3Z1-igA" id="nameEdgeObject"/>
              <contained xsi:type="di:EdgeObjectOffset" xmi:id="_CzlapAZhEeS9BfA3Z1-igA" visible="false" id="TransitionStereotypeEdgeObject"/>
            </contained>
            <contained xsi:type="di:GraphEdge" xmi:id="_FOAOoQZhEeS9BfA3Z1-igA" anchor="_n-SMIAZgEeS9BfA3Z1-igA _FOAOoAZhEeS9BfA3Z1-igA">
              <semanticModel xsi:type="di:EMFSemanticModelBridge" xmi:id="_FOAOogZhEeS9BfA3Z1-igA" presentation="default">
                <element href="crf_eshift.sysml#_FOAOpQZhEeS9BfA3Z1-igA"/>
              </semanticModel>
              <contained xsi:type="di:EdgeObjectOffset" xmi:id="_FOAOowZhEeS9BfA3Z1-igA" id="nameEdgeObject" offset="28,15"/>
              <contained xsi:type="di:EdgeObjectOffset" xmi:id="_FOAOpAZhEeS9BfA3Z1-igA" visible="false" id="TransitionStereotypeEdgeObject"/>
              <waypoints>[-56, 14, -56, 14]</waypoints>
              <waypoints>[-56, 44, -56, 44]</waypoints>
              <waypoints>[3, 44, 3, 44]</waypoints>
            </contained>
            <contained xsi:type="di:GraphEdge" xmi:id="_xoqTIAeGEeS1EOa_rhDbNA" anchor="_n-SMIAZgEeS9BfA3Z1-igA _NcCcgAZgEeS9BfA3Z1-igA">
              <semanticModel xsi:type="di:EMFSemanticModelBridge" xmi:id="_xoqTIQeGEeS1EOa_rhDbNA" presentation="default">
                <element href="crf_eshift.sysml#_xoqTJAeGEeS1EOa_rhDbNA"/>
              </semanticModel>
              <contained xsi:type="di:EdgeObjectOffset" xmi:id="_xoqTIgeGEeS1EOa_rhDbNA" id="nameEdgeObject" offset="1,10"/>
              <contained xsi:type="di:EdgeObjectOffset" xmi:id="_xoqTIweGEeS1EOa_rhDbNA" visible="false" id="TransitionStereotypeEdgeObject"/>
              <waypoints>[123, 9, -83, 7]</waypoints>
            </contained>
          </contained>
        </contained>
        <contained xsi:type="di:GraphEdge" xmi:id="_Fhut0AZfEeS9BfA3Z1-igA" anchor="_BfUBQAZfEeS9BfA3Z1-igA _um-pUQZeEeS9BfA3Z1-igA">
          <property xmi:id="_KVGWMAZfEeS9BfA3Z1-igA" key="router" value="Rectilinear"/>
          <semanticModel xsi:type="di:EMFSemanticModelBridge" xmi:id="_Fhut0QZfEeS9BfA3Z1-igA" presentation="default">
            <element href="crf_eshift.sysml#_Fhut1AZfEeS9BfA3Z1-igA"/>
          </semanticModel>
          <contained xsi:type="di:EdgeObjectOffset" xmi:id="_Fhut0gZfEeS9BfA3Z1-igA" id="nameEdgeObject" offset="-3,13"/>
          <contained xsi:type="di:EdgeObjectOffset" xmi:id="_Fhut0wZfEeS9BfA3Z1-igA" visible="false" id="TransitionStereotypeEdgeObject"/>
          <waypoints>[-250, -8, 108, 13]</waypoints>
        </contained>
        <contained xsi:type="di:GraphNode" xmi:id="_dMAf4AZhEeS9BfA3Z1-igA" position="677,15" size="120,120">
          <property xmi:id="_dMAf4QZhEeS9BfA3Z1-igA" key="noteValue" value="The user has to be signaled after plugging but before entering the charging state"/>
          <semanticModel xsi:type="di:SimpleSemanticModelElement" xmi:id="_dMAf4gZhEeS9BfA3Z1-igA" presentation="default" typeInfo="Note"/>
        </contained>
        <contained xsi:type="di:GraphEdge" xmi:id="_V7L2QAZkEeS9BfA3Z1-igA" anchor="_um-pUQZeEeS9BfA3Z1-igA _BfUBQAZfEeS9BfA3Z1-igA">
          <semanticModel xsi:type="di:EMFSemanticModelBridge" xmi:id="_V7L2QQZkEeS9BfA3Z1-igA" presentation="default">
            <element href="crf_eshift.sysml#_V7L2RAZkEeS9BfA3Z1-igA"/>
          </semanticModel>
          <contained xsi:type="di:EdgeObjectOffset" xmi:id="_V7L2QgZkEeS9BfA3Z1-igA" id="nameEdgeObject" offset="-1,-12"/>
          <contained xsi:type="di:EdgeObjectOffset" xmi:id="_V7L2QwZkEeS9BfA3Z1-igA" visible="false" id="TransitionStereotypeEdgeObject"/>
          <waypoints>[111, -6, -247, -27]</waypoints>
        </contained>
      </contained>
    </diagrams>