<?xml version="1.0" encoding="UTF-8"?><diagrams xmlns:xmi="http://www.omg.org/XMI" xmlns:xsi="http://www.w3.org/2001/XMLSchema-instance" xmlns:di="http://www.topcased.org/DI/1.0" xmlns:diagrams="http://www.topcased.org/Diagrams/1.0" xmi:id="_qzr6Q6f2EeSM1rJQd-f8vg" position="0,0" size="100,100" name="TSR8_v4" zoom="0.75" viewport="0,0">
      <property xmi:id="_q1BXAqf2EeSM1rJQd-f8vg" key="pageFormatName" value="A2"/>
      <property xmi:id="_q1BXA6f2EeSM1rJQd-f8vg" key="diagramWidth" value="1680"/>
      <property xmi:id="_q1BXBKf2EeSM1rJQd-f8vg" key="diagramHeight" value="2376"/>
      <property xmi:id="_q1BXBaf2EeSM1rJQd-f8vg" key="pageMarginName" value="Small Margin"/>
      <property xmi:id="_q1BXBqf2EeSM1rJQd-f8vg" key="diagramTopMargin" value="20"/>
      <property xmi:id="_q1BXB6f2EeSM1rJQd-f8vg" key="diagramBottomMargin" value="20"/>
      <property xmi:id="_q1BXCKf2EeSM1rJQd-f8vg" key="diagramLeftMargin" value="20"/>
      <property xmi:id="_q1BXCaf2EeSM1rJQd-f8vg" key="diagramRightMargin" value="20"/>
      <property xmi:id="_q1BXCqf2EeSM1rJQd-f8vg" key="orientation" value="portrait"/>
      <semanticModel xsi:type="di:EMFSemanticModelBridge" xmi:id="_qzr6RKf2EeSM1rJQd-f8vg" presentation="org.topcased.modeler.sysml.statemachinediagram">
        <element href="crf_eshift.sysml#_qzr6QKf2EeSM1rJQd-f8vg"/>
      </semanticModel>
      <contained xsi:type="di:GraphNode" xmi:id="_q1BXAKf2EeSM1rJQd-f8vg" size="-1,-1">
        <semanticModel xsi:type="di:EMFSemanticModelBridge" xmi:id="_q1BXAaf2EeSM1rJQd-f8vg" presentation="default">
          <element href="crf_eshift.sysml#_qzr6Qaf2EeSM1rJQd-f8vg"/>
        </semanticModel>
        <contained xsi:type="di:GraphNode" xmi:id="_tZ0PAKf2EeSM1rJQd-f8vg" position="8,27" size="-1,-1">
          <property xmi:id="_tZ0PAqf2EeSM1rJQd-f8vg" key="name" value="visible"/>
          <anchorage xmi:id="_8TTLwKf2EeSM1rJQd-f8vg" graphEdge="_8TTLwqf2EeSM1rJQd-f8vg"/>
          <semanticModel xsi:type="di:EMFSemanticModelBridge" xmi:id="_tZ0PAaf2EeSM1rJQd-f8vg" presentation="default">
            <element href="crf_eshift.sysml#_tZ6VoKf2EeSM1rJQd-f8vg"/>
          </semanticModel>
        </contained>
        <contained xsi:type="di:GraphEdge" xmi:id="_8TTLwqf2EeSM1rJQd-f8vg" anchor="_8TTLwKf2EeSM1rJQd-f8vg _nhqdQKkREeS2Bo1LFUdYQg">
          <semanticModel xsi:type="di:EMFSemanticModelBridge" xmi:id="_8TTLw6f2EeSM1rJQd-f8vg" presentation="default">
            <element href="crf_eshift.sysml#_8TZSYKf2EeSM1rJQd-f8vg"/>
          </semanticModel>
          <contained xsi:type="di:EdgeObjectOffset" xmi:id="_8TTLxKf2EeSM1rJQd-f8vg" id="nameEdgeObject"/>
          <contained xsi:type="di:EdgeObjectOffset" xmi:id="_8TTLxaf2EeSM1rJQd-f8vg" visible="false" id="TransitionStereotypeEdgeObject"/>
          <waypoints>[171, 1, -720, -784]</waypoints>
        </contained>
        <contained xsi:type="di:GraphNode" xmi:id="_lN8HIKkREeS2Bo1LFUdYQg" position="75,14" size="910,1636">
          <anchorage xmi:id="_nhqdQKkREeS2Bo1LFUdYQg" graphEdge="_8TTLwqf2EeSM1rJQd-f8vg"/>
          <semanticModel xsi:type="di:EMFSemanticModelBridge" xmi:id="_lN8HIakREeS2Bo1LFUdYQg" presentation="default">
            <element href="crf_eshift.sysml#_lOFREKkREeS2Bo1LFUdYQg"/>
          </semanticModel>
          <contained xsi:type="di:GraphNode" xmi:id="_lN8HIqkREeS2Bo1LFUdYQg">
            <semanticModel xsi:type="di:EMFSemanticModelBridge" xmi:id="_lN8HI6kREeS2Bo1LFUdYQg" presentation="default">
              <element href="crf_eshift.sysml#_lOFREakREeS2Bo1LFUdYQg"/>
            </semanticModel>
            <contained xsi:type="di:GraphNode" xmi:id="_2O9qwKf2EeSM1rJQd-f8vg" position="76,1" size="794,785">
              <anchorage xmi:id="_8TTLwaf2EeSM1rJQd-f8vg" graphEdge="_LJyvIakZEeS2Bo1LFUdYQg"/>
              <semanticModel xsi:type="di:EMFSemanticModelBridge" xmi:id="_2O9qwaf2EeSM1rJQd-f8vg" presentation="default">
                <element href="crf_eshift.sysml#_2PDxYKf2EeSM1rJQd-f8vg"/>
              </semanticModel>
              <contained xsi:type="di:GraphNode" xmi:id="_2O9qwqf2EeSM1rJQd-f8vg">
                <semanticModel xsi:type="di:EMFSemanticModelBridge" xmi:id="_2O9qw6f2EeSM1rJQd-f8vg" presentation="default">
                  <element href="crf_eshift.sysml#_2PDxYaf2EeSM1rJQd-f8vg"/>
                </semanticModel>
                <contained xsi:type="di:GraphNode" xmi:id="_GlDIYKf3EeSM1rJQd-f8vg" position="0,7" size="-1,-1">
                  <property xmi:id="_GlJPAKf3EeSM1rJQd-f8vg" key="name" value="visible"/>
                  <anchorage xmi:id="_Oa31IKf3EeSM1rJQd-f8vg" graphEdge="_Oa97wKf3EeSM1rJQd-f8vg"/>
                  <semanticModel xsi:type="di:EMFSemanticModelBridge" xmi:id="_GlDIYaf3EeSM1rJQd-f8vg" presentation="default">
                    <element href="crf_eshift.sysml#_GlJPAaf3EeSM1rJQd-f8vg"/>
                  </semanticModel>
                </contained>
                <contained xsi:type="di:GraphNode" xmi:id="_KGf14Kf3EeSM1rJQd-f8vg" position="97,5" size="614,305">
                  <anchorage xmi:id="_Oa31Iaf3EeSM1rJQd-f8vg" graphEdge="_Oa97wKf3EeSM1rJQd-f8vg"/>
                  <semanticModel xsi:type="di:EMFSemanticModelBridge" xmi:id="_KGf14af3EeSM1rJQd-f8vg" presentation="default">
                    <element href="crf_eshift.sysml#_KGl8gKf3EeSM1rJQd-f8vg"/>
                  </semanticModel>
                  <contained xsi:type="di:GraphNode" xmi:id="_KGf14qf3EeSM1rJQd-f8vg">
                    <semanticModel xsi:type="di:EMFSemanticModelBridge" xmi:id="_KGf146f3EeSM1rJQd-f8vg" presentation="default">
                      <element href="crf_eshift.sysml#_KGl8gaf3EeSM1rJQd-f8vg"/>
                    </semanticModel>
                    <contained xsi:type="di:GraphNode" xmi:id="_RsxqwKf3EeSM1rJQd-f8vg" position="20,22" size="-1,-1">
                      <property xmi:id="_Rsxqwqf3EeSM1rJQd-f8vg" key="name" value="visible"/>
                      <anchorage xmi:id="_VbGWoKf3EeSM1rJQd-f8vg" graphEdge="_VbMdQKf3EeSM1rJQd-f8vg"/>
                      <semanticModel xsi:type="di:EMFSemanticModelBridge" xmi:id="_Rsxqwaf3EeSM1rJQd-f8vg" presentation="default">
                        <element href="crf_eshift.sysml#_Rsxqw6f3EeSM1rJQd-f8vg"/>
                      </semanticModel>
                    </contained>
                    <contained xsi:type="di:GraphNode" xmi:id="_UWb0oKf3EeSM1rJQd-f8vg" position="273,1" size="61,28">
                      <anchorage xmi:id="_VbGWoaf3EeSM1rJQd-f8vg" graphEdge="_eOPnQKf3EeSM1rJQd-f8vg _ucKQ0K1cEeShtag4VwNo4A"/>
                      <semanticModel xsi:type="di:EMFSemanticModelBridge" xmi:id="_UWb0oaf3EeSM1rJQd-f8vg" presentation="default">
                        <element href="crf_eshift.sysml#_UWh7QKf3EeSM1rJQd-f8vg"/>
                      </semanticModel>
                    </contained>
                    <contained xsi:type="di:GraphEdge" xmi:id="_VbMdQKf3EeSM1rJQd-f8vg" anchor="_VbGWoKf3EeSM1rJQd-f8vg _szH2cK1cEeShtag4VwNo4A">
                      <semanticModel xsi:type="di:EMFSemanticModelBridge" xmi:id="_VbMdQaf3EeSM1rJQd-f8vg" presentation="default">
                        <element href="crf_eshift.sysml#_VbMdRKf3EeSM1rJQd-f8vg"/>
                      </semanticModel>
                      <contained xsi:type="di:EdgeObjectOffset" xmi:id="_VbMdQqf3EeSM1rJQd-f8vg" id="nameEdgeObject"/>
                      <contained xsi:type="di:EdgeObjectOffset" xmi:id="_VbMdQ6f3EeSM1rJQd-f8vg" visible="false" id="TransitionStereotypeEdgeObject"/>
                      <waypoints>[63, 0, -40, -21]</waypoints>
                    </contained>
                    <contained xsi:type="di:GraphNode" xmi:id="_b3kDwKf3EeSM1rJQd-f8vg" position="459,1" size="62,103">
                      <anchorage xmi:id="_eOJgoKf3EeSM1rJQd-f8vg" graphEdge="_eOPnQKf3EeSM1rJQd-f8vg _jDthYKf3EeSM1rJQd-f8vg _oV4loKf3EeSM1rJQd-f8vg _sZ84AKf3EeSM1rJQd-f8vg"/>
                      <semanticModel xsi:type="di:EMFSemanticModelBridge" xmi:id="_b3kDwaf3EeSM1rJQd-f8vg" presentation="default">
                        <element href="crf_eshift.sysml#_b3qKYKf3EeSM1rJQd-f8vg"/>
                      </semanticModel>
                    </contained>
                    <contained xsi:type="di:GraphEdge" xmi:id="_eOPnQKf3EeSM1rJQd-f8vg" anchor="_VbGWoaf3EeSM1rJQd-f8vg _eOJgoKf3EeSM1rJQd-f8vg">
                      <semanticModel xsi:type="di:EMFSemanticModelBridge" xmi:id="_eOPnQaf3EeSM1rJQd-f8vg" presentation="default">
                        <element href="crf_eshift.sysml#_eOPnRKf3EeSM1rJQd-f8vg"/>
                      </semanticModel>
                      <contained xsi:type="di:EdgeObjectOffset" xmi:id="_eOPnQqf3EeSM1rJQd-f8vg" id="nameEdgeObject" offset="-4,-8"/>
                      <contained xsi:type="di:EdgeObjectOffset" xmi:id="_eOPnQ6f3EeSM1rJQd-f8vg" visible="false" id="TransitionStereotypeEdgeObject"/>
                      <waypoints>[144, 3, -37, -34]</waypoints>
                    </contained>
                    <contained xsi:type="di:GraphEdge" xmi:id="_jDthYKf3EeSM1rJQd-f8vg" anchor="_eOJgoKf3EeSM1rJQd-f8vg _szH2cK1cEeShtag4VwNo4A">
                      <semanticModel xsi:type="di:EMFSemanticModelBridge" xmi:id="_jDthYaf3EeSM1rJQd-f8vg" presentation="default">
                        <element href="crf_eshift.sysml#_jDthZKf3EeSM1rJQd-f8vg"/>
                      </semanticModel>
                      <contained xsi:type="di:EdgeObjectOffset" xmi:id="_jDthYqf3EeSM1rJQd-f8vg" id="nameEdgeObject" offset="-2,-8"/>
                      <contained xsi:type="di:EdgeObjectOffset" xmi:id="_jDthY6f3EeSM1rJQd-f8vg" visible="false" id="TransitionStereotypeEdgeObject"/>
                    </contained>
                    <contained xsi:type="di:GraphEdge" xmi:id="_oV4loKf3EeSM1rJQd-f8vg" anchor="_eOJgoKf3EeSM1rJQd-f8vg _szH2cK1cEeShtag4VwNo4A">
                      <semanticModel xsi:type="di:EMFSemanticModelBridge" xmi:id="_oV4loaf3EeSM1rJQd-f8vg" presentation="default">
                        <element href="crf_eshift.sysml#_oV4lpKf3EeSM1rJQd-f8vg"/>
                      </semanticModel>
                      <contained xsi:type="di:EdgeObjectOffset" xmi:id="_oV4loqf3EeSM1rJQd-f8vg" id="nameEdgeObject" offset="-2,-8"/>
                      <contained xsi:type="di:EdgeObjectOffset" xmi:id="_oV4lo6f3EeSM1rJQd-f8vg" visible="false" id="TransitionStereotypeEdgeObject"/>
                      <waypoints>[-45, 17, 141, 17]</waypoints>
                    </contained>
                    <contained xsi:type="di:GraphEdge" xmi:id="_sZ84AKf3EeSM1rJQd-f8vg" anchor="_eOJgoKf3EeSM1rJQd-f8vg _szH2cK1cEeShtag4VwNo4A">
                      <semanticModel xsi:type="di:EMFSemanticModelBridge" xmi:id="_sZ84Aaf3EeSM1rJQd-f8vg" presentation="default">
                        <element href="crf_eshift.sysml#_sZ84BKf3EeSM1rJQd-f8vg"/>
                      </semanticModel>
                      <contained xsi:type="di:EdgeObjectOffset" xmi:id="_sZ84Aqf3EeSM1rJQd-f8vg" id="nameEdgeObject" offset="-10,-10"/>
                      <contained xsi:type="di:EdgeObjectOffset" xmi:id="_sZ84A6f3EeSM1rJQd-f8vg" visible="false" id="TransitionStereotypeEdgeObject"/>
                      <waypoints>[-113, 39, 231, 38]</waypoints>
                    </contained>
                    <contained xsi:type="di:GraphNode" xmi:id="_sDODgK1cEeShtag4VwNo4A" position="103,3" size="70,101">
                      <anchorage xmi:id="_szH2cK1cEeShtag4VwNo4A" graphEdge="_VbMdQKf3EeSM1rJQd-f8vg _ucKQ0K1cEeShtag4VwNo4A _sZ84AKf3EeSM1rJQd-f8vg _oV4loKf3EeSM1rJQd-f8vg _jDthYKf3EeSM1rJQd-f8vg"/>
                      <semanticModel xsi:type="di:EMFSemanticModelBridge" xmi:id="_sDODga1cEeShtag4VwNo4A" presentation="default">
                        <element href="crf_eshift.sysml#_sDg-cK1cEeShtag4VwNo4A"/>
                      </semanticModel>
                    </contained>
                    <contained xsi:type="di:GraphEdge" xmi:id="_ucKQ0K1cEeShtag4VwNo4A" anchor="_szH2cK1cEeShtag4VwNo4A _VbGWoaf3EeSM1rJQd-f8vg">
                      <semanticModel xsi:type="di:EMFSemanticModelBridge" xmi:id="_ucKQ0a1cEeShtag4VwNo4A" presentation="default">
                        <element href="crf_eshift.sysml#_ucKQ1K1cEeShtag4VwNo4A"/>
                      </semanticModel>
                      <contained xsi:type="di:EdgeObjectOffset" xmi:id="_ucKQ0q1cEeShtag4VwNo4A" id="nameEdgeObject" offset="-2,-11"/>
                      <contained xsi:type="di:EdgeObjectOffset" xmi:id="_ucKQ061cEeShtag4VwNo4A" visible="false" id="TransitionStereotypeEdgeObject"/>
                      <waypoints>[84, -32, -74, 6]</waypoints>
                    </contained>
                  </contained>
                  <contained xsi:type="di:GraphNode" xmi:id="_QV_eAKf3EeSM1rJQd-f8vg" position="221,119" size="-1,-1">
                    <semanticModel xsi:type="di:EMFSemanticModelBridge" xmi:id="_QV_eAaf3EeSM1rJQd-f8vg" presentation="default">
                      <element href="crf_eshift.sysml#_QV_eAqf3EeSM1rJQd-f8vg"/>
                    </semanticModel>
                    <contained xsi:type="di:GraphNode" xmi:id="_56dPoKf3EeSM1rJQd-f8vg" position="18,39" size="-1,-1">
                      <property xmi:id="_56dPoqf3EeSM1rJQd-f8vg" key="name" value="visible"/>
                      <anchorage xmi:id="_9awtoKf3EeSM1rJQd-f8vg" graphEdge="_9awtoqf3EeSM1rJQd-f8vg"/>
                      <semanticModel xsi:type="di:EMFSemanticModelBridge" xmi:id="_56dPoaf3EeSM1rJQd-f8vg" presentation="default">
                        <element href="crf_eshift.sysml#_56dPo6f3EeSM1rJQd-f8vg"/>
                      </semanticModel>
                    </contained>
                    <contained xsi:type="di:GraphNode" xmi:id="_76P9IKf3EeSM1rJQd-f8vg" position="272,12" size="63,32">
                      <anchorage xmi:id="_9awtoaf3EeSM1rJQd-f8vg" graphEdge="_DQsmQaf4EeSM1rJQd-f8vg _36kE8K1cEeShtag4VwNo4A"/>
                      <semanticModel xsi:type="di:EMFSemanticModelBridge" xmi:id="_76P9Iaf3EeSM1rJQd-f8vg" presentation="default">
                        <element href="crf_eshift.sysml#_76WDwKf3EeSM1rJQd-f8vg"/>
                      </semanticModel>
                    </contained>
                    <contained xsi:type="di:GraphEdge" xmi:id="_9awtoqf3EeSM1rJQd-f8vg" anchor="_9awtoKf3EeSM1rJQd-f8vg _2NW8QK1cEeShtag4VwNo4A">
                      <semanticModel xsi:type="di:EMFSemanticModelBridge" xmi:id="_9awto6f3EeSM1rJQd-f8vg" presentation="default">
                        <element href="crf_eshift.sysml#_9awtpqf3EeSM1rJQd-f8vg"/>
                      </semanticModel>
                      <contained xsi:type="di:EdgeObjectOffset" xmi:id="_9awtpKf3EeSM1rJQd-f8vg" id="nameEdgeObject"/>
                      <contained xsi:type="di:EdgeObjectOffset" xmi:id="_9awtpaf3EeSM1rJQd-f8vg" visible="false" id="TransitionStereotypeEdgeObject"/>
                    </contained>
                    <contained xsi:type="di:GraphNode" xmi:id="_-_2cIKf3EeSM1rJQd-f8vg" position="461,12" size="62,97">
                      <anchorage xmi:id="_DQsmQKf4EeSM1rJQd-f8vg" graphEdge="_DQsmQaf4EeSM1rJQd-f8vg _Ib6G4Kf4EeSM1rJQd-f8vg _MaQy0Kf4EeSM1rJQd-f8vg _StMJcKf4EeSM1rJQd-f8vg"/>
                      <semanticModel xsi:type="di:EMFSemanticModelBridge" xmi:id="_-_2cIaf3EeSM1rJQd-f8vg" presentation="default">
                        <element href="crf_eshift.sysml#_-_8iwKf3EeSM1rJQd-f8vg"/>
                      </semanticModel>
                    </contained>
                    <contained xsi:type="di:GraphEdge" xmi:id="_DQsmQaf4EeSM1rJQd-f8vg" anchor="_9awtoaf3EeSM1rJQd-f8vg _DQsmQKf4EeSM1rJQd-f8vg">
                      <semanticModel xsi:type="di:EMFSemanticModelBridge" xmi:id="_DQsmQqf4EeSM1rJQd-f8vg" presentation="default">
                        <element href="crf_eshift.sysml#_DQsmRaf4EeSM1rJQd-f8vg"/>
                      </semanticModel>
                      <contained xsi:type="di:EdgeObjectOffset" xmi:id="_DQsmQ6f4EeSM1rJQd-f8vg" id="nameEdgeObject" offset="-2,-12"/>
                      <contained xsi:type="di:EdgeObjectOffset" xmi:id="_DQsmRKf4EeSM1rJQd-f8vg" visible="false" id="TransitionStereotypeEdgeObject"/>
                      <waypoints>[145, -13, -49, -13]</waypoints>
                    </contained>
                    <contained xsi:type="di:GraphEdge" xmi:id="_Ib6G4Kf4EeSM1rJQd-f8vg" anchor="_DQsmQKf4EeSM1rJQd-f8vg _2NW8QK1cEeShtag4VwNo4A">
                      <semanticModel xsi:type="di:EMFSemanticModelBridge" xmi:id="_Ib6G4af4EeSM1rJQd-f8vg" presentation="default">
                        <element href="crf_eshift.sysml#_Ib6G5Kf4EeSM1rJQd-f8vg"/>
                      </semanticModel>
                      <contained xsi:type="di:EdgeObjectOffset" xmi:id="_Ib6G4qf4EeSM1rJQd-f8vg" id="nameEdgeObject" offset="-1,-9"/>
                      <contained xsi:type="di:EdgeObjectOffset" xmi:id="_Ib6G46f4EeSM1rJQd-f8vg" visible="false" id="TransitionStereotypeEdgeObject"/>
                      <waypoints>[-35, 5, 314, 4]</waypoints>
                    </contained>
                    <contained xsi:type="di:GraphEdge" xmi:id="_MaQy0Kf4EeSM1rJQd-f8vg" anchor="_DQsmQKf4EeSM1rJQd-f8vg _2NW8QK1cEeShtag4VwNo4A">
                      <semanticModel xsi:type="di:EMFSemanticModelBridge" xmi:id="_MaQy0af4EeSM1rJQd-f8vg" presentation="default">
                        <element href="crf_eshift.sysml#_MaQy1Kf4EeSM1rJQd-f8vg"/>
                      </semanticModel>
                      <contained xsi:type="di:EdgeObjectOffset" xmi:id="_MaQy0qf4EeSM1rJQd-f8vg" id="nameEdgeObject" offset="-2,-10"/>
                      <contained xsi:type="di:EdgeObjectOffset" xmi:id="_MaQy06f4EeSM1rJQd-f8vg" visible="false" id="TransitionStereotypeEdgeObject"/>
                      <waypoints>[-120, 22, 229, 26]</waypoints>
                    </contained>
                    <contained xsi:type="di:GraphEdge" xmi:id="_StMJcKf4EeSM1rJQd-f8vg" anchor="_DQsmQKf4EeSM1rJQd-f8vg _2NW8QK1cEeShtag4VwNo4A">
                      <semanticModel xsi:type="di:EMFSemanticModelBridge" xmi:id="_StMJcaf4EeSM1rJQd-f8vg" presentation="default">
                        <element href="crf_eshift.sysml#_StMJdKf4EeSM1rJQd-f8vg"/>
                      </semanticModel>
                      <contained xsi:type="di:EdgeObjectOffset" xmi:id="_StMJcqf4EeSM1rJQd-f8vg" id="nameEdgeObject" offset="-11,-9"/>
                      <contained xsi:type="di:EdgeObjectOffset" xmi:id="_StMJc6f4EeSM1rJQd-f8vg" visible="false" id="TransitionStereotypeEdgeObject"/>
                      <waypoints>[-115, 42, 239, 41]</waypoints>
                    </contained>
                    <contained xsi:type="di:GraphNode" xmi:id="_0c5EMK1cEeShtag4VwNo4A" position="103,8" size="71,106">
                      <anchorage xmi:id="_2NW8QK1cEeShtag4VwNo4A" graphEdge="_9awtoqf3EeSM1rJQd-f8vg _36kE8K1cEeShtag4VwNo4A _StMJcKf4EeSM1rJQd-f8vg _MaQy0Kf4EeSM1rJQd-f8vg _Ib6G4Kf4EeSM1rJQd-f8vg"/>
                      <semanticModel xsi:type="di:EMFSemanticModelBridge" xmi:id="_0c5EMa1cEeShtag4VwNo4A" presentation="default">
                        <element href="crf_eshift.sysml#_0dL_IK1cEeShtag4VwNo4A"/>
                      </semanticModel>
                    </contained>
                    <contained xsi:type="di:GraphEdge" xmi:id="_36kE8K1cEeShtag4VwNo4A" anchor="_2NW8QK1cEeShtag4VwNo4A _9awtoaf3EeSM1rJQd-f8vg">
                      <semanticModel xsi:type="di:EMFSemanticModelBridge" xmi:id="_36kE8a1cEeShtag4VwNo4A" presentation="default">
                        <element href="crf_eshift.sysml#_36kE9K1cEeShtag4VwNo4A"/>
                      </semanticModel>
                      <contained xsi:type="di:EdgeObjectOffset" xmi:id="_36kE8q1cEeShtag4VwNo4A" id="nameEdgeObject" offset="1,-12"/>
                      <contained xsi:type="di:EdgeObjectOffset" xmi:id="_36kE861cEeShtag4VwNo4A" visible="false" id="TransitionStereotypeEdgeObject"/>
                      <waypoints>[98, -24, -55, 3]</waypoints>
                    </contained>
                  </contained>
                </contained>
                <contained xsi:type="di:GraphEdge" xmi:id="_Oa97wKf3EeSM1rJQd-f8vg" anchor="_Oa31IKf3EeSM1rJQd-f8vg _Oa31Iaf3EeSM1rJQd-f8vg">
                  <semanticModel xsi:type="di:EMFSemanticModelBridge" xmi:id="_Oa97waf3EeSM1rJQd-f8vg" presentation="default">
                    <element href="crf_eshift.sysml#_Oa97xKf3EeSM1rJQd-f8vg"/>
                  </semanticModel>
                  <contained xsi:type="di:EdgeObjectOffset" xmi:id="_Oa97wqf3EeSM1rJQd-f8vg" id="nameEdgeObject"/>
                  <contained xsi:type="di:EdgeObjectOffset" xmi:id="_Oa97w6f3EeSM1rJQd-f8vg" visible="false" id="TransitionStereotypeEdgeObject"/>
                </contained>
              </contained>
              <contained xsi:type="di:GraphNode" xmi:id="_D6DhwKf3EeSM1rJQd-f8vg" position="220,325" size="-1,-1">
                <semanticModel xsi:type="di:EMFSemanticModelBridge" xmi:id="_D6Dhwaf3EeSM1rJQd-f8vg" presentation="default">
                  <element href="crf_eshift.sysml#_D6Dhwqf3EeSM1rJQd-f8vg"/>
                </semanticModel>
                <contained xsi:type="di:GraphNode" xmi:id="_ZqLJsKf4EeSM1rJQd-f8vg" position="0,34" size="-1,-1">
                  <property xmi:id="_ZqLJsqf4EeSM1rJQd-f8vg" key="name" value="visible"/>
                  <anchorage xmi:id="_e2Pl8Kf4EeSM1rJQd-f8vg" graphEdge="_e2Pl8qf4EeSM1rJQd-f8vg"/>
                  <semanticModel xsi:type="di:EMFSemanticModelBridge" xmi:id="_ZqLJsaf4EeSM1rJQd-f8vg" presentation="default">
                    <element href="crf_eshift.sysml#_ZqLJs6f4EeSM1rJQd-f8vg"/>
                  </semanticModel>
                </contained>
                <contained xsi:type="di:GraphNode" xmi:id="_cdFWMKf4EeSM1rJQd-f8vg" position="62,8" size="722,363">
                  <anchorage xmi:id="_e2Pl8af4EeSM1rJQd-f8vg" graphEdge="_e2Pl8qf4EeSM1rJQd-f8vg"/>
                  <semanticModel xsi:type="di:EMFSemanticModelBridge" xmi:id="_cdFWMaf4EeSM1rJQd-f8vg" presentation="default">
                    <element href="crf_eshift.sysml#_cdRjcKf4EeSM1rJQd-f8vg"/>
                  </semanticModel>
                  <contained xsi:type="di:GraphNode" xmi:id="_cdFWMqf4EeSM1rJQd-f8vg">
                    <semanticModel xsi:type="di:EMFSemanticModelBridge" xmi:id="_cdFWM6f4EeSM1rJQd-f8vg" presentation="default">
                      <element href="crf_eshift.sysml#_cdRjcaf4EeSM1rJQd-f8vg"/>
                    </semanticModel>
                    <contained xsi:type="di:GraphNode" xmi:id="_1gHV0Kf4EeSM1rJQd-f8vg" position="1,0" size="-1,-1">
                      <property xmi:id="_1gHV0qf4EeSM1rJQd-f8vg" key="name" value="visible"/>
                      <anchorage xmi:id="_ar6eEKf5EeSM1rJQd-f8vg" graphEdge="_asAksKf5EeSM1rJQd-f8vg"/>
                      <semanticModel xsi:type="di:EMFSemanticModelBridge" xmi:id="_1gHV0af4EeSM1rJQd-f8vg" presentation="default">
                        <element href="crf_eshift.sysml#_1gHV06f4EeSM1rJQd-f8vg"/>
                      </semanticModel>
                    </contained>
                    <contained xsi:type="di:GraphNode" xmi:id="_STwgUKf5EeSM1rJQd-f8vg" position="148,3" size="60,62">
                      <anchorage xmi:id="_ar6eEaf5EeSM1rJQd-f8vg" graphEdge="_asAksKf5EeSM1rJQd-f8vg _s4va4af5EeSM1rJQd-f8vg _yd_MIKf5EeSM1rJQd-f8vg _V1-X8af7EeSM1rJQd-f8vg _saa1QKf7EeSM1rJQd-f8vg _0_WqwKf7EeSM1rJQd-f8vg __RUCwKf7EeSM1rJQd-f8vg _3Icowaf8EeSM1rJQd-f8vg"/>
                      <anchorage xmi:id="_3IcowKf8EeSM1rJQd-f8vg" graphEdge="_3Icowaf8EeSM1rJQd-f8vg"/>
                      <semanticModel xsi:type="di:EMFSemanticModelBridge" xmi:id="_STwgUaf5EeSM1rJQd-f8vg" presentation="default">
                        <element href="crf_eshift.sysml#_ST2m8Kf5EeSM1rJQd-f8vg"/>
                      </semanticModel>
                    </contained>
                    <contained xsi:type="di:GraphNode" xmi:id="_TpNQUKf5EeSM1rJQd-f8vg" position="151,89" size="60,63">
                      <anchorage xmi:id="_s4va4Kf5EeSM1rJQd-f8vg" graphEdge="_s4va4af5EeSM1rJQd-f8vg _yd_MIKf5EeSM1rJQd-f8vg _X-jOAaf7EeSM1rJQd-f8vg _E8YIIKf8EeSM1rJQd-f8vg _HmgzIKf8EeSM1rJQd-f8vg _Lh5qoKf8EeSM1rJQd-f8vg _lc6bIaf8EeSM1rJQd-f8vg"/>
                      <anchorage xmi:id="_lc6bIKf8EeSM1rJQd-f8vg" graphEdge="_lc6bIaf8EeSM1rJQd-f8vg"/>
                      <semanticModel xsi:type="di:EMFSemanticModelBridge" xmi:id="_TpNQUaf5EeSM1rJQd-f8vg" presentation="default">
                        <element href="crf_eshift.sysml#_TpTW8Kf5EeSM1rJQd-f8vg"/>
                      </semanticModel>
                    </contained>
                    <contained xsi:type="di:GraphEdge" xmi:id="_asAksKf5EeSM1rJQd-f8vg" anchor="_ar6eEKf5EeSM1rJQd-f8vg _ar6eEaf5EeSM1rJQd-f8vg">
                      <semanticModel xsi:type="di:EMFSemanticModelBridge" xmi:id="_asAksaf5EeSM1rJQd-f8vg" presentation="default">
                        <element href="crf_eshift.sysml#_asAktKf5EeSM1rJQd-f8vg"/>
                      </semanticModel>
                      <contained xsi:type="di:EdgeObjectOffset" xmi:id="_asAksqf5EeSM1rJQd-f8vg" id="nameEdgeObject"/>
                      <contained xsi:type="di:EdgeObjectOffset" xmi:id="_asAks6f5EeSM1rJQd-f8vg" visible="false" id="TransitionStereotypeEdgeObject"/>
                      <waypoints>[-1, -18, -144, -42]</waypoints>
                      <waypoints>[151, -18, 8, -42]</waypoints>
                    </contained>
                    <contained xsi:type="di:GraphEdge" xmi:id="_s4va4af5EeSM1rJQd-f8vg" anchor="_ar6eEaf5EeSM1rJQd-f8vg _s4va4Kf5EeSM1rJQd-f8vg">
                      <semanticModel xsi:type="di:EMFSemanticModelBridge" xmi:id="_s4va4qf5EeSM1rJQd-f8vg" presentation="default">
                        <element href="crf_eshift.sysml#_s4va5af5EeSM1rJQd-f8vg"/>
                      </semanticModel>
                      <contained xsi:type="di:EdgeObjectOffset" xmi:id="_s4va46f5EeSM1rJQd-f8vg" id="nameEdgeObject" offset="35,-2"/>
                      <contained xsi:type="di:EdgeObjectOffset" xmi:id="_s4va5Kf5EeSM1rJQd-f8vg" visible="false" id="TransitionStereotypeEdgeObject"/>
                      <waypoints>[8, 46, 10, -49]</waypoints>
                    </contained>
                    <contained xsi:type="di:GraphEdge" xmi:id="_yd_MIKf5EeSM1rJQd-f8vg" anchor="_s4va4Kf5EeSM1rJQd-f8vg _ar6eEaf5EeSM1rJQd-f8vg">
                      <semanticModel xsi:type="di:EMFSemanticModelBridge" xmi:id="_yd_MIaf5EeSM1rJQd-f8vg" presentation="default">
                        <element href="crf_eshift.sysml#_yd_MJKf5EeSM1rJQd-f8vg"/>
                      </semanticModel>
                      <contained xsi:type="di:EdgeObjectOffset" xmi:id="_yd_MIqf5EeSM1rJQd-f8vg" id="nameEdgeObject" offset="-42,0"/>
                      <contained xsi:type="di:EdgeObjectOffset" xmi:id="_yd_MI6f5EeSM1rJQd-f8vg" visible="false" id="TransitionStereotypeEdgeObject"/>
                      <waypoints>[-3, -57, -5, 38]</waypoints>
                    </contained>
                    <contained xsi:type="di:GraphNode" xmi:id="_6vPbMKf6EeSM1rJQd-f8vg" position="362,9" size="72,132">
                      <anchorage xmi:id="_saUuoKf7EeSM1rJQd-f8vg" graphEdge="_saa1QKf7EeSM1rJQd-f8vg _0_WqwKf7EeSM1rJQd-f8vg __RUCwKf7EeSM1rJQd-f8vg _E8YIIKf8EeSM1rJQd-f8vg _HmgzIKf8EeSM1rJQd-f8vg _Lh5qoKf8EeSM1rJQd-f8vg _M9r2sKf9EeSM1rJQd-f8vg _STAVkKf9EeSM1rJQd-f8vg _WrexsKf9EeSM1rJQd-f8vg"/>
                      <anchorage xmi:id="_M9lwEKf9EeSM1rJQd-f8vg" graphEdge="_M9r2sKf9EeSM1rJQd-f8vg _STAVkKf9EeSM1rJQd-f8vg _WrexsKf9EeSM1rJQd-f8vg"/>
                      <semanticModel xsi:type="di:EMFSemanticModelBridge" xmi:id="_6vPbMaf6EeSM1rJQd-f8vg" presentation="default">
                        <element href="crf_eshift.sysml#_6vbocKf6EeSM1rJQd-f8vg"/>
                      </semanticModel>
                    </contained>
                    <contained xsi:type="di:GraphNode" xmi:id="_LSZEcKf7EeSM1rJQd-f8vg" position="536,0" size="70,75">
                      <anchorage xmi:id="_V1-X8Kf7EeSM1rJQd-f8vg" graphEdge="_V1-X8af7EeSM1rJQd-f8vg _xkNHoaf9EeSM1rJQd-f8vg _4m6VYKf9EeSM1rJQd-f8vg _-c8UoKf9EeSM1rJQd-f8vg"/>
                      <anchorage xmi:id="_xkNHoKf9EeSM1rJQd-f8vg" graphEdge="_xkNHoaf9EeSM1rJQd-f8vg _4m6VYKf9EeSM1rJQd-f8vg _-c8UoKf9EeSM1rJQd-f8vg"/>
                      <semanticModel xsi:type="di:EMFSemanticModelBridge" xmi:id="_LSZEcaf7EeSM1rJQd-f8vg" presentation="default">
                        <element href="crf_eshift.sysml#_LSfLEKf7EeSM1rJQd-f8vg"/>
                      </semanticModel>
                    </contained>
                    <contained xsi:type="di:GraphNode" xmi:id="_L-WykKf7EeSM1rJQd-f8vg" position="535,79" size="71,70">
                      <anchorage xmi:id="_X-jOAKf7EeSM1rJQd-f8vg" graphEdge="_X-jOAaf7EeSM1rJQd-f8vg _VH3NYaf-EeSM1rJQd-f8vg _ZINdYKf-EeSM1rJQd-f8vg _fLHbAKf-EeSM1rJQd-f8vg"/>
                      <anchorage xmi:id="_VH3NYKf-EeSM1rJQd-f8vg" graphEdge="_VH3NYaf-EeSM1rJQd-f8vg _ZINdYKf-EeSM1rJQd-f8vg _fLHbAKf-EeSM1rJQd-f8vg"/>
                      <semanticModel xsi:type="di:EMFSemanticModelBridge" xmi:id="_L-Wykaf7EeSM1rJQd-f8vg" presentation="default">
                        <element href="crf_eshift.sysml#_L-i_0Kf7EeSM1rJQd-f8vg"/>
                      </semanticModel>
                    </contained>
                    <contained xsi:type="di:GraphEdge" xmi:id="_V1-X8af7EeSM1rJQd-f8vg" anchor="_ar6eEaf5EeSM1rJQd-f8vg _V1-X8Kf7EeSM1rJQd-f8vg">
                      <semanticModel xsi:type="di:EMFSemanticModelBridge" xmi:id="_V1-X8qf7EeSM1rJQd-f8vg" presentation="default">
                        <element href="crf_eshift.sysml#_V1-X9af7EeSM1rJQd-f8vg"/>
                      </semanticModel>
                      <contained xsi:type="di:EdgeObjectOffset" xmi:id="_V1-X86f7EeSM1rJQd-f8vg" id="nameEdgeObject" offset="120,-9"/>
                      <contained xsi:type="di:EdgeObjectOffset" xmi:id="_V1-X9Kf7EeSM1rJQd-f8vg" visible="false" id="TransitionStereotypeEdgeObject"/>
                      <waypoints>[273, -30, -136, -34]</waypoints>
                    </contained>
                    <contained xsi:type="di:GraphEdge" xmi:id="_X-jOAaf7EeSM1rJQd-f8vg" anchor="_s4va4Kf5EeSM1rJQd-f8vg _X-jOAKf7EeSM1rJQd-f8vg">
                      <semanticModel xsi:type="di:EMFSemanticModelBridge" xmi:id="_X-jOAqf7EeSM1rJQd-f8vg" presentation="default">
                        <element href="crf_eshift.sysml#_X-jOBaf7EeSM1rJQd-f8vg"/>
                      </semanticModel>
                      <contained xsi:type="di:EdgeObjectOffset" xmi:id="_X-jOA6f7EeSM1rJQd-f8vg" id="nameEdgeObject" offset="119,-11"/>
                      <contained xsi:type="di:EdgeObjectOffset" xmi:id="_X-jOBKf7EeSM1rJQd-f8vg" visible="false" id="TransitionStereotypeEdgeObject"/>
                      <waypoints>[258, 28, -149, 33]</waypoints>
                    </contained>
                    <contained xsi:type="di:GraphEdge" xmi:id="_saa1QKf7EeSM1rJQd-f8vg" anchor="_ar6eEaf5EeSM1rJQd-f8vg _saUuoKf7EeSM1rJQd-f8vg">
                      <semanticModel xsi:type="di:EMFSemanticModelBridge" xmi:id="_saa1Qaf7EeSM1rJQd-f8vg" presentation="default">
                        <element href="crf_eshift.sysml#_saa1RKf7EeSM1rJQd-f8vg"/>
                      </semanticModel>
                      <contained xsi:type="di:EdgeObjectOffset" xmi:id="_saa1Qqf7EeSM1rJQd-f8vg" id="nameEdgeObject" offset="2,-10"/>
                      <contained xsi:type="di:EdgeObjectOffset" xmi:id="_saa1Q6f7EeSM1rJQd-f8vg" visible="false" id="TransitionStereotypeEdgeObject"/>
                      <waypoints>[46, -6, -143, -54]</waypoints>
                    </contained>
                    <contained xsi:type="di:GraphEdge" xmi:id="_0_WqwKf7EeSM1rJQd-f8vg" anchor="_ar6eEaf5EeSM1rJQd-f8vg _saUuoKf7EeSM1rJQd-f8vg">
                      <semanticModel xsi:type="di:EMFSemanticModelBridge" xmi:id="_0_Wqwaf7EeSM1rJQd-f8vg" presentation="default">
                        <element href="crf_eshift.sysml#_0_WqxKf7EeSM1rJQd-f8vg"/>
                      </semanticModel>
                      <contained xsi:type="di:EdgeObjectOffset" xmi:id="_0_Wqwqf7EeSM1rJQd-f8vg" id="nameEdgeObject" offset="2,-11"/>
                      <contained xsi:type="di:EdgeObjectOffset" xmi:id="_0_Wqw6f7EeSM1rJQd-f8vg" visible="false" id="TransitionStereotypeEdgeObject"/>
                      <waypoints>[143, 14, -46, -34]</waypoints>
                    </contained>
                    <contained xsi:type="di:GraphEdge" xmi:id="__RUCwKf7EeSM1rJQd-f8vg" anchor="_ar6eEaf5EeSM1rJQd-f8vg _saUuoKf7EeSM1rJQd-f8vg">
                      <semanticModel xsi:type="di:EMFSemanticModelBridge" xmi:id="__RUCwaf7EeSM1rJQd-f8vg" presentation="default">
                        <element href="crf_eshift.sysml#__RUCxKf7EeSM1rJQd-f8vg"/>
                      </semanticModel>
                      <contained xsi:type="di:EdgeObjectOffset" xmi:id="__RUCwqf7EeSM1rJQd-f8vg" id="nameEdgeObject" offset="1,-9"/>
                      <contained xsi:type="di:EdgeObjectOffset" xmi:id="__RUCw6f7EeSM1rJQd-f8vg" visible="false" id="TransitionStereotypeEdgeObject"/>
                      <waypoints>[38, 31, -151, -17]</waypoints>
                    </contained>
                    <contained xsi:type="di:GraphEdge" xmi:id="_E8YIIKf8EeSM1rJQd-f8vg" anchor="_s4va4Kf5EeSM1rJQd-f8vg _saUuoKf7EeSM1rJQd-f8vg">
                      <semanticModel xsi:type="di:EMFSemanticModelBridge" xmi:id="_E8YIIaf8EeSM1rJQd-f8vg" presentation="default">
                        <element href="crf_eshift.sysml#_E8eOwKf8EeSM1rJQd-f8vg"/>
                      </semanticModel>
                      <contained xsi:type="di:EdgeObjectOffset" xmi:id="_E8YIIqf8EeSM1rJQd-f8vg" id="nameEdgeObject" offset="0,-9"/>
                      <contained xsi:type="di:EdgeObjectOffset" xmi:id="_E8YII6f8EeSM1rJQd-f8vg" visible="false" id="TransitionStereotypeEdgeObject"/>
                      <waypoints>[145, -21, -46, 21]</waypoints>
                    </contained>
                    <contained xsi:type="di:GraphEdge" xmi:id="_HmgzIKf8EeSM1rJQd-f8vg" anchor="_s4va4Kf5EeSM1rJQd-f8vg _saUuoKf7EeSM1rJQd-f8vg">
                      <semanticModel xsi:type="di:EMFSemanticModelBridge" xmi:id="_HmgzIaf8EeSM1rJQd-f8vg" presentation="default">
                        <element href="crf_eshift.sysml#_HmgzJKf8EeSM1rJQd-f8vg"/>
                      </semanticModel>
                      <contained xsi:type="di:EdgeObjectOffset" xmi:id="_HmgzIqf8EeSM1rJQd-f8vg" id="nameEdgeObject" offset="0,-9"/>
                      <contained xsi:type="di:EdgeObjectOffset" xmi:id="_HmgzI6f8EeSM1rJQd-f8vg" visible="false" id="TransitionStereotypeEdgeObject"/>
                      <waypoints>[47, -5, -144, 37]</waypoints>
                    </contained>
                    <contained xsi:type="di:GraphEdge" xmi:id="_Lh5qoKf8EeSM1rJQd-f8vg" anchor="_s4va4Kf5EeSM1rJQd-f8vg _saUuoKf7EeSM1rJQd-f8vg">
                      <semanticModel xsi:type="di:EMFSemanticModelBridge" xmi:id="_Lh5qoaf8EeSM1rJQd-f8vg" presentation="default">
                        <element href="crf_eshift.sysml#_Lh5qpKf8EeSM1rJQd-f8vg"/>
                      </semanticModel>
                      <contained xsi:type="di:EdgeObjectOffset" xmi:id="_Lh5qoqf8EeSM1rJQd-f8vg" id="nameEdgeObject" offset="1,-9"/>
                      <contained xsi:type="di:EdgeObjectOffset" xmi:id="_Lh5qo6f8EeSM1rJQd-f8vg" visible="false" id="TransitionStereotypeEdgeObject"/>
                      <waypoints>[131, 14, -60, 56]</waypoints>
                    </contained>
                    <contained xsi:type="di:GraphEdge" xmi:id="_lc6bIaf8EeSM1rJQd-f8vg" anchor="_s4va4Kf5EeSM1rJQd-f8vg _lc6bIKf8EeSM1rJQd-f8vg">
                      <semanticModel xsi:type="di:EMFSemanticModelBridge" xmi:id="_lc6bIqf8EeSM1rJQd-f8vg" presentation="default">
                        <element href="crf_eshift.sysml#_lc6bJaf8EeSM1rJQd-f8vg"/>
                      </semanticModel>
                      <contained xsi:type="di:EdgeObjectOffset" xmi:id="_lc6bI6f8EeSM1rJQd-f8vg" id="nameEdgeObject" offset="-35,-20"/>
                      <contained xsi:type="di:EdgeObjectOffset" xmi:id="_lc6bJKf8EeSM1rJQd-f8vg" visible="false" id="TransitionStereotypeEdgeObject"/>
                      <waypoints>[-47, 16, -47, 16]</waypoints>
                      <waypoints>[-47, 0, -47, 0]</waypoints>
                    </contained>
                    <contained xsi:type="di:GraphEdge" xmi:id="_3Icowaf8EeSM1rJQd-f8vg" anchor="_ar6eEaf5EeSM1rJQd-f8vg _3IcowKf8EeSM1rJQd-f8vg">
                      <semanticModel xsi:type="di:EMFSemanticModelBridge" xmi:id="_3Icowqf8EeSM1rJQd-f8vg" presentation="default">
                        <element href="crf_eshift.sysml#_3Icoxaf8EeSM1rJQd-f8vg"/>
                      </semanticModel>
                      <contained xsi:type="di:EdgeObjectOffset" xmi:id="_3Icow6f8EeSM1rJQd-f8vg" id="nameEdgeObject" offset="-35,-19"/>
                      <contained xsi:type="di:EdgeObjectOffset" xmi:id="_3IcoxKf8EeSM1rJQd-f8vg" visible="false" id="TransitionStereotypeEdgeObject"/>
                      <waypoints>[-48, 17, -48, 17]</waypoints>
                      <waypoints>[-48, 0, -48, 0]</waypoints>
                    </contained>
                    <contained xsi:type="di:GraphEdge" xmi:id="_M9r2sKf9EeSM1rJQd-f8vg" anchor="_saUuoKf7EeSM1rJQd-f8vg _M9lwEKf9EeSM1rJQd-f8vg">
                      <semanticModel xsi:type="di:EMFSemanticModelBridge" xmi:id="_M9r2saf9EeSM1rJQd-f8vg" presentation="default">
                        <element href="crf_eshift.sysml#_M9r2tKf9EeSM1rJQd-f8vg"/>
                      </semanticModel>
                      <contained xsi:type="di:EdgeObjectOffset" xmi:id="_M9r2sqf9EeSM1rJQd-f8vg" id="nameEdgeObject" offset="34,-15"/>
                      <contained xsi:type="di:EdgeObjectOffset" xmi:id="_M9r2s6f9EeSM1rJQd-f8vg" visible="false" id="TransitionStereotypeEdgeObject"/>
                      <waypoints>[51, 9, 51, 9]</waypoints>
                      <waypoints>[51, -5, 51, -5]</waypoints>
                    </contained>
                    <contained xsi:type="di:GraphEdge" xmi:id="_STAVkKf9EeSM1rJQd-f8vg" anchor="_saUuoKf7EeSM1rJQd-f8vg _M9lwEKf9EeSM1rJQd-f8vg">
                      <semanticModel xsi:type="di:EMFSemanticModelBridge" xmi:id="_STAVkaf9EeSM1rJQd-f8vg" presentation="default">
                        <element href="crf_eshift.sysml#_STAVlKf9EeSM1rJQd-f8vg"/>
                      </semanticModel>
                      <contained xsi:type="di:EdgeObjectOffset" xmi:id="_STAVkqf9EeSM1rJQd-f8vg" id="nameEdgeObject" offset="26,-14"/>
                      <contained xsi:type="di:EdgeObjectOffset" xmi:id="_STAVk6f9EeSM1rJQd-f8vg" visible="false" id="TransitionStereotypeEdgeObject"/>
                      <waypoints>[56, 33, 56, 33]</waypoints>
                      <waypoints>[56, 46, 56, 46]</waypoints>
                    </contained>
                    <contained xsi:type="di:GraphEdge" xmi:id="_WrexsKf9EeSM1rJQd-f8vg" anchor="_saUuoKf7EeSM1rJQd-f8vg _M9lwEKf9EeSM1rJQd-f8vg">
                      <semanticModel xsi:type="di:EMFSemanticModelBridge" xmi:id="_Wrexsaf9EeSM1rJQd-f8vg" presentation="default">
                        <element href="crf_eshift.sysml#_WrextKf9EeSM1rJQd-f8vg"/>
                      </semanticModel>
                      <contained xsi:type="di:EdgeObjectOffset" xmi:id="_Wrexsqf9EeSM1rJQd-f8vg" id="nameEdgeObject" offset="31,-18"/>
                      <contained xsi:type="di:EdgeObjectOffset" xmi:id="_Wrexs6f9EeSM1rJQd-f8vg" visible="false" id="TransitionStereotypeEdgeObject"/>
                      <waypoints>[51, -26, 51, -26]</waypoints>
                      <waypoints>[51, -42, 51, -42]</waypoints>
                    </contained>
                    <contained xsi:type="di:GraphEdge" xmi:id="_xkNHoaf9EeSM1rJQd-f8vg" anchor="_V1-X8Kf7EeSM1rJQd-f8vg _xkNHoKf9EeSM1rJQd-f8vg">
                      <semanticModel xsi:type="di:EMFSemanticModelBridge" xmi:id="_xkNHoqf9EeSM1rJQd-f8vg" presentation="default">
                        <element href="crf_eshift.sysml#_xkTOQKf9EeSM1rJQd-f8vg"/>
                      </semanticModel>
                      <contained xsi:type="di:EdgeObjectOffset" xmi:id="_xkNHo6f9EeSM1rJQd-f8vg" id="nameEdgeObject" offset="45,8"/>
                      <contained xsi:type="di:EdgeObjectOffset" xmi:id="_xkNHpKf9EeSM1rJQd-f8vg" visible="false" id="TransitionStereotypeEdgeObject"/>
                      <waypoints>[40, -27, 40, -27]</waypoints>
                      <waypoints>[40, -48, 40, -48]</waypoints>
                      <waypoints>[0, -48, 0, -48]</waypoints>
                    </contained>
                    <contained xsi:type="di:GraphEdge" xmi:id="_4m6VYKf9EeSM1rJQd-f8vg" anchor="_V1-X8Kf7EeSM1rJQd-f8vg _xkNHoKf9EeSM1rJQd-f8vg">
                      <semanticModel xsi:type="di:EMFSemanticModelBridge" xmi:id="_4m6VYaf9EeSM1rJQd-f8vg" presentation="default">
                        <element href="crf_eshift.sysml#_4m6VZKf9EeSM1rJQd-f8vg"/>
                      </semanticModel>
                      <contained xsi:type="di:EdgeObjectOffset" xmi:id="_4m6VYqf9EeSM1rJQd-f8vg" id="nameEdgeObject" offset="35,0"/>
                      <contained xsi:type="di:EdgeObjectOffset" xmi:id="_4m6VY6f9EeSM1rJQd-f8vg" visible="false" id="TransitionStereotypeEdgeObject"/>
                      <waypoints>[53, -3, 53, -3]</waypoints>
                      <waypoints>[53, -19, 53, -19]</waypoints>
                    </contained>
                    <contained xsi:type="di:GraphEdge" xmi:id="_-c8UoKf9EeSM1rJQd-f8vg" anchor="_V1-X8Kf7EeSM1rJQd-f8vg _xkNHoKf9EeSM1rJQd-f8vg">
                      <semanticModel xsi:type="di:EMFSemanticModelBridge" xmi:id="_-c8Uoaf9EeSM1rJQd-f8vg" presentation="default">
                        <element href="crf_eshift.sysml#_-c8UpKf9EeSM1rJQd-f8vg"/>
                      </semanticModel>
                      <contained xsi:type="di:EdgeObjectOffset" xmi:id="_-c8Uoqf9EeSM1rJQd-f8vg" id="nameEdgeObject" offset="43,1"/>
                      <contained xsi:type="di:EdgeObjectOffset" xmi:id="_-c8Uo6f9EeSM1rJQd-f8vg" visible="false" id="TransitionStereotypeEdgeObject"/>
                      <waypoints>[52, 18, 52, 18]</waypoints>
                      <waypoints>[52, 7, 52, 7]</waypoints>
                    </contained>
                    <contained xsi:type="di:GraphEdge" xmi:id="_VH3NYaf-EeSM1rJQd-f8vg" anchor="_X-jOAKf7EeSM1rJQd-f8vg _VH3NYKf-EeSM1rJQd-f8vg">
                      <semanticModel xsi:type="di:EMFSemanticModelBridge" xmi:id="_VH3NYqf-EeSM1rJQd-f8vg" presentation="default">
                        <element href="crf_eshift.sysml#_VH3NZaf-EeSM1rJQd-f8vg"/>
                      </semanticModel>
                      <contained xsi:type="di:EdgeObjectOffset" xmi:id="_VH3NY6f-EeSM1rJQd-f8vg" id="nameEdgeObject" offset="34,0"/>
                      <contained xsi:type="di:EdgeObjectOffset" xmi:id="_VH3NZKf-EeSM1rJQd-f8vg" visible="false" id="TransitionStereotypeEdgeObject"/>
                      <waypoints>[55, -14, 55, -14]</waypoints>
                      <waypoints>[55, -26, 55, -26]</waypoints>
                    </contained>
                    <contained xsi:type="di:GraphEdge" xmi:id="_ZINdYKf-EeSM1rJQd-f8vg" anchor="_X-jOAKf7EeSM1rJQd-f8vg _VH3NYKf-EeSM1rJQd-f8vg">
                      <semanticModel xsi:type="di:EMFSemanticModelBridge" xmi:id="_ZINdYaf-EeSM1rJQd-f8vg" presentation="default">
                        <element href="crf_eshift.sysml#_ZINdZKf-EeSM1rJQd-f8vg"/>
                      </semanticModel>
                      <contained xsi:type="di:EdgeObjectOffset" xmi:id="_ZINdYqf-EeSM1rJQd-f8vg" id="nameEdgeObject" offset="42,0"/>
                      <contained xsi:type="di:EdgeObjectOffset" xmi:id="_ZINdY6f-EeSM1rJQd-f8vg" visible="false" id="TransitionStereotypeEdgeObject"/>
                      <waypoints>[54, 11, 54, 11]</waypoints>
                      <waypoints>[54, 0, 54, 0]</waypoints>
                    </contained>
                    <contained xsi:type="di:GraphEdge" xmi:id="_fLHbAKf-EeSM1rJQd-f8vg" anchor="_X-jOAKf7EeSM1rJQd-f8vg _VH3NYKf-EeSM1rJQd-f8vg">
                      <semanticModel xsi:type="di:EMFSemanticModelBridge" xmi:id="_fLHbAaf-EeSM1rJQd-f8vg" presentation="default">
                        <element href="crf_eshift.sysml#_fLHbBKf-EeSM1rJQd-f8vg"/>
                      </semanticModel>
                      <contained xsi:type="di:EdgeObjectOffset" xmi:id="_fLHbAqf-EeSM1rJQd-f8vg" id="nameEdgeObject" offset="48,-10"/>
                      <contained xsi:type="di:EdgeObjectOffset" xmi:id="_fLHbA6f-EeSM1rJQd-f8vg" visible="false" id="TransitionStereotypeEdgeObject"/>
                      <waypoints>[44, 17, 44, 17]</waypoints>
                      <waypoints>[44, 41, 44, 41]</waypoints>
                      <waypoints>[15, 41, 15, 41]</waypoints>
                    </contained>
                  </contained>
                  <contained xsi:type="di:GraphNode" xmi:id="_jS6lkKf4EeSM1rJQd-f8vg" position="297,87" size="-1,-1">
                    <semanticModel xsi:type="di:EMFSemanticModelBridge" xmi:id="_jS6lkaf4EeSM1rJQd-f8vg" presentation="default">
                      <element href="crf_eshift.sysml#_jS6lkqf4EeSM1rJQd-f8vg"/>
                    </semanticModel>
                    <contained xsi:type="di:GraphNode" xmi:id="_4mAIsKf4EeSM1rJQd-f8vg" position="1,9" size="-1,-1">
                      <property xmi:id="_4mAIsqf4EeSM1rJQd-f8vg" key="name" value="visible"/>
                      <anchorage xmi:id="_3w7nQKgLEeSM1rJQd-f8vg" graphEdge="_3xFYQKgLEeSM1rJQd-f8vg"/>
                      <semanticModel xsi:type="di:EMFSemanticModelBridge" xmi:id="_4mAIsaf4EeSM1rJQd-f8vg" presentation="default">
                        <element href="crf_eshift.sysml#_4mAIs6f4EeSM1rJQd-f8vg"/>
                      </semanticModel>
                    </contained>
                    <contained xsi:type="di:GraphNode" xmi:id="_lEDRYKgLEeSM1rJQd-f8vg" position="151,10" size="54,59">
                      <anchorage xmi:id="_vq57UKgLEeSM1rJQd-f8vg" graphEdge="_vq57UqgLEeSM1rJQd-f8vg _y7x2MKgLEeSM1rJQd-f8vg _3xFYQKgLEeSM1rJQd-f8vg _6DBlsKgLEeSM1rJQd-f8vg _ocHj8agMEeSM1rJQd-f8vg _xs_SYagMEeSM1rJQd-f8vg _0SbDkKgMEeSM1rJQd-f8vg _5qO1wKgMEeSM1rJQd-f8vg"/>
                      <anchorage xmi:id="_6C4bwKgLEeSM1rJQd-f8vg" graphEdge="_6DBlsKgLEeSM1rJQd-f8vg"/>
                      <semanticModel xsi:type="di:EMFSemanticModelBridge" xmi:id="_lEDRYagLEeSM1rJQd-f8vg" presentation="default">
                        <element href="crf_eshift.sysml#_lEWMUKgLEeSM1rJQd-f8vg"/>
                      </semanticModel>
                    </contained>
                    <contained xsi:type="di:GraphNode" xmi:id="_m-yfwKgLEeSM1rJQd-f8vg" position="149,96" size="56,61">
                      <anchorage xmi:id="_vq57UagLEeSM1rJQd-f8vg" graphEdge="_vq57UqgLEeSM1rJQd-f8vg _y7x2MKgLEeSM1rJQd-f8vg __yMvAagLEeSM1rJQd-f8vg _sOxWMagMEeSM1rJQd-f8vg _-Jz_cKgMEeSM1rJQd-f8vg _BhiJMKgNEeSM1rJQd-f8vg _DwNnQKgNEeSM1rJQd-f8vg"/>
                      <anchorage xmi:id="__yMvAKgLEeSM1rJQd-f8vg" graphEdge="__yMvAagLEeSM1rJQd-f8vg"/>
                      <semanticModel xsi:type="di:EMFSemanticModelBridge" xmi:id="_m-yfwagLEeSM1rJQd-f8vg" presentation="default">
                        <element href="crf_eshift.sysml#_m-7psKgLEeSM1rJQd-f8vg"/>
                      </semanticModel>
                    </contained>
                    <contained xsi:type="di:GraphEdge" xmi:id="_vq57UqgLEeSM1rJQd-f8vg" anchor="_vq57UKgLEeSM1rJQd-f8vg _vq57UagLEeSM1rJQd-f8vg">
                      <semanticModel xsi:type="di:EMFSemanticModelBridge" xmi:id="_vq57U6gLEeSM1rJQd-f8vg" presentation="default">
                        <element href="crf_eshift.sysml#_vq57VqgLEeSM1rJQd-f8vg"/>
                      </semanticModel>
                      <contained xsi:type="di:EdgeObjectOffset" xmi:id="_vq57VKgLEeSM1rJQd-f8vg" id="nameEdgeObject" offset="33,-1"/>
                      <contained xsi:type="di:EdgeObjectOffset" xmi:id="_vq57VagLEeSM1rJQd-f8vg" visible="false" id="TransitionStereotypeEdgeObject"/>
                      <waypoints>[4, 40, 5, -47]</waypoints>
                    </contained>
                    <contained xsi:type="di:GraphEdge" xmi:id="_y7x2MKgLEeSM1rJQd-f8vg" anchor="_vq57UagLEeSM1rJQd-f8vg _vq57UKgLEeSM1rJQd-f8vg">
                      <semanticModel xsi:type="di:EMFSemanticModelBridge" xmi:id="_y7x2MagLEeSM1rJQd-f8vg" presentation="default">
                        <element href="crf_eshift.sysml#_y7x2NKgLEeSM1rJQd-f8vg"/>
                      </semanticModel>
                      <contained xsi:type="di:EdgeObjectOffset" xmi:id="_y7x2MqgLEeSM1rJQd-f8vg" id="nameEdgeObject" offset="-44,2"/>
                      <contained xsi:type="di:EdgeObjectOffset" xmi:id="_y7x2M6gLEeSM1rJQd-f8vg" visible="false" id="TransitionStereotypeEdgeObject"/>
                      <waypoints>[-6, -38, -7, 49]</waypoints>
                    </contained>
                    <contained xsi:type="di:GraphEdge" xmi:id="_3xFYQKgLEeSM1rJQd-f8vg" anchor="_3w7nQKgLEeSM1rJQd-f8vg _vq57UKgLEeSM1rJQd-f8vg">
                      <semanticModel xsi:type="di:EMFSemanticModelBridge" xmi:id="_3xFYQagLEeSM1rJQd-f8vg" presentation="default">
                        <element href="crf_eshift.sysml#_3xFYRKgLEeSM1rJQd-f8vg"/>
                      </semanticModel>
                      <contained xsi:type="di:EdgeObjectOffset" xmi:id="_3xFYQqgLEeSM1rJQd-f8vg" id="nameEdgeObject"/>
                      <contained xsi:type="di:EdgeObjectOffset" xmi:id="_3xFYQ6gLEeSM1rJQd-f8vg" visible="false" id="TransitionStereotypeEdgeObject"/>
                      <waypoints>[0, -15, -152, -35]</waypoints>
                      <waypoints>[152, -15, 0, -35]</waypoints>
                    </contained>
                    <contained xsi:type="di:GraphEdge" xmi:id="_6DBlsKgLEeSM1rJQd-f8vg" anchor="_vq57UKgLEeSM1rJQd-f8vg _6C4bwKgLEeSM1rJQd-f8vg">
                      <semanticModel xsi:type="di:EMFSemanticModelBridge" xmi:id="_6DBlsagLEeSM1rJQd-f8vg" presentation="default">
                        <element href="crf_eshift.sysml#_6DBltKgLEeSM1rJQd-f8vg"/>
                      </semanticModel>
                      <contained xsi:type="di:EdgeObjectOffset" xmi:id="_6DBlsqgLEeSM1rJQd-f8vg" id="nameEdgeObject" offset="-38,-15"/>
                      <contained xsi:type="di:EdgeObjectOffset" xmi:id="_6DBls6gLEeSM1rJQd-f8vg" visible="false" id="TransitionStereotypeEdgeObject"/>
                      <waypoints>[-46, -10, -46, -10]</waypoints>
                      <waypoints>[-46, 7, -46, 7]</waypoints>
                    </contained>
                    <contained xsi:type="di:GraphEdge" xmi:id="__yMvAagLEeSM1rJQd-f8vg" anchor="_vq57UagLEeSM1rJQd-f8vg __yMvAKgLEeSM1rJQd-f8vg">
                      <semanticModel xsi:type="di:EMFSemanticModelBridge" xmi:id="__yMvAqgLEeSM1rJQd-f8vg" presentation="default">
                        <element href="crf_eshift.sysml#__yMvBagLEeSM1rJQd-f8vg"/>
                      </semanticModel>
                      <contained xsi:type="di:EdgeObjectOffset" xmi:id="__yMvA6gLEeSM1rJQd-f8vg" id="nameEdgeObject" offset="-48,-1"/>
                      <contained xsi:type="di:EdgeObjectOffset" xmi:id="__yMvBKgLEeSM1rJQd-f8vg" visible="false" id="TransitionStereotypeEdgeObject"/>
                      <waypoints>[-44, -7, -44, -7]</waypoints>
                      <waypoints>[-44, 9, -44, 9]</waypoints>
                    </contained>
                    <contained xsi:type="di:GraphNode" xmi:id="_Foz9EKgMEeSM1rJQd-f8vg" position="364,24" size="65,124">
                      <anchorage xmi:id="_xs_SYKgMEeSM1rJQd-f8vg" graphEdge="_xs_SYagMEeSM1rJQd-f8vg _0SbDkKgMEeSM1rJQd-f8vg _5qO1wKgMEeSM1rJQd-f8vg _-Jz_cKgMEeSM1rJQd-f8vg _BhiJMKgNEeSM1rJQd-f8vg _DwNnQKgNEeSM1rJQd-f8vg _Jo548agNEeSM1rJQd-f8vg _QDYCAKgNEeSM1rJQd-f8vg _Utg14KgNEeSM1rJQd-f8vg"/>
                      <anchorage xmi:id="_Jo548KgNEeSM1rJQd-f8vg" graphEdge="_Jo548agNEeSM1rJQd-f8vg _QDYCAKgNEeSM1rJQd-f8vg _Utg14KgNEeSM1rJQd-f8vg"/>
                      <semanticModel xsi:type="di:EMFSemanticModelBridge" xmi:id="_Foz9EagMEeSM1rJQd-f8vg" presentation="default">
                        <element href="crf_eshift.sysml#_Fo9uEKgMEeSM1rJQd-f8vg"/>
                      </semanticModel>
                    </contained>
                    <contained xsi:type="di:GraphNode" xmi:id="_Lgnd8KgMEeSM1rJQd-f8vg" position="537,12" size="71,70">
                      <anchorage xmi:id="_ocHj8KgMEeSM1rJQd-f8vg" graphEdge="_ocHj8agMEeSM1rJQd-f8vg _b8C5IKgNEeSM1rJQd-f8vg _jWClgKgNEeSM1rJQd-f8vg _sCTyEKgNEeSM1rJQd-f8vg"/>
                      <anchorage xmi:id="_b75vMKgNEeSM1rJQd-f8vg" graphEdge="_b8C5IKgNEeSM1rJQd-f8vg _jWClgKgNEeSM1rJQd-f8vg _sCTyEKgNEeSM1rJQd-f8vg"/>
                      <semanticModel xsi:type="di:EMFSemanticModelBridge" xmi:id="_Lgnd8agMEeSM1rJQd-f8vg" presentation="default">
                        <element href="crf_eshift.sysml#_Lg6Y4KgMEeSM1rJQd-f8vg"/>
                      </semanticModel>
                    </contained>
                    <contained xsi:type="di:GraphNode" xmi:id="_PDfu0KgMEeSM1rJQd-f8vg" position="541,86" size="69,71">
                      <anchorage xmi:id="_sOxWMKgMEeSM1rJQd-f8vg" graphEdge="_sOxWMagMEeSM1rJQd-f8vg _wk3XQagNEeSM1rJQd-f8vg _1GqugKgNEeSM1rJQd-f8vg _6KP9IKgNEeSM1rJQd-f8vg"/>
                      <anchorage xmi:id="_wk3XQKgNEeSM1rJQd-f8vg" graphEdge="_wk3XQagNEeSM1rJQd-f8vg _1GqugKgNEeSM1rJQd-f8vg _6KP9IKgNEeSM1rJQd-f8vg"/>
                      <semanticModel xsi:type="di:EMFSemanticModelBridge" xmi:id="_PDfu0agMEeSM1rJQd-f8vg" presentation="default">
                        <element href="crf_eshift.sysml#_PDypwKgMEeSM1rJQd-f8vg"/>
                      </semanticModel>
                    </contained>
                    <contained xsi:type="di:GraphEdge" xmi:id="_ocHj8agMEeSM1rJQd-f8vg" anchor="_vq57UKgLEeSM1rJQd-f8vg _ocHj8KgMEeSM1rJQd-f8vg">
                      <semanticModel xsi:type="di:EMFSemanticModelBridge" xmi:id="_ocHj8qgMEeSM1rJQd-f8vg" presentation="default">
                        <element href="crf_eshift.sysml#_ocHj9agMEeSM1rJQd-f8vg"/>
                      </semanticModel>
                      <contained xsi:type="di:EdgeObjectOffset" xmi:id="_ocHj86gMEeSM1rJQd-f8vg" id="nameEdgeObject" offset="110,-9"/>
                      <contained xsi:type="di:EdgeObjectOffset" xmi:id="_ocHj9KgMEeSM1rJQd-f8vg" visible="false" id="TransitionStereotypeEdgeObject"/>
                      <waypoints>[105, -23, -289, -31]</waypoints>
                    </contained>
                    <contained xsi:type="di:GraphEdge" xmi:id="_sOxWMagMEeSM1rJQd-f8vg" anchor="_vq57UagLEeSM1rJQd-f8vg _sOxWMKgMEeSM1rJQd-f8vg">
                      <semanticModel xsi:type="di:EMFSemanticModelBridge" xmi:id="_sOxWMqgMEeSM1rJQd-f8vg" presentation="default">
                        <element href="crf_eshift.sysml#_sOxWNagMEeSM1rJQd-f8vg"/>
                      </semanticModel>
                      <contained xsi:type="di:EdgeObjectOffset" xmi:id="_sOxWM6gMEeSM1rJQd-f8vg" id="nameEdgeObject" offset="116,-12"/>
                      <contained xsi:type="di:EdgeObjectOffset" xmi:id="_sOxWNKgMEeSM1rJQd-f8vg" visible="false" id="TransitionStereotypeEdgeObject"/>
                      <waypoints>[144, 25, -254, 30]</waypoints>
                    </contained>
                    <contained xsi:type="di:GraphEdge" xmi:id="_xs_SYagMEeSM1rJQd-f8vg" anchor="_vq57UKgLEeSM1rJQd-f8vg _xs_SYKgMEeSM1rJQd-f8vg">
                      <semanticModel xsi:type="di:EMFSemanticModelBridge" xmi:id="_xs_SYqgMEeSM1rJQd-f8vg" presentation="default">
                        <element href="crf_eshift.sysml#_xs_SZagMEeSM1rJQd-f8vg"/>
                      </semanticModel>
                      <contained xsi:type="di:EdgeObjectOffset" xmi:id="_xs_SY6gMEeSM1rJQd-f8vg" id="nameEdgeObject" offset="-1,-8"/>
                      <contained xsi:type="di:EdgeObjectOffset" xmi:id="_xs_SZKgMEeSM1rJQd-f8vg" visible="false" id="TransitionStereotypeEdgeObject"/>
                      <waypoints>[161, -4, -57, -51]</waypoints>
                    </contained>
                    <contained xsi:type="di:GraphEdge" xmi:id="_0SbDkKgMEeSM1rJQd-f8vg" anchor="_vq57UKgLEeSM1rJQd-f8vg _xs_SYKgMEeSM1rJQd-f8vg">
                      <semanticModel xsi:type="di:EMFSemanticModelBridge" xmi:id="_0SbDkagMEeSM1rJQd-f8vg" presentation="default">
                        <element href="crf_eshift.sysml#_0SbDlKgMEeSM1rJQd-f8vg"/>
                      </semanticModel>
                      <contained xsi:type="di:EdgeObjectOffset" xmi:id="_0SbDkqgMEeSM1rJQd-f8vg" id="nameEdgeObject" offset="-1,-9"/>
                      <contained xsi:type="di:EdgeObjectOffset" xmi:id="_0SbDk6gMEeSM1rJQd-f8vg" visible="false" id="TransitionStereotypeEdgeObject"/>
                      <waypoints>[170, 15, -48, -32]</waypoints>
                    </contained>
                    <contained xsi:type="di:GraphEdge" xmi:id="_5qO1wKgMEeSM1rJQd-f8vg" anchor="_vq57UKgLEeSM1rJQd-f8vg _xs_SYKgMEeSM1rJQd-f8vg">
                      <semanticModel xsi:type="di:EMFSemanticModelBridge" xmi:id="_5qO1wagMEeSM1rJQd-f8vg" presentation="default">
                        <element href="crf_eshift.sysml#_5qO1xKgMEeSM1rJQd-f8vg"/>
                      </semanticModel>
                      <contained xsi:type="di:EdgeObjectOffset" xmi:id="_5qO1wqgMEeSM1rJQd-f8vg" id="nameEdgeObject" offset="-1,-6"/>
                      <contained xsi:type="di:EdgeObjectOffset" xmi:id="_5qO1w6gMEeSM1rJQd-f8vg" visible="false" id="TransitionStereotypeEdgeObject"/>
                      <waypoints>[175, 30, -43, -17]</waypoints>
                    </contained>
                    <contained xsi:type="di:GraphEdge" xmi:id="_-Jz_cKgMEeSM1rJQd-f8vg" anchor="_vq57UagLEeSM1rJQd-f8vg _xs_SYKgMEeSM1rJQd-f8vg">
                      <semanticModel xsi:type="di:EMFSemanticModelBridge" xmi:id="_-Jz_cagMEeSM1rJQd-f8vg" presentation="default">
                        <element href="crf_eshift.sysml#_-Jz_dKgMEeSM1rJQd-f8vg"/>
                      </semanticModel>
                      <contained xsi:type="di:EdgeObjectOffset" xmi:id="_-Jz_cqgMEeSM1rJQd-f8vg" id="nameEdgeObject" offset="0,-9"/>
                      <contained xsi:type="di:EdgeObjectOffset" xmi:id="_-Jz_c6gMEeSM1rJQd-f8vg" visible="false" id="TransitionStereotypeEdgeObject"/>
                    </contained>
                    <contained xsi:type="di:GraphEdge" xmi:id="_BhiJMKgNEeSM1rJQd-f8vg" anchor="_vq57UagLEeSM1rJQd-f8vg _xs_SYKgMEeSM1rJQd-f8vg">
                      <semanticModel xsi:type="di:EMFSemanticModelBridge" xmi:id="_BhiJMagNEeSM1rJQd-f8vg" presentation="default">
                        <element href="crf_eshift.sysml#_BhiJNKgNEeSM1rJQd-f8vg"/>
                      </semanticModel>
                      <contained xsi:type="di:EdgeObjectOffset" xmi:id="_BhiJMqgNEeSM1rJQd-f8vg" id="nameEdgeObject" offset="0,-8"/>
                      <contained xsi:type="di:EdgeObjectOffset" xmi:id="_BhiJM6gNEeSM1rJQd-f8vg" visible="false" id="TransitionStereotypeEdgeObject"/>
                      <waypoints>[167, -4, -52, 36]</waypoints>
                    </contained>
                    <contained xsi:type="di:GraphEdge" xmi:id="_DwNnQKgNEeSM1rJQd-f8vg" anchor="_vq57UagLEeSM1rJQd-f8vg _xs_SYKgMEeSM1rJQd-f8vg">
                      <semanticModel xsi:type="di:EMFSemanticModelBridge" xmi:id="_DwNnQagNEeSM1rJQd-f8vg" presentation="default">
                        <element href="crf_eshift.sysml#_DwNnRKgNEeSM1rJQd-f8vg"/>
                      </semanticModel>
                      <contained xsi:type="di:EdgeObjectOffset" xmi:id="_DwNnQqgNEeSM1rJQd-f8vg" id="nameEdgeObject" offset="1,-7"/>
                      <contained xsi:type="di:EdgeObjectOffset" xmi:id="_DwNnQ6gNEeSM1rJQd-f8vg" visible="false" id="TransitionStereotypeEdgeObject"/>
                      <waypoints>[164, 14, -55, 54]</waypoints>
                    </contained>
                    <contained xsi:type="di:GraphEdge" xmi:id="_Jo548agNEeSM1rJQd-f8vg" anchor="_xs_SYKgMEeSM1rJQd-f8vg _Jo548KgNEeSM1rJQd-f8vg">
                      <semanticModel xsi:type="di:EMFSemanticModelBridge" xmi:id="_Jo548qgNEeSM1rJQd-f8vg" presentation="default">
                        <element href="crf_eshift.sysml#_Jo549agNEeSM1rJQd-f8vg"/>
                      </semanticModel>
                      <contained xsi:type="di:EdgeObjectOffset" xmi:id="_Jo5486gNEeSM1rJQd-f8vg" id="nameEdgeObject" offset="28,-17"/>
                      <contained xsi:type="di:EdgeObjectOffset" xmi:id="_Jo549KgNEeSM1rJQd-f8vg" visible="false" id="TransitionStereotypeEdgeObject"/>
                      <waypoints>[58, -31, 58, -31]</waypoints>
                      <waypoints>[58, -45, 58, -45]</waypoints>
                    </contained>
                    <contained xsi:type="di:GraphEdge" xmi:id="_QDYCAKgNEeSM1rJQd-f8vg" anchor="_xs_SYKgMEeSM1rJQd-f8vg _Jo548KgNEeSM1rJQd-f8vg">
                      <semanticModel xsi:type="di:EMFSemanticModelBridge" xmi:id="_QDYCAagNEeSM1rJQd-f8vg" presentation="default">
                        <element href="crf_eshift.sysml#_QDYCBKgNEeSM1rJQd-f8vg"/>
                      </semanticModel>
                      <contained xsi:type="di:EdgeObjectOffset" xmi:id="_QDYCAqgNEeSM1rJQd-f8vg" id="nameEdgeObject" offset="35,-3"/>
                      <contained xsi:type="di:EdgeObjectOffset" xmi:id="_QDYCA6gNEeSM1rJQd-f8vg" visible="false" id="TransitionStereotypeEdgeObject"/>
                      <waypoints>[57, 0, 57, 0]</waypoints>
                      <waypoints>[57, -18, 57, -18]</waypoints>
                    </contained>
                    <contained xsi:type="di:GraphEdge" xmi:id="_Utg14KgNEeSM1rJQd-f8vg" anchor="_xs_SYKgMEeSM1rJQd-f8vg _Jo548KgNEeSM1rJQd-f8vg">
                      <semanticModel xsi:type="di:EMFSemanticModelBridge" xmi:id="_Utg14agNEeSM1rJQd-f8vg" presentation="default">
                        <element href="crf_eshift.sysml#_Utg15KgNEeSM1rJQd-f8vg"/>
                      </semanticModel>
                      <contained xsi:type="di:EdgeObjectOffset" xmi:id="_Utg14qgNEeSM1rJQd-f8vg" id="nameEdgeObject" offset="40,-2"/>
                      <contained xsi:type="di:EdgeObjectOffset" xmi:id="_Utg146gNEeSM1rJQd-f8vg" visible="false" id="TransitionStereotypeEdgeObject"/>
                      <waypoints>[57, 32, 57, 32]</waypoints>
                      <waypoints>[57, 15, 57, 15]</waypoints>
                    </contained>
                    <contained xsi:type="di:GraphEdge" xmi:id="_b8C5IKgNEeSM1rJQd-f8vg" anchor="_ocHj8KgMEeSM1rJQd-f8vg _b75vMKgNEeSM1rJQd-f8vg">
                      <semanticModel xsi:type="di:EMFSemanticModelBridge" xmi:id="_b8C5IagNEeSM1rJQd-f8vg" presentation="default">
                        <element href="crf_eshift.sysml#_b8C5JKgNEeSM1rJQd-f8vg"/>
                      </semanticModel>
                      <contained xsi:type="di:EdgeObjectOffset" xmi:id="_b8C5IqgNEeSM1rJQd-f8vg" id="nameEdgeObject" offset="47,11"/>
                      <contained xsi:type="di:EdgeObjectOffset" xmi:id="_b8C5I6gNEeSM1rJQd-f8vg" visible="false" id="TransitionStereotypeEdgeObject"/>
                      <waypoints>[45, -18, 45, -18]</waypoints>
                      <waypoints>[45, -46, 45, -46]</waypoints>
                      <waypoints>[-3, -46, -3, -46]</waypoints>
                    </contained>
                    <contained xsi:type="di:GraphEdge" xmi:id="_jWClgKgNEeSM1rJQd-f8vg" anchor="_ocHj8KgMEeSM1rJQd-f8vg _b75vMKgNEeSM1rJQd-f8vg">
                      <semanticModel xsi:type="di:EMFSemanticModelBridge" xmi:id="_jWClgagNEeSM1rJQd-f8vg" presentation="default">
                        <element href="crf_eshift.sysml#_jWClhKgNEeSM1rJQd-f8vg"/>
                      </semanticModel>
                      <contained xsi:type="di:EdgeObjectOffset" xmi:id="_jWClgqgNEeSM1rJQd-f8vg" id="nameEdgeObject" offset="36,1"/>
                      <contained xsi:type="di:EdgeObjectOffset" xmi:id="_jWClg6gNEeSM1rJQd-f8vg" visible="false" id="TransitionStereotypeEdgeObject"/>
                      <waypoints>[53, 0, 53, 0]</waypoints>
                      <waypoints>[53, -12, 53, -12]</waypoints>
                    </contained>
                    <contained xsi:type="di:GraphEdge" xmi:id="_sCTyEKgNEeSM1rJQd-f8vg" anchor="_ocHj8KgMEeSM1rJQd-f8vg _b75vMKgNEeSM1rJQd-f8vg">
                      <semanticModel xsi:type="di:EMFSemanticModelBridge" xmi:id="_sCTyEagNEeSM1rJQd-f8vg" presentation="default">
                        <element href="crf_eshift.sysml#_sCTyFKgNEeSM1rJQd-f8vg"/>
                      </semanticModel>
                      <contained xsi:type="di:EdgeObjectOffset" xmi:id="_sCTyEqgNEeSM1rJQd-f8vg" id="nameEdgeObject" offset="43,-1"/>
                      <contained xsi:type="di:EdgeObjectOffset" xmi:id="_sCTyE6gNEeSM1rJQd-f8vg" visible="false" id="TransitionStereotypeEdgeObject"/>
                      <waypoints>[55, 20, 55, 20]</waypoints>
                      <waypoints>[55, 7, 55, 7]</waypoints>
                    </contained>
                    <contained xsi:type="di:GraphEdge" xmi:id="_wk3XQagNEeSM1rJQd-f8vg" anchor="_sOxWMKgMEeSM1rJQd-f8vg _wk3XQKgNEeSM1rJQd-f8vg">
                      <semanticModel xsi:type="di:EMFSemanticModelBridge" xmi:id="_wk3XQqgNEeSM1rJQd-f8vg" presentation="default">
                        <element href="crf_eshift.sysml#_wk3XRagNEeSM1rJQd-f8vg"/>
                      </semanticModel>
                      <contained xsi:type="di:EdgeObjectOffset" xmi:id="_wk3XQ6gNEeSM1rJQd-f8vg" id="nameEdgeObject" offset="46,-9"/>
                      <contained xsi:type="di:EdgeObjectOffset" xmi:id="_wk3XRKgNEeSM1rJQd-f8vg" visible="false" id="TransitionStereotypeEdgeObject"/>
                      <waypoints>[46, 18, 46, 18]</waypoints>
                      <waypoints>[46, 42, 46, 42]</waypoints>
                      <waypoints>[16, 42, 16, 42]</waypoints>
                    </contained>
                    <contained xsi:type="di:GraphEdge" xmi:id="_1GqugKgNEeSM1rJQd-f8vg" anchor="_sOxWMKgMEeSM1rJQd-f8vg _wk3XQKgNEeSM1rJQd-f8vg">
                      <semanticModel xsi:type="di:EMFSemanticModelBridge" xmi:id="_1GqugagNEeSM1rJQd-f8vg" presentation="default">
                        <element href="crf_eshift.sysml#_1GquhKgNEeSM1rJQd-f8vg"/>
                      </semanticModel>
                      <contained xsi:type="di:EdgeObjectOffset" xmi:id="_1GqugqgNEeSM1rJQd-f8vg" id="nameEdgeObject" offset="37,0"/>
                      <contained xsi:type="di:EdgeObjectOffset" xmi:id="_1Gqug6gNEeSM1rJQd-f8vg" visible="false" id="TransitionStereotypeEdgeObject"/>
                      <waypoints>[54, -16, 54, -16]</waypoints>
                      <waypoints>[54, -29, 54, -29]</waypoints>
                    </contained>
                    <contained xsi:type="di:GraphEdge" xmi:id="_6KP9IKgNEeSM1rJQd-f8vg" anchor="_sOxWMKgMEeSM1rJQd-f8vg _wk3XQKgNEeSM1rJQd-f8vg">
                      <semanticModel xsi:type="di:EMFSemanticModelBridge" xmi:id="_6KP9IagNEeSM1rJQd-f8vg" presentation="default">
                        <element href="crf_eshift.sysml#_6KP9JKgNEeSM1rJQd-f8vg"/>
                      </semanticModel>
                      <contained xsi:type="di:EdgeObjectOffset" xmi:id="_6KP9IqgNEeSM1rJQd-f8vg" id="nameEdgeObject" offset="43,0"/>
                      <contained xsi:type="di:EdgeObjectOffset" xmi:id="_6KP9I6gNEeSM1rJQd-f8vg" visible="false" id="TransitionStereotypeEdgeObject"/>
                      <waypoints>[54, 7, 54, 7]</waypoints>
                      <waypoints>[54, -4, 54, -4]</waypoints>
                    </contained>
                  </contained>
                </contained>
                <contained xsi:type="di:GraphEdge" xmi:id="_e2Pl8qf4EeSM1rJQd-f8vg" anchor="_e2Pl8Kf4EeSM1rJQd-f8vg _e2Pl8af4EeSM1rJQd-f8vg">
                  <semanticModel xsi:type="di:EMFSemanticModelBridge" xmi:id="_e2Pl86f4EeSM1rJQd-f8vg" presentation="default">
                    <element href="crf_eshift.sysml#_e2Pl9qf4EeSM1rJQd-f8vg"/>
                  </semanticModel>
                  <contained xsi:type="di:EdgeObjectOffset" xmi:id="_e2Pl9Kf4EeSM1rJQd-f8vg" id="nameEdgeObject"/>
                  <contained xsi:type="di:EdgeObjectOffset" xmi:id="_e2Pl9af4EeSM1rJQd-f8vg" visible="false" id="TransitionStereotypeEdgeObject"/>
                </contained>
              </contained>
            </contained>
            <contained xsi:type="di:GraphNode" xmi:id="_JBg0AKkZEeS2Bo1LFUdYQg" position="5,63" size="-1,-1">
              <property xmi:id="_JBg0AqkZEeS2Bo1LFUdYQg" key="name" value="visible"/>
              <anchorage xmi:id="_LJyvIKkZEeS2Bo1LFUdYQg" graphEdge="_LJyvIakZEeS2Bo1LFUdYQg"/>
              <semanticModel xsi:type="di:EMFSemanticModelBridge" xmi:id="_JBg0AakZEeS2Bo1LFUdYQg" presentation="default">
                <element href="crf_eshift.sysml#_JBg0A6kZEeS2Bo1LFUdYQg"/>
              </semanticModel>
            </contained>
            <contained xsi:type="di:GraphEdge" xmi:id="_LJyvIakZEeS2Bo1LFUdYQg" anchor="_LJyvIKkZEeS2Bo1LFUdYQg _8TTLwaf2EeSM1rJQd-f8vg">
              <semanticModel xsi:type="di:EMFSemanticModelBridge" xmi:id="_LJyvIqkZEeS2Bo1LFUdYQg" presentation="default">
                <element href="crf_eshift.sysml#_LJyvJakZEeS2Bo1LFUdYQg"/>
              </semanticModel>
              <contained xsi:type="di:EdgeObjectOffset" xmi:id="_LJyvI6kZEeS2Bo1LFUdYQg" id="nameEdgeObject"/>
              <contained xsi:type="di:EdgeObjectOffset" xmi:id="_LJyvJKkZEeS2Bo1LFUdYQg" visible="false" id="TransitionStereotypeEdgeObject"/>
            </contained>
          </contained>
          <contained xsi:type="di:GraphNode" xmi:id="_32f9sKkREeS2Bo1LFUdYQg" position="523,625" size="-1,-1">
            <semanticModel xsi:type="di:EMFSemanticModelBridge" xmi:id="_32f9sakREeS2Bo1LFUdYQg" presentation="default">
              <element href="crf_eshift.sysml#_32pusKkREeS2Bo1LFUdYQg"/>
            </semanticModel>
            <contained xsi:type="di:GraphNode" xmi:id="_AygMQKhKEeSjtfGSlIEBHA" position="57,83" size="-1,-1">
              <property xmi:id="_AygMQqhKEeSjtfGSlIEBHA" key="name" value="visible"/>
              <anchorage xmi:id="_LTQ1QKhKEeSjtfGSlIEBHA" graphEdge="_LTQ1QqhKEeSjtfGSlIEBHA"/>
              <semanticModel xsi:type="di:EMFSemanticModelBridge" xmi:id="_AygMQahKEeSjtfGSlIEBHA" presentation="default">
                <element href="crf_eshift.sysml#_Ayp9QKhKEeSjtfGSlIEBHA"/>
              </semanticModel>
            </contained>
            <contained xsi:type="di:GraphNode" xmi:id="_FcyxIKhKEeSjtfGSlIEBHA" position="376,75" size="61,211">
              <anchorage xmi:id="_NtPkYKhKEeSjtfGSlIEBHA" graphEdge="_NtPkYahKEeSjtfGSlIEBHA _QrhTYKhKEeSjtfGSlIEBHA _TByAIKhKEeSjtfGSlIEBHA _Yzxz8KhKEeSjtfGSlIEBHA _yttmYKhKEeSjtfGSlIEBHA _9yBoYKhKEeSjtfGSlIEBHA _BaHJYKhLEeSjtfGSlIEBHA _DzWRoKhLEeSjtfGSlIEBHA _GN62oKhLEeSjtfGSlIEBHA _KSkX0KhLEeSjtfGSlIEBHA _VVQCIKhLEeSjtfGSlIEBHA _Yxk_EKhLEeSjtfGSlIEBHA _a4g2YKhLEeSjtfGSlIEBHA _dXZ6sKhLEeSjtfGSlIEBHA _grtkEKhLEeSjtfGSlIEBHA _i4TXcKhLEeSjtfGSlIEBHA"/>
              <semanticModel xsi:type="di:EMFSemanticModelBridge" xmi:id="_FcyxIahKEeSjtfGSlIEBHA" presentation="default">
                <element href="crf_eshift.sysml#_FcyxIqhKEeSjtfGSlIEBHA"/>
              </semanticModel>
            </contained>
            <contained xsi:type="di:GraphNode" xmi:id="_C4ZhwKhKEeSjtfGSlIEBHA" position="195,76" size="59,206">
              <anchorage xmi:id="_LTQ1QahKEeSjtfGSlIEBHA" graphEdge="_LTQ1QqhKEeSjtfGSlIEBHA _NtPkYahKEeSjtfGSlIEBHA _QrhTYKhKEeSjtfGSlIEBHA _TByAIKhKEeSjtfGSlIEBHA _Yzxz8KhKEeSjtfGSlIEBHA _yttmYKhKEeSjtfGSlIEBHA _9yBoYKhKEeSjtfGSlIEBHA _BaHJYKhLEeSjtfGSlIEBHA _DzWRoKhLEeSjtfGSlIEBHA _GN62oKhLEeSjtfGSlIEBHA _KSkX0KhLEeSjtfGSlIEBHA _njxoEKhLEeSjtfGSlIEBHA _upY_4KhLEeSjtfGSlIEBHA _4e2pIKhLEeSjtfGSlIEBHA _DS8d0KhMEeSjtfGSlIEBHA _KEnl8KhMEeSjtfGSlIEBHA _THWKsKhMEeSjtfGSlIEBHA"/>
              <semanticModel xsi:type="di:EMFSemanticModelBridge" xmi:id="_C4ZhwahKEeSjtfGSlIEBHA" presentation="default">
                <element href="crf_eshift.sysml#_C4ZhwqhKEeSjtfGSlIEBHA"/>
              </semanticModel>
            </contained>
            <contained xsi:type="di:GraphNode" xmi:id="_HC2wAKhKEeSjtfGSlIEBHA" position="551,76" size="67,210">
              <anchorage xmi:id="_VVGRIKhLEeSjtfGSlIEBHA" graphEdge="_VVQCIKhLEeSjtfGSlIEBHA _Yxk_EKhLEeSjtfGSlIEBHA _a4g2YKhLEeSjtfGSlIEBHA _dXZ6sKhLEeSjtfGSlIEBHA _grtkEKhLEeSjtfGSlIEBHA _i4TXcKhLEeSjtfGSlIEBHA _njxoEKhLEeSjtfGSlIEBHA _upY_4KhLEeSjtfGSlIEBHA _4e2pIKhLEeSjtfGSlIEBHA _DS8d0KhMEeSjtfGSlIEBHA _KEnl8KhMEeSjtfGSlIEBHA _THWKsKhMEeSjtfGSlIEBHA"/>
              <semanticModel xsi:type="di:EMFSemanticModelBridge" xmi:id="_HC2wAahKEeSjtfGSlIEBHA" presentation="default">
                <element href="crf_eshift.sysml#_HC_58KhKEeSjtfGSlIEBHA"/>
              </semanticModel>
            </contained>
            <contained xsi:type="di:GraphEdge" xmi:id="_LTQ1QqhKEeSjtfGSlIEBHA" anchor="_LTQ1QKhKEeSjtfGSlIEBHA _LTQ1QahKEeSjtfGSlIEBHA">
              <semanticModel xsi:type="di:EMFSemanticModelBridge" xmi:id="_LTQ1Q6hKEeSjtfGSlIEBHA" presentation="default">
                <element href="crf_eshift.sysml#_LTZ_MKhKEeSjtfGSlIEBHA"/>
              </semanticModel>
              <contained xsi:type="di:EdgeObjectOffset" xmi:id="_LTQ1RKhKEeSjtfGSlIEBHA" id="nameEdgeObject" offset="1,-11"/>
              <contained xsi:type="di:EdgeObjectOffset" xmi:id="_LTQ1RahKEeSjtfGSlIEBHA" visible="false" id="TransitionStereotypeEdgeObject"/>
              <waypoints>[56, 2, -77, -84]</waypoints>
            </contained>
            <contained xsi:type="di:GraphEdge" xmi:id="_NtPkYahKEeSjtfGSlIEBHA" anchor="_LTQ1QahKEeSjtfGSlIEBHA _NtPkYKhKEeSjtfGSlIEBHA">
              <semanticModel xsi:type="di:EMFSemanticModelBridge" xmi:id="_NtPkYqhKEeSjtfGSlIEBHA" presentation="default">
                <element href="crf_eshift.sysml#_NtPkZahKEeSjtfGSlIEBHA"/>
              </semanticModel>
              <contained xsi:type="di:EdgeObjectOffset" xmi:id="_NtPkY6hKEeSjtfGSlIEBHA" id="nameEdgeObject" offset="-2,-9"/>
              <contained xsi:type="di:EdgeObjectOffset" xmi:id="_NtPkZKhKEeSjtfGSlIEBHA" visible="false" id="TransitionStereotypeEdgeObject"/>
              <waypoints>[119, -94, -41, -95]</waypoints>
            </contained>
            <contained xsi:type="di:GraphEdge" xmi:id="_QrhTYKhKEeSjtfGSlIEBHA" anchor="_LTQ1QahKEeSjtfGSlIEBHA _NtPkYKhKEeSjtfGSlIEBHA">
              <semanticModel xsi:type="di:EMFSemanticModelBridge" xmi:id="_QrhTYahKEeSjtfGSlIEBHA" presentation="default">
                <element href="crf_eshift.sysml#_QrhTZKhKEeSjtfGSlIEBHA"/>
              </semanticModel>
              <contained xsi:type="di:EdgeObjectOffset" xmi:id="_QrhTYqhKEeSjtfGSlIEBHA" id="nameEdgeObject" offset="-4,-11"/>
              <contained xsi:type="di:EdgeObjectOffset" xmi:id="_QrhTY6hKEeSjtfGSlIEBHA" visible="false" id="TransitionStereotypeEdgeObject"/>
              <waypoints>[128, -75, -32, -76]</waypoints>
            </contained>
            <contained xsi:type="di:GraphEdge" xmi:id="_TByAIKhKEeSjtfGSlIEBHA" anchor="_LTQ1QahKEeSjtfGSlIEBHA _NtPkYKhKEeSjtfGSlIEBHA">
              <semanticModel xsi:type="di:EMFSemanticModelBridge" xmi:id="_TByAIahKEeSjtfGSlIEBHA" presentation="default">
                <element href="crf_eshift.sysml#_TByAJKhKEeSjtfGSlIEBHA"/>
              </semanticModel>
              <contained xsi:type="di:EdgeObjectOffset" xmi:id="_TByAIqhKEeSjtfGSlIEBHA" id="nameEdgeObject" offset="-3,-11"/>
              <contained xsi:type="di:EdgeObjectOffset" xmi:id="_TByAI6hKEeSjtfGSlIEBHA" visible="false" id="TransitionStereotypeEdgeObject"/>
              <waypoints>[128, -55, -32, -56]</waypoints>
            </contained>
            <contained xsi:type="di:GraphEdge" xmi:id="_Yzxz8KhKEeSjtfGSlIEBHA" anchor="_LTQ1QahKEeSjtfGSlIEBHA _NtPkYKhKEeSjtfGSlIEBHA">
              <semanticModel xsi:type="di:EMFSemanticModelBridge" xmi:id="_Yzxz8ahKEeSjtfGSlIEBHA" presentation="default">
                <element href="crf_eshift.sysml#_Yzxz9KhKEeSjtfGSlIEBHA"/>
              </semanticModel>
              <contained xsi:type="di:EdgeObjectOffset" xmi:id="_Yzxz8qhKEeSjtfGSlIEBHA" id="nameEdgeObject" offset="-1,-11"/>
              <contained xsi:type="di:EdgeObjectOffset" xmi:id="_Yzxz86hKEeSjtfGSlIEBHA" visible="false" id="TransitionStereotypeEdgeObject"/>
              <waypoints>[121, -33, -39, -34]</waypoints>
            </contained>
            <contained xsi:type="di:GraphEdge" xmi:id="_yttmYKhKEeSjtfGSlIEBHA" anchor="_LTQ1QahKEeSjtfGSlIEBHA _NtPkYKhKEeSjtfGSlIEBHA">
              <semanticModel xsi:type="di:EMFSemanticModelBridge" xmi:id="_yttmYahKEeSjtfGSlIEBHA" presentation="default">
                <element href="crf_eshift.sysml#_yttmZKhKEeSjtfGSlIEBHA"/>
              </semanticModel>
              <contained xsi:type="di:EdgeObjectOffset" xmi:id="_yttmYqhKEeSjtfGSlIEBHA" id="nameEdgeObject" offset="-2,-11"/>
              <contained xsi:type="di:EdgeObjectOffset" xmi:id="_yttmY6hKEeSjtfGSlIEBHA" visible="false" id="TransitionStereotypeEdgeObject"/>
              <waypoints>[139, 92, -45, 91]</waypoints>
            </contained>
            <contained xsi:type="di:GraphEdge" xmi:id="_9yBoYKhKEeSjtfGSlIEBHA" anchor="_LTQ1QahKEeSjtfGSlIEBHA _NtPkYKhKEeSjtfGSlIEBHA">
              <semanticModel xsi:type="di:EMFSemanticModelBridge" xmi:id="_9yBoYahKEeSjtfGSlIEBHA" presentation="default">
                <element href="crf_eshift.sysml#_9yBoZKhKEeSjtfGSlIEBHA"/>
              </semanticModel>
              <contained xsi:type="di:EdgeObjectOffset" xmi:id="_9yBoYqhKEeSjtfGSlIEBHA" id="nameEdgeObject" offset="-2,-9"/>
              <contained xsi:type="di:EdgeObjectOffset" xmi:id="_9yBoY6hKEeSjtfGSlIEBHA" visible="false" id="TransitionStereotypeEdgeObject"/>
              <waypoints>[143, 68, -41, 67]</waypoints>
            </contained>
            <contained xsi:type="di:GraphEdge" xmi:id="_BaHJYKhLEeSjtfGSlIEBHA" anchor="_LTQ1QahKEeSjtfGSlIEBHA _NtPkYKhKEeSjtfGSlIEBHA">
              <semanticModel xsi:type="di:EMFSemanticModelBridge" xmi:id="_BaHJYahLEeSjtfGSlIEBHA" presentation="default">
                <element href="crf_eshift.sysml#_BaHJZKhLEeSjtfGSlIEBHA"/>
              </semanticModel>
              <contained xsi:type="di:EdgeObjectOffset" xmi:id="_BaHJYqhLEeSjtfGSlIEBHA" id="nameEdgeObject" offset="-1,-11"/>
              <contained xsi:type="di:EdgeObjectOffset" xmi:id="_BaHJY6hLEeSjtfGSlIEBHA" visible="false" id="TransitionStereotypeEdgeObject"/>
              <waypoints>[146, 50, -38, 49]</waypoints>
            </contained>
            <contained xsi:type="di:GraphEdge" xmi:id="_DzWRoKhLEeSjtfGSlIEBHA" anchor="_LTQ1QahKEeSjtfGSlIEBHA _NtPkYKhKEeSjtfGSlIEBHA">
              <semanticModel xsi:type="di:EMFSemanticModelBridge" xmi:id="_DzWRoahLEeSjtfGSlIEBHA" presentation="default">
                <element href="crf_eshift.sysml#_DzWRpKhLEeSjtfGSlIEBHA"/>
              </semanticModel>
              <contained xsi:type="di:EdgeObjectOffset" xmi:id="_DzWRoqhLEeSjtfGSlIEBHA" id="nameEdgeObject" offset="-1,-9"/>
              <contained xsi:type="di:EdgeObjectOffset" xmi:id="_DzWRo6hLEeSjtfGSlIEBHA" visible="false" id="TransitionStereotypeEdgeObject"/>
              <waypoints>[148, 29, -36, 28]</waypoints>
            </contained>
            <contained xsi:type="di:GraphEdge" xmi:id="_GN62oKhLEeSjtfGSlIEBHA" anchor="_LTQ1QahKEeSjtfGSlIEBHA _NtPkYKhKEeSjtfGSlIEBHA">
              <semanticModel xsi:type="di:EMFSemanticModelBridge" xmi:id="_GN62oahLEeSjtfGSlIEBHA" presentation="default">
                <element href="crf_eshift.sysml#_GN62pKhLEeSjtfGSlIEBHA"/>
              </semanticModel>
              <contained xsi:type="di:EdgeObjectOffset" xmi:id="_GN62oqhLEeSjtfGSlIEBHA" id="nameEdgeObject" offset="-4,-11"/>
              <contained xsi:type="di:EdgeObjectOffset" xmi:id="_GN62o6hLEeSjtfGSlIEBHA" visible="false" id="TransitionStereotypeEdgeObject"/>
              <waypoints>[145, -14, -39, -15]</waypoints>
            </contained>
            <contained xsi:type="di:GraphEdge" xmi:id="_KSkX0KhLEeSjtfGSlIEBHA" anchor="_LTQ1QahKEeSjtfGSlIEBHA _NtPkYKhKEeSjtfGSlIEBHA">
              <semanticModel xsi:type="di:EMFSemanticModelBridge" xmi:id="_KSkX0ahLEeSjtfGSlIEBHA" presentation="default">
                <element href="crf_eshift.sysml#_KSkX1KhLEeSjtfGSlIEBHA"/>
              </semanticModel>
              <contained xsi:type="di:EdgeObjectOffset" xmi:id="_KSkX0qhLEeSjtfGSlIEBHA" id="nameEdgeObject" offset="-3,-7"/>
              <contained xsi:type="di:EdgeObjectOffset" xmi:id="_KSkX06hLEeSjtfGSlIEBHA" visible="false" id="TransitionStereotypeEdgeObject"/>
              <waypoints>[145, 5, -39, 4]</waypoints>
            </contained>
            <contained xsi:type="di:GraphEdge" xmi:id="_VVQCIKhLEeSjtfGSlIEBHA" anchor="_NtPkYKhKEeSjtfGSlIEBHA _VVGRIKhLEeSjtfGSlIEBHA">
              <semanticModel xsi:type="di:EMFSemanticModelBridge" xmi:id="_VVQCIahLEeSjtfGSlIEBHA" presentation="default">
                <element href="crf_eshift.sysml#_VVQCJKhLEeSjtfGSlIEBHA"/>
              </semanticModel>
              <contained xsi:type="di:EdgeObjectOffset" xmi:id="_VVQCIqhLEeSjtfGSlIEBHA" id="nameEdgeObject" offset="-2,-10"/>
              <contained xsi:type="di:EdgeObjectOffset" xmi:id="_VVQCI6hLEeSjtfGSlIEBHA" visible="false" id="TransitionStereotypeEdgeObject"/>
              <waypoints>[132, -50, -46, -51]</waypoints>
            </contained>
            <contained xsi:type="di:GraphEdge" xmi:id="_Yxk_EKhLEeSjtfGSlIEBHA" anchor="_NtPkYKhKEeSjtfGSlIEBHA _VVGRIKhLEeSjtfGSlIEBHA">
              <semanticModel xsi:type="di:EMFSemanticModelBridge" xmi:id="_Yxk_EahLEeSjtfGSlIEBHA" presentation="default">
                <element href="crf_eshift.sysml#_Yxk_FKhLEeSjtfGSlIEBHA"/>
              </semanticModel>
              <contained xsi:type="di:EdgeObjectOffset" xmi:id="_Yxk_EqhLEeSjtfGSlIEBHA" id="nameEdgeObject" offset="-3,-11"/>
              <contained xsi:type="di:EdgeObjectOffset" xmi:id="_Yxk_E6hLEeSjtfGSlIEBHA" visible="false" id="TransitionStereotypeEdgeObject"/>
              <waypoints>[122, -72, -56, -73]</waypoints>
            </contained>
            <contained xsi:type="di:GraphEdge" xmi:id="_a4g2YKhLEeSjtfGSlIEBHA" anchor="_NtPkYKhKEeSjtfGSlIEBHA _VVGRIKhLEeSjtfGSlIEBHA">
              <semanticModel xsi:type="di:EMFSemanticModelBridge" xmi:id="_a4g2YahLEeSjtfGSlIEBHA" presentation="default">
                <element href="crf_eshift.sysml#_a4g2ZKhLEeSjtfGSlIEBHA"/>
              </semanticModel>
              <contained xsi:type="di:EdgeObjectOffset" xmi:id="_a4g2YqhLEeSjtfGSlIEBHA" id="nameEdgeObject" offset="-3,-9"/>
              <contained xsi:type="di:EdgeObjectOffset" xmi:id="_a4g2Y6hLEeSjtfGSlIEBHA" visible="false" id="TransitionStereotypeEdgeObject"/>
              <waypoints>[133, -29, -39, -30]</waypoints>
            </contained>
            <contained xsi:type="di:GraphEdge" xmi:id="_dXZ6sKhLEeSjtfGSlIEBHA" anchor="_NtPkYKhKEeSjtfGSlIEBHA _VVGRIKhLEeSjtfGSlIEBHA">
              <semanticModel xsi:type="di:EMFSemanticModelBridge" xmi:id="_dXZ6sahLEeSjtfGSlIEBHA" presentation="default">
                <element href="crf_eshift.sysml#_dXZ6tKhLEeSjtfGSlIEBHA"/>
              </semanticModel>
              <contained xsi:type="di:EdgeObjectOffset" xmi:id="_dXZ6sqhLEeSjtfGSlIEBHA" id="nameEdgeObject" offset="0,-10"/>
              <contained xsi:type="di:EdgeObjectOffset" xmi:id="_dXZ6s6hLEeSjtfGSlIEBHA" visible="false" id="TransitionStereotypeEdgeObject"/>
            </contained>
            <contained xsi:type="di:GraphEdge" xmi:id="_grtkEKhLEeSjtfGSlIEBHA" anchor="_NtPkYKhKEeSjtfGSlIEBHA _VVGRIKhLEeSjtfGSlIEBHA">
              <semanticModel xsi:type="di:EMFSemanticModelBridge" xmi:id="_grtkEahLEeSjtfGSlIEBHA" presentation="default">
                <element href="crf_eshift.sysml#_grtkFKhLEeSjtfGSlIEBHA"/>
              </semanticModel>
              <contained xsi:type="di:EdgeObjectOffset" xmi:id="_grtkEqhLEeSjtfGSlIEBHA" id="nameEdgeObject" offset="-3,-11"/>
              <contained xsi:type="di:EdgeObjectOffset" xmi:id="_grtkE6hLEeSjtfGSlIEBHA" visible="false" id="TransitionStereotypeEdgeObject"/>
              <waypoints>[139, 27, -33, 26]</waypoints>
            </contained>
            <contained xsi:type="di:GraphEdge" xmi:id="_i4TXcKhLEeSjtfGSlIEBHA" anchor="_NtPkYKhKEeSjtfGSlIEBHA _VVGRIKhLEeSjtfGSlIEBHA">
              <semanticModel xsi:type="di:EMFSemanticModelBridge" xmi:id="_i4TXcahLEeSjtfGSlIEBHA" presentation="default">
                <element href="crf_eshift.sysml#_i4TXdKhLEeSjtfGSlIEBHA"/>
              </semanticModel>
              <contained xsi:type="di:EdgeObjectOffset" xmi:id="_i4TXcqhLEeSjtfGSlIEBHA" id="nameEdgeObject" offset="-3,-12"/>
              <contained xsi:type="di:EdgeObjectOffset" xmi:id="_i4TXc6hLEeSjtfGSlIEBHA" visible="false" id="TransitionStereotypeEdgeObject"/>
              <waypoints>[130, 52, -42, 51]</waypoints>
            </contained>
            <contained xsi:type="di:GraphEdge" xmi:id="_njxoEKhLEeSjtfGSlIEBHA" anchor="_VVGRIKhLEeSjtfGSlIEBHA _LTQ1QahKEeSjtfGSlIEBHA">
              <semanticModel xsi:type="di:EMFSemanticModelBridge" xmi:id="_njxoEahLEeSjtfGSlIEBHA" presentation="default">
                <element href="crf_eshift.sysml#_njxoFKhLEeSjtfGSlIEBHA"/>
              </semanticModel>
              <contained xsi:type="di:EdgeObjectOffset" xmi:id="_njxoEqhLEeSjtfGSlIEBHA" id="nameEdgeObject" offset="99,-10"/>
              <contained xsi:type="di:EdgeObjectOffset" xmi:id="_njxoE6hLEeSjtfGSlIEBHA" visible="false" id="TransitionStereotypeEdgeObject"/>
              <waypoints>[41, 88, 397, 90]</waypoints>
              <waypoints>[41, 126, 397, 128]</waypoints>
              <waypoints>[-393, 126, -37, 128]</waypoints>
              <waypoints>[-393, 83, -37, 85]</waypoints>
            </contained>
            <contained xsi:type="di:GraphEdge" xmi:id="_upY_4KhLEeSjtfGSlIEBHA" anchor="_VVGRIKhLEeSjtfGSlIEBHA _LTQ1QahKEeSjtfGSlIEBHA">
              <semanticModel xsi:type="di:EMFSemanticModelBridge" xmi:id="_upY_4ahLEeSjtfGSlIEBHA" presentation="default">
                <element href="crf_eshift.sysml#_upY_5KhLEeSjtfGSlIEBHA"/>
              </semanticModel>
              <contained xsi:type="di:EdgeObjectOffset" xmi:id="_upY_4qhLEeSjtfGSlIEBHA" id="nameEdgeObject" offset="94,-11"/>
              <contained xsi:type="di:EdgeObjectOffset" xmi:id="_upY_46hLEeSjtfGSlIEBHA" visible="false" id="TransitionStereotypeEdgeObject"/>
              <waypoints>[57, 73, 413, 75]</waypoints>
              <waypoints>[57, 149, 413, 151]</waypoints>
              <waypoints>[-409, 149, -53, 151]</waypoints>
              <waypoints>[-409, 67, -53, 69]</waypoints>
            </contained>
            <contained xsi:type="di:GraphEdge" xmi:id="_4e2pIKhLEeSjtfGSlIEBHA" anchor="_VVGRIKhLEeSjtfGSlIEBHA _LTQ1QahKEeSjtfGSlIEBHA">
              <semanticModel xsi:type="di:EMFSemanticModelBridge" xmi:id="_4e2pIahLEeSjtfGSlIEBHA" presentation="default">
                <element href="crf_eshift.sysml#_4e2pJKhLEeSjtfGSlIEBHA"/>
              </semanticModel>
              <contained xsi:type="di:EdgeObjectOffset" xmi:id="_4e2pIqhLEeSjtfGSlIEBHA" id="nameEdgeObject" offset="96,-11"/>
              <contained xsi:type="di:EdgeObjectOffset" xmi:id="_4e2pI6hLEeSjtfGSlIEBHA" visible="false" id="TransitionStereotypeEdgeObject"/>
              <waypoints>[75, 58, 431, 60]</waypoints>
              <waypoints>[75, 171, 431, 173]</waypoints>
              <waypoints>[-424, 171, -68, 173]</waypoints>
              <waypoints>[-424, 49, -68, 51]</waypoints>
            </contained>
            <contained xsi:type="di:GraphEdge" xmi:id="_DS8d0KhMEeSjtfGSlIEBHA" anchor="_VVGRIKhLEeSjtfGSlIEBHA _LTQ1QahKEeSjtfGSlIEBHA">
              <semanticModel xsi:type="di:EMFSemanticModelBridge" xmi:id="_DS8d0ahMEeSjtfGSlIEBHA" presentation="default">
                <element href="crf_eshift.sysml#_DS8d1KhMEeSjtfGSlIEBHA"/>
              </semanticModel>
              <contained xsi:type="di:EdgeObjectOffset" xmi:id="_DS8d0qhMEeSjtfGSlIEBHA" id="nameEdgeObject" offset="96,-10"/>
              <contained xsi:type="di:EdgeObjectOffset" xmi:id="_DS8d06hMEeSjtfGSlIEBHA" visible="false" id="TransitionStereotypeEdgeObject"/>
              <waypoints>[90, 40, 446, 42]</waypoints>
              <waypoints>[90, 192, 446, 194]</waypoints>
              <waypoints>[-440, 192, -84, 194]</waypoints>
              <waypoints>[-440, 30, -84, 32]</waypoints>
            </contained>
            <contained xsi:type="di:GraphEdge" xmi:id="_KEnl8KhMEeSjtfGSlIEBHA" anchor="_VVGRIKhLEeSjtfGSlIEBHA _LTQ1QahKEeSjtfGSlIEBHA">
              <semanticModel xsi:type="di:EMFSemanticModelBridge" xmi:id="_KEnl8ahMEeSjtfGSlIEBHA" presentation="default">
                <element href="crf_eshift.sysml#_KEnl9KhMEeSjtfGSlIEBHA"/>
              </semanticModel>
              <contained xsi:type="di:EdgeObjectOffset" xmi:id="_KEnl8qhMEeSjtfGSlIEBHA" id="nameEdgeObject" offset="92,-10"/>
              <contained xsi:type="di:EdgeObjectOffset" xmi:id="_KEnl86hMEeSjtfGSlIEBHA" visible="false" id="TransitionStereotypeEdgeObject"/>
              <waypoints>[107, 23, 463, 25]</waypoints>
              <waypoints>[107, 214, 463, 216]</waypoints>
              <waypoints>[-456, 214, -100, 216]</waypoints>
              <waypoints>[-456, 14, -100, 16]</waypoints>
            </contained>
            <contained xsi:type="di:GraphEdge" xmi:id="_THWKsKhMEeSjtfGSlIEBHA" anchor="_VVGRIKhLEeSjtfGSlIEBHA _LTQ1QahKEeSjtfGSlIEBHA">
              <semanticModel xsi:type="di:EMFSemanticModelBridge" xmi:id="_THWKsahMEeSjtfGSlIEBHA" presentation="default">
                <element href="crf_eshift.sysml#_THWKtKhMEeSjtfGSlIEBHA"/>
              </semanticModel>
              <contained xsi:type="di:EdgeObjectOffset" xmi:id="_THWKsqhMEeSjtfGSlIEBHA" id="nameEdgeObject" offset="91,-10"/>
              <contained xsi:type="di:EdgeObjectOffset" xmi:id="_THWKs6hMEeSjtfGSlIEBHA" visible="false" id="TransitionStereotypeEdgeObject"/>
              <waypoints>[124, 0, 480, 2]</waypoints>
              <waypoints>[124, 238, 480, 240]</waypoints>
              <waypoints>[-476, 238, -120, 240]</waypoints>
              <waypoints>[-476, -2, -120, 0]</waypoints>
            </contained>
          </contained>
        </contained>
      </contained>
    </diagrams>