<?xml version="1.0" encoding="UTF-8"?><diagrams xmlns:xmi="http://www.omg.org/XMI" xmlns:xsi="http://www.w3.org/2001/XMLSchema-instance" xmlns:di="http://www.topcased.org/DI/1.0" xmlns:diagrams="http://www.topcased.org/Diagrams/1.0" xmi:id="_bD02kaJNEeSlHLP-P69lcw" position="0,0" size="100,100" name="TSR27" viewport="0,0">
      <property xmi:id="_bMylUqJNEeSlHLP-P69lcw" key="pageFormatName" value="A4"/>
      <property xmi:id="_bMylU6JNEeSlHLP-P69lcw" key="diagramWidth" value="840"/>
      <property xmi:id="_bMylVKJNEeSlHLP-P69lcw" key="diagramHeight" value="1188"/>
      <property xmi:id="_bMylVaJNEeSlHLP-P69lcw" key="pageMarginName" value="Small Margin"/>
      <property xmi:id="_bMylVqJNEeSlHLP-P69lcw" key="diagramTopMargin" value="20"/>
      <property xmi:id="_bMylV6JNEeSlHLP-P69lcw" key="diagramBottomMargin" value="20"/>
      <property xmi:id="_bMylWKJNEeSlHLP-P69lcw" key="diagramLeftMargin" value="20"/>
      <property xmi:id="_bMylWaJNEeSlHLP-P69lcw" key="diagramRightMargin" value="20"/>
      <property xmi:id="_bMylWqJNEeSlHLP-P69lcw" key="orientation" value="portrait"/>
      <semanticModel xsi:type="di:EMFSemanticModelBridge" xmi:id="_bD02kqJNEeSlHLP-P69lcw" presentation="org.topcased.modeler.sysml.statemachinediagram">
        <element href="crf_eshift.sysml#_bD0PgKJNEeSlHLP-P69lcw"/>
      </semanticModel>
      <contained xsi:type="di:GraphNode" xmi:id="_bMylUKJNEeSlHLP-P69lcw" size="-1,-1">
        <semanticModel xsi:type="di:EMFSemanticModelBridge" xmi:id="_bMylUaJNEeSlHLP-P69lcw" presentation="default">
          <element href="crf_eshift.sysml#_bD0PgaJNEeSlHLP-P69lcw"/>
        </semanticModel>
        <contained xsi:type="di:GraphNode" xmi:id="_EAS0EKJOEeSlHLP-P69lcw" position="27,32" size="-1,-1">
          <property xmi:id="_EAV3YKJOEeSlHLP-P69lcw" key="name" value="visible"/>
          <anchorage xmi:id="_JMYecKJOEeSlHLP-P69lcw" graphEdge="_JMZskKJOEeSlHLP-P69lcw"/>
          <semanticModel xsi:type="di:EMFSemanticModelBridge" xmi:id="_EAS0EaJOEeSlHLP-P69lcw" presentation="default">
            <element href="crf_eshift.sysml#_EAaI0KJOEeSlHLP-P69lcw"/>
          </semanticModel>
        </contained>
        <contained xsi:type="di:GraphNode" xmi:id="_GuOZ8KJOEeSlHLP-P69lcw" position="90,23" size="79,34">
          <anchorage xmi:id="_JMYecaJOEeSlHLP-P69lcw" graphEdge="_JMZskKJOEeSlHLP-P69lcw _Q29kgKJOEeSlHLP-P69lcw"/>
          <semanticModel xsi:type="di:EMFSemanticModelBridge" xmi:id="_GuOZ8aJOEeSlHLP-P69lcw" presentation="default">
            <element href="crf_eshift.sysml#_GuW80KJOEeSlHLP-P69lcw"/>
          </semanticModel>
        </contained>
        <contained xsi:type="di:GraphEdge" xmi:id="_JMZskKJOEeSlHLP-P69lcw" anchor="_JMYecKJOEeSlHLP-P69lcw _JMYecaJOEeSlHLP-P69lcw">
          <semanticModel xsi:type="di:EMFSemanticModelBridge" xmi:id="_JMZskaJOEeSlHLP-P69lcw" presentation="default">
            <element href="crf_eshift.sysml#_JMZslKJOEeSlHLP-P69lcw"/>
          </semanticModel>
          <contained xsi:type="di:EdgeObjectOffset" xmi:id="_JMZskqJOEeSlHLP-P69lcw" id="nameEdgeObject"/>
          <contained xsi:type="di:EdgeObjectOffset" xmi:id="_JMZsk6JOEeSlHLP-P69lcw" visible="false" id="TransitionStereotypeEdgeObject"/>
        </contained>
        <contained xsi:type="di:GraphNode" xmi:id="_ObTaYKJOEeSlHLP-P69lcw" position="248,24" size="399,71">
          <anchorage xmi:id="_Q28WYKJOEeSlHLP-P69lcw" graphEdge="_Q29kgKJOEeSlHLP-P69lcw __EzVAKJOEeSlHLP-P69lcw _I8NfAKJPEeSlHLP-P69lcw _VX4VgKJPEeSlHLP-P69lcw _bQ2UAKJPEeSlHLP-P69lcw _jt2VgKJPEeSlHLP-P69lcw _m34BgKJPEeSlHLP-P69lcw _Yf_ggKJQEeSlHLP-P69lcw _Nxo1gKJSEeSlHLP-P69lcw"/>
          <semanticModel xsi:type="di:EMFSemanticModelBridge" xmi:id="_ObTaYaJOEeSlHLP-P69lcw" presentation="default">
            <element href="crf_eshift.sysml#_Obg1wKJOEeSlHLP-P69lcw"/>
          </semanticModel>
        </contained>
        <contained xsi:type="di:GraphEdge" xmi:id="_Q29kgKJOEeSlHLP-P69lcw" anchor="_JMYecaJOEeSlHLP-P69lcw _Q28WYKJOEeSlHLP-P69lcw">
          <semanticModel xsi:type="di:EMFSemanticModelBridge" xmi:id="_Q29kgaJOEeSlHLP-P69lcw" presentation="default">
            <element href="crf_eshift.sysml#_Q2-LkKJOEeSlHLP-P69lcw"/>
          </semanticModel>
          <contained xsi:type="di:EdgeObjectOffset" xmi:id="_Q29kgqJOEeSlHLP-P69lcw" id="nameEdgeObject" offset="-2,-12"/>
          <contained xsi:type="di:EdgeObjectOffset" xmi:id="_Q29kg6JOEeSlHLP-P69lcw" visible="false" id="TransitionStereotypeEdgeObject"/>
          <waypoints>[100, -8, -218, -19]</waypoints>
        </contained>
        <contained xsi:type="di:GraphNode" xmi:id="_g8L7oKJOEeSlHLP-P69lcw" position="244,122" size="82,38">
          <anchorage xmi:id="__EyG4KJOEeSlHLP-P69lcw" graphEdge="__EzVAKJOEeSlHLP-P69lcw _t096AKJQEeSlHLP-P69lcw _kNplAKJREeSlHLP-P69lcw _nkNRIKJREeSlHLP-P69lcw"/>
          <semanticModel xsi:type="di:EMFSemanticModelBridge" xmi:id="_g8MisKJOEeSlHLP-P69lcw" presentation="default">
            <element href="crf_eshift.sysml#_g8VFkKJOEeSlHLP-P69lcw"/>
          </semanticModel>
        </contained>
        <contained xsi:type="di:GraphNode" xmi:id="_jWaiYKJOEeSlHLP-P69lcw" position="334,151" size="107,50">
          <anchorage xmi:id="_VX3HYKJPEeSlHLP-P69lcw" graphEdge="_VX4VgKJPEeSlHLP-P69lcw _bQ2UAKJPEeSlHLP-P69lcw _mWmrAKJQEeSlHLP-P69lcw _gYJIgKJQEeSlHLP-P69lcw _tjViAKJREeSlHLP-P69lcw"/>
          <semanticModel xsi:type="di:EMFSemanticModelBridge" xmi:id="_jWaiYaJOEeSlHLP-P69lcw" presentation="default">
            <element href="crf_eshift.sysml#_jWs2QKJOEeSlHLP-P69lcw"/>
          </semanticModel>
        </contained>
        <contained xsi:type="di:GraphNode" xmi:id="_luJ10KJOEeSlHLP-P69lcw" position="595,223" size="67,50">
          <anchorage xmi:id="_I8MQ4KJPEeSlHLP-P69lcw" graphEdge="_I8NfAKJPEeSlHLP-P69lcw _Tt9fcKJREeSlHLP-P69lcw _0X93gKJREeSlHLP-P69lcw _34HkgKJREeSlHLP-P69lcw"/>
          <semanticModel xsi:type="di:EMFSemanticModelBridge" xmi:id="_luJ10aJOEeSlHLP-P69lcw" presentation="default">
            <element href="crf_eshift.sysml#_luYfUKJOEeSlHLP-P69lcw"/>
          </semanticModel>
        </contained>
        <contained xsi:type="di:GraphNode" xmi:id="_oQdagKJOEeSlHLP-P69lcw" position="460,190" size="109,58">
          <anchorage xmi:id="_jt1HYKJPEeSlHLP-P69lcw" graphEdge="_jt2VgKJPEeSlHLP-P69lcw _m34BgKJPEeSlHLP-P69lcw _GgjqAKJREeSlHLP-P69lcw _J2fEAKJREeSlHLP-P69lcw _xKbkgKJREeSlHLP-P69lcw"/>
          <semanticModel xsi:type="di:EMFSemanticModelBridge" xmi:id="_oQdagaJOEeSlHLP-P69lcw" presentation="default">
            <element href="crf_eshift.sysml#_oQpAsKJOEeSlHLP-P69lcw"/>
          </semanticModel>
        </contained>
        <contained xsi:type="di:GraphEdge" xmi:id="__EzVAKJOEeSlHLP-P69lcw" anchor="_Q28WYKJOEeSlHLP-P69lcw __EyG4KJOEeSlHLP-P69lcw">
          <semanticModel xsi:type="di:EMFSemanticModelBridge" xmi:id="__EzVAaJOEeSlHLP-P69lcw" presentation="default">
            <element href="crf_eshift.sysml#__EzVBKJOEeSlHLP-P69lcw"/>
          </semanticModel>
          <contained xsi:type="di:EdgeObjectOffset" xmi:id="__EzVAqJOEeSlHLP-P69lcw" id="nameEdgeObject" offset="-43,-2"/>
          <contained xsi:type="di:EdgeObjectOffset" xmi:id="__EzVA6JOEeSlHLP-P69lcw" visible="false" id="TransitionStereotypeEdgeObject"/>
          <waypoints>[-173, 54, -11, -28]</waypoints>
        </contained>
        <contained xsi:type="di:GraphEdge" xmi:id="_I8NfAKJPEeSlHLP-P69lcw" anchor="_Q28WYKJOEeSlHLP-P69lcw _I8MQ4KJPEeSlHLP-P69lcw">
          <semanticModel xsi:type="di:EMFSemanticModelBridge" xmi:id="_I8NfAaJPEeSlHLP-P69lcw" presentation="default">
            <element href="crf_eshift.sysml#_I8NfBKJPEeSlHLP-P69lcw"/>
          </semanticModel>
          <contained xsi:type="di:EdgeObjectOffset" xmi:id="_I8NfAqJPEeSlHLP-P69lcw" id="nameEdgeObject" offset="36,-7"/>
          <contained xsi:type="di:EdgeObjectOffset" xmi:id="_I8NfA6JPEeSlHLP-P69lcw" visible="false" id="TransitionStereotypeEdgeObject"/>
          <waypoints>[186, 58, -4, -50]</waypoints>
        </contained>
        <contained xsi:type="di:GraphEdge" xmi:id="_VX4VgKJPEeSlHLP-P69lcw" anchor="_Q28WYKJOEeSlHLP-P69lcw _VX3HYKJPEeSlHLP-P69lcw">
          <semanticModel xsi:type="di:EMFSemanticModelBridge" xmi:id="_VX4VgaJPEeSlHLP-P69lcw" presentation="default">
            <element href="crf_eshift.sysml#_VX4VhKJPEeSlHLP-P69lcw"/>
          </semanticModel>
          <contained xsi:type="di:EdgeObjectOffset" xmi:id="_VX4VgqJPEeSlHLP-P69lcw" id="nameEdgeObject" offset="-45,-14"/>
          <contained xsi:type="di:EdgeObjectOffset" xmi:id="_VX4Vg6JPEeSlHLP-P69lcw" visible="false" id="TransitionStereotypeEdgeObject"/>
          <waypoints>[-58, 61, -10, -50]</waypoints>
        </contained>
        <contained xsi:type="di:GraphEdge" xmi:id="_bQ2UAKJPEeSlHLP-P69lcw" anchor="_Q28WYKJOEeSlHLP-P69lcw _VX3HYKJPEeSlHLP-P69lcw">
          <semanticModel xsi:type="di:EMFSemanticModelBridge" xmi:id="_bQ2UAaJPEeSlHLP-P69lcw" presentation="default">
            <element href="crf_eshift.sysml#_bQ2UBKJPEeSlHLP-P69lcw"/>
          </semanticModel>
          <contained xsi:type="di:EdgeObjectOffset" xmi:id="_bQ2UAqJPEeSlHLP-P69lcw" id="nameEdgeObject" offset="46,7"/>
          <contained xsi:type="di:EdgeObjectOffset" xmi:id="_bQ2UA6JPEeSlHLP-P69lcw" visible="false" id="TransitionStereotypeEdgeObject"/>
          <waypoints>[-54, 71, 6, -40]</waypoints>
        </contained>
        <contained xsi:type="di:GraphEdge" xmi:id="_jt2VgKJPEeSlHLP-P69lcw" anchor="_Q28WYKJOEeSlHLP-P69lcw _jt1HYKJPEeSlHLP-P69lcw">
          <semanticModel xsi:type="di:EMFSemanticModelBridge" xmi:id="_jt2VgaJPEeSlHLP-P69lcw" presentation="default">
            <element href="crf_eshift.sysml#_jt2VhKJPEeSlHLP-P69lcw"/>
          </semanticModel>
          <contained xsi:type="di:EdgeObjectOffset" xmi:id="_jt2VgqJPEeSlHLP-P69lcw" id="nameEdgeObject" offset="-44,-36"/>
          <contained xsi:type="di:EdgeObjectOffset" xmi:id="_jt2Vg6JPEeSlHLP-P69lcw" visible="false" id="TransitionStereotypeEdgeObject"/>
          <waypoints>[69, 39, -8, -70]</waypoints>
        </contained>
        <contained xsi:type="di:GraphEdge" xmi:id="_m34BgKJPEeSlHLP-P69lcw" anchor="_Q28WYKJOEeSlHLP-P69lcw _jt1HYKJPEeSlHLP-P69lcw">
          <semanticModel xsi:type="di:EMFSemanticModelBridge" xmi:id="_m34BgaJPEeSlHLP-P69lcw" presentation="default">
            <element href="crf_eshift.sysml#_m34okKJPEeSlHLP-P69lcw"/>
          </semanticModel>
          <contained xsi:type="di:EdgeObjectOffset" xmi:id="_m34BgqJPEeSlHLP-P69lcw" id="nameEdgeObject" offset="46,-8"/>
          <contained xsi:type="di:EdgeObjectOffset" xmi:id="_m34Bg6JPEeSlHLP-P69lcw" visible="false" id="TransitionStereotypeEdgeObject"/>
          <waypoints>[80, 74, 3, -35]</waypoints>
        </contained>
        <contained xsi:type="di:GraphNode" xmi:id="_ST7m4KJQEeSlHLP-P69lcw" position="42,135" size="99,151">
          <anchorage xmi:id="_Yf-SYKJQEeSlHLP-P69lcw" graphEdge="_Yf_ggKJQEeSlHLP-P69lcw _t096AKJQEeSlHLP-P69lcw _mWmrAKJQEeSlHLP-P69lcw _gYJIgKJQEeSlHLP-P69lcw _GgjqAKJREeSlHLP-P69lcw _J2fEAKJREeSlHLP-P69lcw _Tt9fcKJREeSlHLP-P69lcw"/>
          <semanticModel xsi:type="di:EMFSemanticModelBridge" xmi:id="_ST7m4aJQEeSlHLP-P69lcw" presentation="default">
            <element href="crf_eshift.sysml#_SUH0IKJQEeSlHLP-P69lcw"/>
          </semanticModel>
        </contained>
        <contained xsi:type="di:GraphEdge" xmi:id="_Yf_ggKJQEeSlHLP-P69lcw" anchor="_Yf-SYKJQEeSlHLP-P69lcw _Q28WYKJOEeSlHLP-P69lcw">
          <semanticModel xsi:type="di:EMFSemanticModelBridge" xmi:id="_Yf_ggaJQEeSlHLP-P69lcw" presentation="default">
            <element href="crf_eshift.sysml#_YgAHkKJQEeSlHLP-P69lcw"/>
          </semanticModel>
          <contained xsi:type="di:EdgeObjectOffset" xmi:id="_Yf_ggqJQEeSlHLP-P69lcw" id="nameEdgeObject" offset="65,-11"/>
          <contained xsi:type="di:EdgeObjectOffset" xmi:id="_Yf_gg6JQEeSlHLP-P69lcw" visible="false" id="TransitionStereotypeEdgeObject"/>
          <waypoints>[6, -133, -350, 18]</waypoints>
        </contained>
        <contained xsi:type="di:GraphEdge" xmi:id="_gYJIgKJQEeSlHLP-P69lcw" anchor="_VX3HYKJPEeSlHLP-P69lcw _Yf-SYKJQEeSlHLP-P69lcw">
          <semanticModel xsi:type="di:EMFSemanticModelBridge" xmi:id="_gYJIgaJQEeSlHLP-P69lcw" presentation="default">
            <element href="crf_eshift.sysml#_gYJIhKJQEeSlHLP-P69lcw"/>
          </semanticModel>
          <contained xsi:type="di:EdgeObjectOffset" xmi:id="_gYJIgqJQEeSlHLP-P69lcw" id="nameEdgeObject" offset="-39,-10"/>
          <contained xsi:type="di:EdgeObjectOffset" xmi:id="_gYJIg6JQEeSlHLP-P69lcw" visible="false" id="TransitionStereotypeEdgeObject"/>
          <waypoints>[-110, 18, 182, -16]</waypoints>
        </contained>
        <contained xsi:type="di:GraphEdge" xmi:id="_mWmrAKJQEeSlHLP-P69lcw" anchor="_VX3HYKJPEeSlHLP-P69lcw _Yf-SYKJQEeSlHLP-P69lcw">
          <semanticModel xsi:type="di:EMFSemanticModelBridge" xmi:id="_mWmrAaJQEeSlHLP-P69lcw" presentation="default">
            <element href="crf_eshift.sysml#_mWmrBKJQEeSlHLP-P69lcw"/>
          </semanticModel>
          <contained xsi:type="di:EdgeObjectOffset" xmi:id="_mWmrAqJQEeSlHLP-P69lcw" id="nameEdgeObject" offset="-40,-13"/>
          <contained xsi:type="di:EdgeObjectOffset" xmi:id="_mWmrA6JQEeSlHLP-P69lcw" visible="false" id="TransitionStereotypeEdgeObject"/>
          <waypoints>[-107, -2, 185, -36]</waypoints>
        </contained>
        <contained xsi:type="di:GraphEdge" xmi:id="_t096AKJQEeSlHLP-P69lcw" anchor="__EyG4KJOEeSlHLP-P69lcw _Yf-SYKJQEeSlHLP-P69lcw">
          <semanticModel xsi:type="di:EMFSemanticModelBridge" xmi:id="_t096AaJQEeSlHLP-P69lcw" presentation="default">
            <element href="crf_eshift.sysml#_t0-hEKJQEeSlHLP-P69lcw"/>
          </semanticModel>
          <contained xsi:type="di:EdgeObjectOffset" xmi:id="_t096AqJQEeSlHLP-P69lcw" id="nameEdgeObject" offset="1,-10"/>
          <contained xsi:type="di:EdgeObjectOffset" xmi:id="_t096A6JQEeSlHLP-P69lcw" visible="false" id="TransitionStereotypeEdgeObject"/>
          <waypoints>[-72, 1, 111, -68]</waypoints>
        </contained>
        <contained xsi:type="di:GraphEdge" xmi:id="_GgjqAKJREeSlHLP-P69lcw" anchor="_jt1HYKJPEeSlHLP-P69lcw _Yf-SYKJQEeSlHLP-P69lcw">
          <semanticModel xsi:type="di:EMFSemanticModelBridge" xmi:id="_GgjqAaJREeSlHLP-P69lcw" presentation="default">
            <element href="crf_eshift.sysml#_GgjqBKJREeSlHLP-P69lcw"/>
          </semanticModel>
          <contained xsi:type="di:EdgeObjectOffset" xmi:id="_GgjqAqJREeSlHLP-P69lcw" id="nameEdgeObject" offset="-100,-11"/>
          <contained xsi:type="di:EdgeObjectOffset" xmi:id="_GgjqA6JREeSlHLP-P69lcw" visible="false" id="TransitionStereotypeEdgeObject"/>
          <waypoints>[-139, 1, 280, 10]</waypoints>
        </contained>
        <contained xsi:type="di:GraphEdge" xmi:id="_J2fEAKJREeSlHLP-P69lcw" anchor="_jt1HYKJPEeSlHLP-P69lcw _Yf-SYKJQEeSlHLP-P69lcw">
          <semanticModel xsi:type="di:EMFSemanticModelBridge" xmi:id="_J2fEAaJREeSlHLP-P69lcw" presentation="default">
            <element href="crf_eshift.sysml#_J2frEKJREeSlHLP-P69lcw"/>
          </semanticModel>
          <contained xsi:type="di:EdgeObjectOffset" xmi:id="_J2fEAqJREeSlHLP-P69lcw" id="nameEdgeObject" offset="-101,-11"/>
          <contained xsi:type="di:EdgeObjectOffset" xmi:id="_J2fEA6JREeSlHLP-P69lcw" visible="false" id="TransitionStereotypeEdgeObject"/>
          <waypoints>[-75, 23, 344, 28]</waypoints>
        </contained>
        <contained xsi:type="di:GraphEdge" xmi:id="_Tt9fcKJREeSlHLP-P69lcw" anchor="_I8MQ4KJPEeSlHLP-P69lcw _Yf-SYKJQEeSlHLP-P69lcw">
          <semanticModel xsi:type="di:EMFSemanticModelBridge" xmi:id="_Tt9fcaJREeSlHLP-P69lcw" presentation="default">
            <element href="crf_eshift.sysml#_Tt-GgKJREeSlHLP-P69lcw"/>
          </semanticModel>
          <contained xsi:type="di:EdgeObjectOffset" xmi:id="_Tt9fcqJREeSlHLP-P69lcw" id="nameEdgeObject" offset="-179,-12"/>
          <contained xsi:type="di:EdgeObjectOffset" xmi:id="_Tt9fc6JREeSlHLP-P69lcw" visible="false" id="TransitionStereotypeEdgeObject"/>
          <waypoints>[-179, 15, 354, 53]</waypoints>
        </contained>
        <contained xsi:type="di:GraphNode" xmi:id="_chVZkKJREeSlHLP-P69lcw" position="232,344" size="430,50">
          <anchorage xmi:id="_kNoW4KJREeSlHLP-P69lcw" graphEdge="_kNplAKJREeSlHLP-P69lcw _nkNRIKJREeSlHLP-P69lcw _tjViAKJREeSlHLP-P69lcw _xKbkgKJREeSlHLP-P69lcw _0X93gKJREeSlHLP-P69lcw _34HkgKJREeSlHLP-P69lcw _K1HaAKJSEeSlHLP-P69lcw"/>
          <semanticModel xsi:type="di:EMFSemanticModelBridge" xmi:id="_chVZkaJREeSlHLP-P69lcw" presentation="default">
            <element href="crf_eshift.sysml#_chgYsKJREeSlHLP-P69lcw"/>
          </semanticModel>
        </contained>
        <contained xsi:type="di:GraphEdge" xmi:id="_kNplAKJREeSlHLP-P69lcw" anchor="__EyG4KJOEeSlHLP-P69lcw _kNoW4KJREeSlHLP-P69lcw">
          <semanticModel xsi:type="di:EMFSemanticModelBridge" xmi:id="_kNplAaJREeSlHLP-P69lcw" presentation="default">
            <element href="crf_eshift.sysml#_kNqMEKJREeSlHLP-P69lcw"/>
          </semanticModel>
          <contained xsi:type="di:EdgeObjectOffset" xmi:id="_kNplAqJREeSlHLP-P69lcw" id="nameEdgeObject" offset="-45,43"/>
          <contained xsi:type="di:EdgeObjectOffset" xmi:id="_kNplA6JREeSlHLP-P69lcw" visible="false" id="TransitionStereotypeEdgeObject"/>
          <waypoints>[-21, 149, -183, -79]</waypoints>
        </contained>
        <contained xsi:type="di:GraphEdge" xmi:id="_nkNRIKJREeSlHLP-P69lcw" anchor="__EyG4KJOEeSlHLP-P69lcw _kNoW4KJREeSlHLP-P69lcw">
          <semanticModel xsi:type="di:EMFSemanticModelBridge" xmi:id="_nkNRIaJREeSlHLP-P69lcw" presentation="default">
            <element href="crf_eshift.sysml#_nkNRJKJREeSlHLP-P69lcw"/>
          </semanticModel>
          <contained xsi:type="di:EdgeObjectOffset" xmi:id="_nkNRIqJREeSlHLP-P69lcw" id="nameEdgeObject" offset="46,65"/>
          <contained xsi:type="di:EdgeObjectOffset" xmi:id="_nkNRI6JREeSlHLP-P69lcw" visible="false" id="TransitionStereotypeEdgeObject"/>
          <waypoints>[-3, 147, -165, -81]</waypoints>
        </contained>
        <contained xsi:type="di:GraphEdge" xmi:id="_tjViAKJREeSlHLP-P69lcw" anchor="_VX3HYKJPEeSlHLP-P69lcw _kNoW4KJREeSlHLP-P69lcw">
          <semanticModel xsi:type="di:EMFSemanticModelBridge" xmi:id="_tjViAaJREeSlHLP-P69lcw" presentation="default">
            <element href="crf_eshift.sysml#_tjViBKJREeSlHLP-P69lcw"/>
          </semanticModel>
          <contained xsi:type="di:EdgeObjectOffset" xmi:id="_tjViAqJREeSlHLP-P69lcw" id="nameEdgeObject" offset="-37,9"/>
          <contained xsi:type="di:EdgeObjectOffset" xmi:id="_tjViA6JREeSlHLP-P69lcw" visible="false" id="TransitionStereotypeEdgeObject"/>
          <waypoints>[2, 132, -58, -61]</waypoints>
        </contained>
        <contained xsi:type="di:GraphEdge" xmi:id="_xKbkgKJREeSlHLP-P69lcw" anchor="_jt1HYKJPEeSlHLP-P69lcw _kNoW4KJREeSlHLP-P69lcw">
          <semanticModel xsi:type="di:EMFSemanticModelBridge" xmi:id="_xKbkgaJREeSlHLP-P69lcw" presentation="default">
            <element href="crf_eshift.sysml#_xKcLkKJREeSlHLP-P69lcw"/>
          </semanticModel>
          <contained xsi:type="di:EdgeObjectOffset" xmi:id="_xKbkgqJREeSlHLP-P69lcw" id="nameEdgeObject" offset="-37,-2"/>
          <contained xsi:type="di:EdgeObjectOffset" xmi:id="_xKbkg6JREeSlHLP-P69lcw" visible="false" id="TransitionStereotypeEdgeObject"/>
          <waypoints>[-5, 99, 62, -51]</waypoints>
        </contained>
        <contained xsi:type="di:GraphEdge" xmi:id="_0X93gKJREeSlHLP-P69lcw" anchor="_I8MQ4KJPEeSlHLP-P69lcw _kNoW4KJREeSlHLP-P69lcw">
          <semanticModel xsi:type="di:EMFSemanticModelBridge" xmi:id="_0X93gaJREeSlHLP-P69lcw" presentation="default">
            <element href="crf_eshift.sysml#_0X-ekKJREeSlHLP-P69lcw"/>
          </semanticModel>
          <contained xsi:type="di:EdgeObjectOffset" xmi:id="_0X93gqJREeSlHLP-P69lcw" id="nameEdgeObject" offset="-45,-2"/>
          <contained xsi:type="di:EdgeObjectOffset" xmi:id="_0X93g6JREeSlHLP-P69lcw" visible="false" id="TransitionStereotypeEdgeObject"/>
          <waypoints>[-12, 63, 169, -58]</waypoints>
        </contained>
        <contained xsi:type="di:GraphEdge" xmi:id="_34HkgKJREeSlHLP-P69lcw" anchor="_I8MQ4KJPEeSlHLP-P69lcw _kNoW4KJREeSlHLP-P69lcw">
          <semanticModel xsi:type="di:EMFSemanticModelBridge" xmi:id="_34HkgaJREeSlHLP-P69lcw" presentation="default">
            <element href="crf_eshift.sysml#_34HkhKJREeSlHLP-P69lcw"/>
          </semanticModel>
          <contained xsi:type="di:EdgeObjectOffset" xmi:id="_34HkgqJREeSlHLP-P69lcw" id="nameEdgeObject" offset="47,-2"/>
          <contained xsi:type="di:EdgeObjectOffset" xmi:id="_34Hkg6JREeSlHLP-P69lcw" visible="false" id="TransitionStereotypeEdgeObject"/>
          <waypoints>[2, 78, 183, -43]</waypoints>
        </contained>
        <contained xsi:type="di:GraphNode" xmi:id="_IPOV0KJSEeSlHLP-P69lcw" position="375,425" size="126,50">
          <anchorage xmi:id="_K1GL4KJSEeSlHLP-P69lcw" graphEdge="_K1HaAKJSEeSlHLP-P69lcw _Nxo1gKJSEeSlHLP-P69lcw"/>
          <semanticModel xsi:type="di:EMFSemanticModelBridge" xmi:id="_IPOV0aJSEeSlHLP-P69lcw" presentation="default">
            <element href="crf_eshift.sysml#_IPcYQKJSEeSlHLP-P69lcw"/>
          </semanticModel>
        </contained>
        <contained xsi:type="di:GraphEdge" xmi:id="_K1HaAKJSEeSlHLP-P69lcw" anchor="_kNoW4KJREeSlHLP-P69lcw _K1GL4KJSEeSlHLP-P69lcw">
          <semanticModel xsi:type="di:EMFSemanticModelBridge" xmi:id="_K1HaAaJSEeSlHLP-P69lcw" presentation="default">
            <element href="crf_eshift.sysml#_K1IBEKJSEeSlHLP-P69lcw"/>
          </semanticModel>
          <contained xsi:type="di:EdgeObjectOffset" xmi:id="_K1HaAqJSEeSlHLP-P69lcw" id="nameEdgeObject" offset="52,0"/>
          <contained xsi:type="di:EdgeObjectOffset" xmi:id="_K1HaA6JSEeSlHLP-P69lcw" visible="false" id="TransitionStereotypeEdgeObject"/>
        </contained>
        <contained xsi:type="di:GraphEdge" xmi:id="_Nxo1gKJSEeSlHLP-P69lcw" anchor="_K1GL4KJSEeSlHLP-P69lcw _Q28WYKJOEeSlHLP-P69lcw">
          <semanticModel xsi:type="di:EMFSemanticModelBridge" xmi:id="_Nxo1gaJSEeSlHLP-P69lcw" presentation="default">
            <element href="crf_eshift.sysml#_NxpckKJSEeSlHLP-P69lcw"/>
          </semanticModel>
          <contained xsi:type="di:EdgeObjectOffset" xmi:id="_Nxo1gqJSEeSlHLP-P69lcw" id="nameEdgeObject" offset="-44,-208"/>
          <contained xsi:type="di:EdgeObjectOffset" xmi:id="_Nxo1g6JSEeSlHLP-P69lcw" visible="false" id="TransitionStereotypeEdgeObject"/>
          <waypoints>[306, 0, 297, 391]</waypoints>
          <waypoints>[306, -391, 297, 0]</waypoints>
        </contained>
      </contained>
    </diagrams>