<?xml version="1.0" encoding="UTF-8"?><diagrams xmlns:xmi="http://www.omg.org/XMI" xmlns:xsi="http://www.w3.org/2001/XMLSchema-instance" xmlns:di="http://www.topcased.org/DI/1.0" xmlns:diagrams="http://www.topcased.org/Diagrams/1.0" xmi:id="_7FWFgzBCEeSnocBZhT3NBQ" position="0,0" size="100,100" name="TSR7" viewport="0,0">
      <property xmi:id="_7GhxQjBCEeSnocBZhT3NBQ" key="pageFormatName" value="A4"/>
      <property xmi:id="_7GhxQzBCEeSnocBZhT3NBQ" key="diagramWidth" value="840"/>
      <property xmi:id="_7GhxRDBCEeSnocBZhT3NBQ" key="diagramHeight" value="1188"/>
      <property xmi:id="_7GhxRTBCEeSnocBZhT3NBQ" key="pageMarginName" value="Small Margin"/>
      <property xmi:id="_7GhxRjBCEeSnocBZhT3NBQ" key="diagramTopMargin" value="20"/>
      <property xmi:id="_7GhxRzBCEeSnocBZhT3NBQ" key="diagramBottomMargin" value="20"/>
      <property xmi:id="_7GhxSDBCEeSnocBZhT3NBQ" key="diagramLeftMargin" value="20"/>
      <property xmi:id="_7GhxSTBCEeSnocBZhT3NBQ" key="diagramRightMargin" value="20"/>
      <property xmi:id="_7GhxSjBCEeSnocBZhT3NBQ" key="orientation" value="portrait"/>
      <semanticModel xsi:type="di:EMFSemanticModelBridge" xmi:id="_7FWFhDBCEeSnocBZhT3NBQ" presentation="org.topcased.modeler.sysml.statemachinediagram">
        <element href="crf_eshift.sysml#_7FWFgDBCEeSnocBZhT3NBQ"/>
      </semanticModel>
      <contained xsi:type="di:GraphNode" xmi:id="_7GhxQDBCEeSnocBZhT3NBQ" size="-1,-1">
        <semanticModel xsi:type="di:EMFSemanticModelBridge" xmi:id="_7GhxQTBCEeSnocBZhT3NBQ" presentation="default">
          <element href="crf_eshift.sysml#_7FWFgTBCEeSnocBZhT3NBQ"/>
        </semanticModel>
        <contained xsi:type="di:GraphNode" xmi:id="_7pWKcDBCEeSnocBZhT3NBQ" position="42,75" size="-1,-1">
          <property xmi:id="_7pWKcjBCEeSnocBZhT3NBQ" key="name" value="visible"/>
          <anchorage xmi:id="_l-z7MDBDEeSnocBZhT3NBQ" graphEdge="_l-z7MTBDEeSnocBZhT3NBQ"/>
          <semanticModel xsi:type="di:EMFSemanticModelBridge" xmi:id="_7pWKcTBCEeSnocBZhT3NBQ" presentation="default">
            <element href="crf_eshift.sysml#_7pWKczBCEeSnocBZhT3NBQ"/>
          </semanticModel>
        </contained>
        <contained xsi:type="di:GraphNode" xmi:id="_9OzsYDBCEeSnocBZhT3NBQ" position="180,70" size="120,60">
          <anchorage xmi:id="_CkZRADBDEeSnocBZhT3NBQ" graphEdge="_Ckia8DBDEeSnocBZhT3NBQ _l-z7MTBDEeSnocBZhT3NBQ _6mIkgDBDEeSnocBZhT3NBQ _SWTOEDBEEeSnocBZhT3NBQ _dhmo4DBEEeSnocBZhT3NBQ"/>
          <semanticModel xsi:type="di:EMFSemanticModelBridge" xmi:id="_9OzsYTBCEeSnocBZhT3NBQ" presentation="default">
            <element href="crf_eshift.sysml#_9O9dYDBCEeSnocBZhT3NBQ"/>
          </semanticModel>
        </contained>
        <contained xsi:type="di:GraphNode" xmi:id="__AByYDBCEeSnocBZhT3NBQ" position="425,69" size="90,59">
          <anchorage xmi:id="_CkZRATBDEeSnocBZhT3NBQ" graphEdge="_Ckia8DBDEeSnocBZhT3NBQ _QgSkITBDEeSnocBZhT3NBQ _xdwDsTBDEeSnocBZhT3NBQ"/>
          <semanticModel xsi:type="di:EMFSemanticModelBridge" xmi:id="__AByYTBCEeSnocBZhT3NBQ" presentation="default">
            <element href="crf_eshift.sysml#__AK8UDBCEeSnocBZhT3NBQ"/>
          </semanticModel>
        </contained>
        <contained xsi:type="di:GraphEdge" xmi:id="_Ckia8DBDEeSnocBZhT3NBQ" anchor="_CkZRADBDEeSnocBZhT3NBQ _CkZRATBDEeSnocBZhT3NBQ">
          <semanticModel xsi:type="di:EMFSemanticModelBridge" xmi:id="_Ckia8TBDEeSnocBZhT3NBQ" presentation="default">
            <element href="crf_eshift.sysml#_Ckia9DBDEeSnocBZhT3NBQ"/>
          </semanticModel>
          <contained xsi:type="di:EdgeObjectOffset" xmi:id="_Ckia8jBDEeSnocBZhT3NBQ" id="nameEdgeObject" offset="-1,-15"/>
          <contained xsi:type="di:EdgeObjectOffset" xmi:id="_Ckia8zBDEeSnocBZhT3NBQ" visible="false" id="TransitionStereotypeEdgeObject"/>
        </contained>
        <contained xsi:type="di:GraphNode" xmi:id="_LSJEQDBDEeSnocBZhT3NBQ" position="665,70" size="89,58">
          <anchorage xmi:id="_QgSkIDBDEeSnocBZhT3NBQ" graphEdge="_QgSkITBDEeSnocBZhT3NBQ _Jo_fsTBEEeSnocBZhT3NBQ _O0KkETBEEeSnocBZhT3NBQ"/>
          <semanticModel xsi:type="di:EMFSemanticModelBridge" xmi:id="_LSJEQTBDEeSnocBZhT3NBQ" presentation="default">
            <element href="crf_eshift.sysml#_LSS1QDBDEeSnocBZhT3NBQ"/>
          </semanticModel>
        </contained>
        <contained xsi:type="di:GraphEdge" xmi:id="_QgSkITBDEeSnocBZhT3NBQ" anchor="_CkZRATBDEeSnocBZhT3NBQ _QgSkIDBDEeSnocBZhT3NBQ">
          <semanticModel xsi:type="di:EMFSemanticModelBridge" xmi:id="_QgSkIjBDEeSnocBZhT3NBQ" presentation="default">
            <element href="crf_eshift.sysml#_QgSkJTBDEeSnocBZhT3NBQ"/>
          </semanticModel>
          <contained xsi:type="di:EdgeObjectOffset" xmi:id="_QgSkIzBDEeSnocBZhT3NBQ" id="nameEdgeObject" offset="-5,-14"/>
          <contained xsi:type="di:EdgeObjectOffset" xmi:id="_QgSkJDBDEeSnocBZhT3NBQ" visible="false" id="TransitionStereotypeEdgeObject"/>
        </contained>
        <contained xsi:type="di:GraphEdge" xmi:id="_l-z7MTBDEeSnocBZhT3NBQ" anchor="_l-z7MDBDEeSnocBZhT3NBQ _CkZRADBDEeSnocBZhT3NBQ">
          <semanticModel xsi:type="di:EMFSemanticModelBridge" xmi:id="_l-z7MjBDEeSnocBZhT3NBQ" presentation="default">
            <element href="crf_eshift.sysml#_l-z7NTBDEeSnocBZhT3NBQ"/>
          </semanticModel>
          <contained xsi:type="di:EdgeObjectOffset" xmi:id="_l-z7MzBDEeSnocBZhT3NBQ" id="nameEdgeObject"/>
          <contained xsi:type="di:EdgeObjectOffset" xmi:id="_l-z7NDBDEeSnocBZhT3NBQ" visible="false" id="TransitionStereotypeEdgeObject"/>
        </contained>
        <contained xsi:type="di:GraphNode" xmi:id="_u5pvQDBDEeSnocBZhT3NBQ" position="355,175" size="75,55">
          <anchorage xmi:id="_xdwDsDBDEeSnocBZhT3NBQ" graphEdge="_xdwDsTBDEeSnocBZhT3NBQ _6mIkgDBDEeSnocBZhT3NBQ"/>
          <semanticModel xsi:type="di:EMFSemanticModelBridge" xmi:id="_u5pvQTBDEeSnocBZhT3NBQ" presentation="default">
            <element href="crf_eshift.sysml#_u5y5MDBDEeSnocBZhT3NBQ"/>
          </semanticModel>
        </contained>
        <contained xsi:type="di:GraphEdge" xmi:id="_xdwDsTBDEeSnocBZhT3NBQ" anchor="_CkZRATBDEeSnocBZhT3NBQ _xdwDsDBDEeSnocBZhT3NBQ">
          <semanticModel xsi:type="di:EMFSemanticModelBridge" xmi:id="_xdwDsjBDEeSnocBZhT3NBQ" presentation="default">
            <element href="crf_eshift.sysml#_xdwDtTBDEeSnocBZhT3NBQ"/>
          </semanticModel>
          <contained xsi:type="di:EdgeObjectOffset" xmi:id="_xdwDszBDEeSnocBZhT3NBQ" id="nameEdgeObject" offset="68,-43"/>
          <contained xsi:type="di:EdgeObjectOffset" xmi:id="_xdwDtDBDEeSnocBZhT3NBQ" visible="false" id="TransitionStereotypeEdgeObject"/>
          <waypoints>[-1, 97, 77, -7]</waypoints>
        </contained>
        <contained xsi:type="di:GraphEdge" xmi:id="_6mIkgDBDEeSnocBZhT3NBQ" anchor="_xdwDsDBDEeSnocBZhT3NBQ _CkZRADBDEeSnocBZhT3NBQ">
          <semanticModel xsi:type="di:EMFSemanticModelBridge" xmi:id="_6mIkgTBDEeSnocBZhT3NBQ" presentation="default">
            <element href="crf_eshift.sysml#_6mIkhDBDEeSnocBZhT3NBQ"/>
          </semanticModel>
          <contained xsi:type="di:EdgeObjectOffset" xmi:id="_6mIkgjBDEeSnocBZhT3NBQ" id="nameEdgeObject" offset="40,-15"/>
          <contained xsi:type="di:EdgeObjectOffset" xmi:id="_6mIkgzBDEeSnocBZhT3NBQ" visible="false" id="TransitionStereotypeEdgeObject"/>
          <waypoints>[-129, -6, 23, 96]</waypoints>
        </contained>
        <contained xsi:type="di:GraphNode" xmi:id="_AlrFEDBEEeSnocBZhT3NBQ" position="360,260" size="70,50">
          <anchorage xmi:id="_Jo_fsDBEEeSnocBZhT3NBQ" graphEdge="_Jo_fsTBEEeSnocBZhT3NBQ _SWTOEDBEEeSnocBZhT3NBQ"/>
          <semanticModel xsi:type="di:EMFSemanticModelBridge" xmi:id="_AlrFETBEEeSnocBZhT3NBQ" presentation="default">
            <element href="crf_eshift.sysml#_Al0PADBEEeSnocBZhT3NBQ"/>
          </semanticModel>
        </contained>
        <contained xsi:type="di:GraphNode" xmi:id="_BybzIDBEEeSnocBZhT3NBQ" position="335,353" size="67,50">
          <anchorage xmi:id="_O0KkEDBEEeSnocBZhT3NBQ" graphEdge="_O0KkETBEEeSnocBZhT3NBQ _dhmo4DBEEeSnocBZhT3NBQ"/>
          <semanticModel xsi:type="di:EMFSemanticModelBridge" xmi:id="_BybzITBEEeSnocBZhT3NBQ" presentation="default">
            <element href="crf_eshift.sysml#_BylkIDBEEeSnocBZhT3NBQ"/>
          </semanticModel>
        </contained>
        <contained xsi:type="di:GraphEdge" xmi:id="_Jo_fsTBEEeSnocBZhT3NBQ" anchor="_QgSkIDBDEeSnocBZhT3NBQ _Jo_fsDBEEeSnocBZhT3NBQ">
          <semanticModel xsi:type="di:EMFSemanticModelBridge" xmi:id="_Jo_fsjBEEeSnocBZhT3NBQ" presentation="default">
            <element href="crf_eshift.sysml#_Jo_ftTBEEeSnocBZhT3NBQ"/>
          </semanticModel>
          <contained xsi:type="di:EdgeObjectOffset" xmi:id="_Jo_fszBEEeSnocBZhT3NBQ" id="nameEdgeObject" offset="-167,-13"/>
          <contained xsi:type="di:EdgeObjectOffset" xmi:id="_Jo_ftDBEEeSnocBZhT3NBQ" visible="false" id="TransitionStereotypeEdgeObject"/>
          <waypoints>[-17, 187, 328, -1]</waypoints>
        </contained>
        <contained xsi:type="di:GraphEdge" xmi:id="_O0KkETBEEeSnocBZhT3NBQ" anchor="_QgSkIDBDEeSnocBZhT3NBQ _O0KkEDBEEeSnocBZhT3NBQ">
          <semanticModel xsi:type="di:EMFSemanticModelBridge" xmi:id="_O0KkEjBEEeSnocBZhT3NBQ" presentation="default">
            <element href="crf_eshift.sysml#_O0KkFTBEEeSnocBZhT3NBQ"/>
          </semanticModel>
          <contained xsi:type="di:EdgeObjectOffset" xmi:id="_O0KkEzBEEeSnocBZhT3NBQ" id="nameEdgeObject" offset="-219,-13"/>
          <contained xsi:type="di:EdgeObjectOffset" xmi:id="_O0KkFDBEEeSnocBZhT3NBQ" visible="false" id="TransitionStereotypeEdgeObject"/>
          <waypoints>[22, 279, 363, 0]</waypoints>
        </contained>
        <contained xsi:type="di:GraphEdge" xmi:id="_SWTOEDBEEeSnocBZhT3NBQ" anchor="_Jo_fsDBEEeSnocBZhT3NBQ _CkZRADBDEeSnocBZhT3NBQ">
          <semanticModel xsi:type="di:EMFSemanticModelBridge" xmi:id="_SWTOETBEEeSnocBZhT3NBQ" presentation="default">
            <element href="crf_eshift.sysml#_SWTOFDBEEeSnocBZhT3NBQ"/>
          </semanticModel>
          <contained xsi:type="di:EdgeObjectOffset" xmi:id="_SWTOEjBEEeSnocBZhT3NBQ" id="nameEdgeObject" offset="62,-15"/>
          <contained xsi:type="di:EdgeObjectOffset" xmi:id="_SWTOEzBEEeSnocBZhT3NBQ" visible="false" id="TransitionStereotypeEdgeObject"/>
          <waypoints>[-162, 1, -7, 186]</waypoints>
        </contained>
        <contained xsi:type="di:GraphEdge" xmi:id="_dhmo4DBEEeSnocBZhT3NBQ" anchor="_O0KkEDBEEeSnocBZhT3NBQ _CkZRADBDEeSnocBZhT3NBQ">
          <semanticModel xsi:type="di:EMFSemanticModelBridge" xmi:id="_dhmo4TBEEeSnocBZhT3NBQ" presentation="default">
            <element href="crf_eshift.sysml#_dhmo5DBEEeSnocBZhT3NBQ"/>
          </semanticModel>
          <contained xsi:type="di:EdgeObjectOffset" xmi:id="_dhmo4jBEEeSnocBZhT3NBQ" id="nameEdgeObject" offset="70,-13"/>
          <contained xsi:type="di:EdgeObjectOffset" xmi:id="_dhmo4zBEEeSnocBZhT3NBQ" visible="false" id="TransitionStereotypeEdgeObject"/>
          <waypoints>[-173, 2, -45, 280]</waypoints>
        </contained>
      </contained>
    </diagrams>