<?xml version="1.0" encoding="UTF-8"?><diagrams xmlns:xmi="http://www.omg.org/XMI" xmlns:xsi="http://www.w3.org/2001/XMLSchema-instance" xmlns:di="http://www.topcased.org/DI/1.0" xmlns:diagrams="http://www.topcased.org/Diagrams/1.0" xmi:id="_SuAB8BqDEeS2geI9OXLqnw" position="0,0" size="100,100" name="TSR33" viewport="0,0">
      <property xmi:id="_Su5Z0hqDEeS2geI9OXLqnw" key="pageFormatName" value="A4"/>
      <property xmi:id="_Su5Z0xqDEeS2geI9OXLqnw" key="diagramWidth" value="840"/>
      <property xmi:id="_Su5Z1BqDEeS2geI9OXLqnw" key="diagramHeight" value="1188"/>
      <property xmi:id="_Su5Z1RqDEeS2geI9OXLqnw" key="pageMarginName" value="Small Margin"/>
      <property xmi:id="_Su5Z1hqDEeS2geI9OXLqnw" key="diagramTopMargin" value="20"/>
      <property xmi:id="_Su5Z1xqDEeS2geI9OXLqnw" key="diagramBottomMargin" value="20"/>
      <property xmi:id="_Su5Z2BqDEeS2geI9OXLqnw" key="diagramLeftMargin" value="20"/>
      <property xmi:id="_Su5Z2RqDEeS2geI9OXLqnw" key="diagramRightMargin" value="20"/>
      <property xmi:id="_Su5Z2hqDEeS2geI9OXLqnw" key="orientation" value="portrait"/>
      <semanticModel xsi:type="di:EMFSemanticModelBridge" xmi:id="_SuAB8RqDEeS2geI9OXLqnw" presentation="org.topcased.modeler.sysml.statemachinediagram">
        <element href="crf_eshift.sysml#_StQbEBqDEeS2geI9OXLqnw"/>
      </semanticModel>
      <contained xsi:type="di:GraphNode" xmi:id="_Su5Z0BqDEeS2geI9OXLqnw" size="-1,-1">
        <semanticModel xsi:type="di:EMFSemanticModelBridge" xmi:id="_Su5Z0RqDEeS2geI9OXLqnw" presentation="default">
          <element href="crf_eshift.sysml#_StQbERqDEeS2geI9OXLqnw"/>
        </semanticModel>
        <contained xsi:type="di:GraphNode" xmi:id="_UMLQIBqDEeS2geI9OXLqnw" position="39,31" size="-1,-1">
          <property xmi:id="_UMLQIhqDEeS2geI9OXLqnw" key="name" value="visible"/>
          <anchorage xmi:id="_LCpDUBqEEeS2geI9OXLqnw" graphEdge="_LCpDURqEEeS2geI9OXLqnw"/>
          <semanticModel xsi:type="di:EMFSemanticModelBridge" xmi:id="_UMLQIRqDEeS2geI9OXLqnw" presentation="default">
            <element href="crf_eshift.sysml#_UMVBIBqDEeS2geI9OXLqnw"/>
          </semanticModel>
        </contained>
        <contained xsi:type="di:GraphNode" xmi:id="_WTtkYBqDEeS2geI9OXLqnw" position="198,59" size="114,137">
          <anchorage xmi:id="_h-2V0BqDEeS2geI9OXLqnw" graphEdge="_h-2V0hqDEeS2geI9OXLqnw _xU550BqDEeS2geI9OXLqnw _0Mo78BqDEeS2geI9OXLqnw _5XqPUBqDEeS2geI9OXLqnw _LCpDURqEEeS2geI9OXLqnw _PsVLQRqEEeS2geI9OXLqnw _hlSw4BqEEeS2geI9OXLqnw _nzta8BqEEeS2geI9OXLqnw _v4slEBqEEeS2geI9OXLqnw"/>
          <anchorage xmi:id="_PsVLQBqEEeS2geI9OXLqnw" graphEdge="_PsVLQRqEEeS2geI9OXLqnw _hlSw4BqEEeS2geI9OXLqnw _nzta8BqEEeS2geI9OXLqnw _v4slEBqEEeS2geI9OXLqnw"/>
          <semanticModel xsi:type="di:EMFSemanticModelBridge" xmi:id="_WTtkYRqDEeS2geI9OXLqnw" presentation="default">
            <element href="crf_eshift.sysml#_WUAfUBqDEeS2geI9OXLqnw"/>
          </semanticModel>
        </contained>
        <contained xsi:type="di:GraphNode" xmi:id="_aEbc8BqDEeS2geI9OXLqnw" position="480,57" size="92,113">
          <anchorage xmi:id="_h-2V0RqDEeS2geI9OXLqnw" graphEdge="_h-2V0hqDEeS2geI9OXLqnw _xU550BqDEeS2geI9OXLqnw _0Mo78BqDEeS2geI9OXLqnw _5XqPUBqDEeS2geI9OXLqnw _-xjsMRqDEeS2geI9OXLqnw"/>
          <anchorage xmi:id="_-xjsMBqDEeS2geI9OXLqnw" graphEdge="_-xjsMRqDEeS2geI9OXLqnw"/>
          <semanticModel xsi:type="di:EMFSemanticModelBridge" xmi:id="_aEbc8RqDEeS2geI9OXLqnw" presentation="default">
            <element href="crf_eshift.sysml#_aEuX4BqDEeS2geI9OXLqnw"/>
          </semanticModel>
        </contained>
        <contained xsi:type="di:GraphEdge" xmi:id="_h-2V0hqDEeS2geI9OXLqnw" anchor="_h-2V0BqDEeS2geI9OXLqnw _h-2V0RqDEeS2geI9OXLqnw">
          <semanticModel xsi:type="di:EMFSemanticModelBridge" xmi:id="_h-2V0xqDEeS2geI9OXLqnw" presentation="default">
            <element href="crf_eshift.sysml#_h-2V1hqDEeS2geI9OXLqnw"/>
          </semanticModel>
          <contained xsi:type="di:EdgeObjectOffset" xmi:id="_h-2V1BqDEeS2geI9OXLqnw" id="nameEdgeObject" offset="-3,-13"/>
          <contained xsi:type="di:EdgeObjectOffset" xmi:id="_h-2V1RqDEeS2geI9OXLqnw" visible="false" id="TransitionStereotypeEdgeObject"/>
          <waypoints>[149, -36, -122, -35]</waypoints>
        </contained>
        <contained xsi:type="di:GraphEdge" xmi:id="_xU550BqDEeS2geI9OXLqnw" anchor="_h-2V0RqDEeS2geI9OXLqnw _h-2V0BqDEeS2geI9OXLqnw">
          <semanticModel xsi:type="di:EMFSemanticModelBridge" xmi:id="_xU550RqDEeS2geI9OXLqnw" presentation="default">
            <element href="crf_eshift.sysml#_xU551BqDEeS2geI9OXLqnw"/>
          </semanticModel>
          <contained xsi:type="di:EdgeObjectOffset" xmi:id="_xU550hqDEeS2geI9OXLqnw" id="nameEdgeObject" offset="-2,-10"/>
          <contained xsi:type="di:EdgeObjectOffset" xmi:id="_xU550xqDEeS2geI9OXLqnw" visible="false" id="TransitionStereotypeEdgeObject"/>
          <waypoints>[-68, -10, 203, -11]</waypoints>
        </contained>
        <contained xsi:type="di:GraphEdge" xmi:id="_0Mo78BqDEeS2geI9OXLqnw" anchor="_h-2V0RqDEeS2geI9OXLqnw _h-2V0BqDEeS2geI9OXLqnw">
          <semanticModel xsi:type="di:EMFSemanticModelBridge" xmi:id="_0Mo78RqDEeS2geI9OXLqnw" presentation="default">
            <element href="crf_eshift.sysml#_0Mo79BqDEeS2geI9OXLqnw"/>
          </semanticModel>
          <contained xsi:type="di:EdgeObjectOffset" xmi:id="_0Mo78hqDEeS2geI9OXLqnw" id="nameEdgeObject" offset="7,-9"/>
          <contained xsi:type="di:EdgeObjectOffset" xmi:id="_0Mo78xqDEeS2geI9OXLqnw" visible="false" id="TransitionStereotypeEdgeObject"/>
          <waypoints>[-74, 12, 197, 11]</waypoints>
        </contained>
        <contained xsi:type="di:GraphEdge" xmi:id="_5XqPUBqDEeS2geI9OXLqnw" anchor="_h-2V0RqDEeS2geI9OXLqnw _h-2V0BqDEeS2geI9OXLqnw">
          <semanticModel xsi:type="di:EMFSemanticModelBridge" xmi:id="_5XqPURqDEeS2geI9OXLqnw" presentation="default">
            <element href="crf_eshift.sysml#_5XqPVBqDEeS2geI9OXLqnw"/>
          </semanticModel>
          <contained xsi:type="di:EdgeObjectOffset" xmi:id="_5XqPUhqDEeS2geI9OXLqnw" id="nameEdgeObject" offset="6,-11"/>
          <contained xsi:type="di:EdgeObjectOffset" xmi:id="_5XqPUxqDEeS2geI9OXLqnw" visible="false" id="TransitionStereotypeEdgeObject"/>
          <waypoints>[-102, 36, 169, 35]</waypoints>
        </contained>
        <contained xsi:type="di:GraphEdge" xmi:id="_-xjsMRqDEeS2geI9OXLqnw" anchor="_h-2V0RqDEeS2geI9OXLqnw _-xjsMBqDEeS2geI9OXLqnw">
          <semanticModel xsi:type="di:EMFSemanticModelBridge" xmi:id="_-xjsMhqDEeS2geI9OXLqnw" presentation="default">
            <element href="crf_eshift.sysml#_-xtdMBqDEeS2geI9OXLqnw"/>
          </semanticModel>
          <contained xsi:type="di:EdgeObjectOffset" xmi:id="_-xjsMxqDEeS2geI9OXLqnw" id="nameEdgeObject" offset="-25,-12"/>
          <contained xsi:type="di:EdgeObjectOffset" xmi:id="_-xjsNBqDEeS2geI9OXLqnw" visible="false" id="TransitionStereotypeEdgeObject"/>
          <waypoints>[0, -70, 0, -70]</waypoints>
          <waypoints>[85, -70, 85, -70]</waypoints>
          <waypoints>[85, 0, 85, 0]</waypoints>
        </contained>
        <contained xsi:type="di:GraphEdge" xmi:id="_LCpDURqEEeS2geI9OXLqnw" anchor="_LCpDUBqEEeS2geI9OXLqnw _h-2V0BqDEeS2geI9OXLqnw">
          <semanticModel xsi:type="di:EMFSemanticModelBridge" xmi:id="_LCpDUhqEEeS2geI9OXLqnw" presentation="default">
            <element href="crf_eshift.sysml#_LCpDVRqEEeS2geI9OXLqnw"/>
          </semanticModel>
          <contained xsi:type="di:EdgeObjectOffset" xmi:id="_LCpDUxqEEeS2geI9OXLqnw" id="nameEdgeObject"/>
          <contained xsi:type="di:EdgeObjectOffset" xmi:id="_LCpDVBqEEeS2geI9OXLqnw" visible="false" id="TransitionStereotypeEdgeObject"/>
          <waypoints>[194, -4, -6, -90]</waypoints>
        </contained>
        <contained xsi:type="di:GraphEdge" xmi:id="_PsVLQRqEEeS2geI9OXLqnw" anchor="_h-2V0BqDEeS2geI9OXLqnw _PsVLQBqEEeS2geI9OXLqnw">
          <semanticModel xsi:type="di:EMFSemanticModelBridge" xmi:id="_PsVLQhqEEeS2geI9OXLqnw" presentation="default">
            <element href="crf_eshift.sysml#_PsVLRRqEEeS2geI9OXLqnw"/>
          </semanticModel>
          <contained xsi:type="di:EdgeObjectOffset" xmi:id="_PsVLQxqEEeS2geI9OXLqnw" id="nameEdgeObject" offset="38,16"/>
          <contained xsi:type="di:EdgeObjectOffset" xmi:id="_PsVLRBqEEeS2geI9OXLqnw" visible="false" id="TransitionStereotypeEdgeObject"/>
          <waypoints>[-11, 102, -11, 102]</waypoints>
          <waypoints>[21, 102, 21, 102]</waypoints>
        </contained>
        <contained xsi:type="di:GraphEdge" xmi:id="_hlSw4BqEEeS2geI9OXLqnw" anchor="_h-2V0BqDEeS2geI9OXLqnw _PsVLQBqEEeS2geI9OXLqnw">
          <semanticModel xsi:type="di:EMFSemanticModelBridge" xmi:id="_hlSw4RqEEeS2geI9OXLqnw" presentation="default">
            <element href="crf_eshift.sysml#_hlSw5BqEEeS2geI9OXLqnw"/>
          </semanticModel>
          <contained xsi:type="di:EdgeObjectOffset" xmi:id="_hlSw4hqEEeS2geI9OXLqnw" id="nameEdgeObject" offset="-65,1"/>
          <contained xsi:type="di:EdgeObjectOffset" xmi:id="_hlSw4xqEEeS2geI9OXLqnw" visible="false" id="TransitionStereotypeEdgeObject"/>
          <waypoints>[-85, 47, -85, 47]</waypoints>
          <waypoints>[-85, 28, -85, 28]</waypoints>
        </contained>
        <contained xsi:type="di:GraphEdge" xmi:id="_nzta8BqEEeS2geI9OXLqnw" anchor="_h-2V0BqDEeS2geI9OXLqnw _PsVLQBqEEeS2geI9OXLqnw">
          <semanticModel xsi:type="di:EMFSemanticModelBridge" xmi:id="_nzta8RqEEeS2geI9OXLqnw" presentation="default">
            <element href="crf_eshift.sysml#_nzta9BqEEeS2geI9OXLqnw"/>
          </semanticModel>
          <contained xsi:type="di:EdgeObjectOffset" xmi:id="_nzta8hqEEeS2geI9OXLqnw" id="nameEdgeObject" offset="-68,0"/>
          <contained xsi:type="di:EdgeObjectOffset" xmi:id="_nzta8xqEEeS2geI9OXLqnw" visible="false" id="TransitionStereotypeEdgeObject"/>
          <waypoints>[-84, 20, -84, 20]</waypoints>
          <waypoints>[-84, -1, -84, -1]</waypoints>
        </contained>
        <contained xsi:type="di:GraphEdge" xmi:id="_v4slEBqEEeS2geI9OXLqnw" anchor="_PsVLQBqEEeS2geI9OXLqnw _h-2V0BqDEeS2geI9OXLqnw">
          <semanticModel xsi:type="di:EMFSemanticModelBridge" xmi:id="_v4slERqEEeS2geI9OXLqnw" presentation="default">
            <element href="crf_eshift.sysml#_v4slFBqEEeS2geI9OXLqnw"/>
          </semanticModel>
          <contained xsi:type="di:EdgeObjectOffset" xmi:id="_v4slEhqEEeS2geI9OXLqnw" id="nameEdgeObject" offset="-77,3"/>
          <contained xsi:type="di:EdgeObjectOffset" xmi:id="_v4slExqEEeS2geI9OXLqnw" visible="false" id="TransitionStereotypeEdgeObject"/>
          <waypoints>[-83, -14, -83, -14]</waypoints>
          <waypoints>[-83, -35, -83, -35]</waypoints>
        </contained>
      </contained>
    </diagrams>