<?xml version="1.0" encoding="UTF-8"?><diagrams xmlns:xmi="http://www.omg.org/XMI" xmlns:xsi="http://www.w3.org/2001/XMLSchema-instance" xmlns:di="http://www.topcased.org/DI/1.0" xmlns:diagrams="http://www.topcased.org/Diagrams/1.0" xmi:id="_C8ZW0y9-EeSQPNUOoh7wVw" position="0,0" size="100,100" name="TSR6" viewport="0,0">
      <property xmi:id="_C94kki9-EeSQPNUOoh7wVw" key="pageFormatName" value="A4"/>
      <property xmi:id="_C94kky9-EeSQPNUOoh7wVw" key="diagramWidth" value="840"/>
      <property xmi:id="_C94klC9-EeSQPNUOoh7wVw" key="diagramHeight" value="1188"/>
      <property xmi:id="_C94klS9-EeSQPNUOoh7wVw" key="pageMarginName" value="Small Margin"/>
      <property xmi:id="_C94kli9-EeSQPNUOoh7wVw" key="diagramTopMargin" value="20"/>
      <property xmi:id="_C94kly9-EeSQPNUOoh7wVw" key="diagramBottomMargin" value="20"/>
      <property xmi:id="_C94kmC9-EeSQPNUOoh7wVw" key="diagramLeftMargin" value="20"/>
      <property xmi:id="_C94kmS9-EeSQPNUOoh7wVw" key="diagramRightMargin" value="20"/>
      <property xmi:id="_C94kmi9-EeSQPNUOoh7wVw" key="orientation" value="portrait"/>
      <semanticModel xsi:type="di:EMFSemanticModelBridge" xmi:id="_C8ZW1C9-EeSQPNUOoh7wVw" presentation="org.topcased.modeler.sysml.statemachinediagram">
        <element href="crf_eshift.sysml#_C8ZW0C9-EeSQPNUOoh7wVw"/>
      </semanticModel>
      <contained xsi:type="di:GraphNode" xmi:id="_C94kkC9-EeSQPNUOoh7wVw" size="-1,-1">
        <semanticModel xsi:type="di:EMFSemanticModelBridge" xmi:id="_C94kkS9-EeSQPNUOoh7wVw" presentation="default">
          <element href="crf_eshift.sysml#_C8ZW0S9-EeSQPNUOoh7wVw"/>
        </semanticModel>
        <contained xsi:type="di:GraphNode" xmi:id="_DraY8C9-EeSQPNUOoh7wVw" position="41,39" size="-1,-1">
          <property xmi:id="_DraY8i9-EeSQPNUOoh7wVw" key="name" value="visible"/>
          <anchorage xmi:id="_Vuye0C9-EeSQPNUOoh7wVw" graphEdge="_Vuye0i9-EeSQPNUOoh7wVw"/>
          <semanticModel xsi:type="di:EMFSemanticModelBridge" xmi:id="_DraY8S9-EeSQPNUOoh7wVw" presentation="default">
            <element href="crf_eshift.sysml#_DraY8y9-EeSQPNUOoh7wVw"/>
          </semanticModel>
        </contained>
        <contained xsi:type="di:GraphNode" xmi:id="_Er-eEC9-EeSQPNUOoh7wVw" position="117,14" size="583,337">
          <anchorage xmi:id="_Vuye0S9-EeSQPNUOoh7wVw" graphEdge="_Vuye0i9-EeSQPNUOoh7wVw _ldwAIS-AEeSQPNUOoh7wVw"/>
          <semanticModel xsi:type="di:EMFSemanticModelBridge" xmi:id="_Er-eES9-EeSQPNUOoh7wVw" presentation="default">
            <element href="crf_eshift.sysml#_EsRZAC9-EeSQPNUOoh7wVw"/>
          </semanticModel>
          <contained xsi:type="di:GraphNode" xmi:id="_Er-eEi9-EeSQPNUOoh7wVw">
            <semanticModel xsi:type="di:EMFSemanticModelBridge" xmi:id="_Er-eEy9-EeSQPNUOoh7wVw" presentation="default">
              <element href="crf_eshift.sysml#_EsRZAS9-EeSQPNUOoh7wVw"/>
            </semanticModel>
            <contained xsi:type="di:GraphNode" xmi:id="_SH4pkC9-EeSQPNUOoh7wVw" position="10,1" size="-1,-1">
              <property xmi:id="_SH4pki9-EeSQPNUOoh7wVw" key="name" value="visible"/>
              <anchorage xmi:id="_i7hl4C9-EeSQPNUOoh7wVw" graphEdge="_i7hl4i9-EeSQPNUOoh7wVw"/>
              <semanticModel xsi:type="di:EMFSemanticModelBridge" xmi:id="_SH4pkS9-EeSQPNUOoh7wVw" presentation="default">
                <element href="crf_eshift.sysml#_SICakC9-EeSQPNUOoh7wVw"/>
              </semanticModel>
            </contained>
            <contained xsi:type="di:GraphNode" xmi:id="_hJtqAC9-EeSQPNUOoh7wVw" position="138,0" size="84,50">
              <anchorage xmi:id="_i7hl4S9-EeSQPNUOoh7wVw" graphEdge="_i7hl4i9-EeSQPNUOoh7wVw _R3jSES9_EeSQPNUOoh7wVw _UdlgMS9_EeSQPNUOoh7wVw _d39v8S9_EeSQPNUOoh7wVw"/>
              <semanticModel xsi:type="di:EMFSemanticModelBridge" xmi:id="_hJtqAS9-EeSQPNUOoh7wVw" presentation="default">
                <element href="crf_eshift.sysml#_hKAk8C9-EeSQPNUOoh7wVw"/>
              </semanticModel>
            </contained>
            <contained xsi:type="di:GraphEdge" xmi:id="_i7hl4i9-EeSQPNUOoh7wVw" anchor="_i7hl4C9-EeSQPNUOoh7wVw _i7hl4S9-EeSQPNUOoh7wVw">
              <semanticModel xsi:type="di:EMFSemanticModelBridge" xmi:id="_i7hl4y9-EeSQPNUOoh7wVw" presentation="default">
                <element href="crf_eshift.sysml#_i7hl5i9-EeSQPNUOoh7wVw"/>
              </semanticModel>
              <contained xsi:type="di:EdgeObjectOffset" xmi:id="_i7hl5C9-EeSQPNUOoh7wVw" id="nameEdgeObject" offset="1,-16"/>
              <contained xsi:type="di:EdgeObjectOffset" xmi:id="_i7hl5S9-EeSQPNUOoh7wVw" visible="false" id="TransitionStereotypeEdgeObject"/>
            </contained>
            <contained xsi:type="di:GraphNode" xmi:id="_8aq5wC9-EeSQPNUOoh7wVw" position="170,120" size="370,21">
              <anchorage xmi:id="_d39v8C9_EeSQPNUOoh7wVw" graphEdge="_d39v8S9_EeSQPNUOoh7wVw _mc8owC9_EeSQPNUOoh7wVw _pJ9ooC9_EeSQPNUOoh7wVw _uoWugC-AEeSQPNUOoh7wVw"/>
              <semanticModel xsi:type="di:EMFSemanticModelBridge" xmi:id="_8aq5wS9-EeSQPNUOoh7wVw" presentation="default">
                <element href="crf_eshift.sysml#_8a90sC9-EeSQPNUOoh7wVw"/>
              </semanticModel>
            </contained>
            <contained xsi:type="di:GraphNode" xmi:id="_MKm9YC9_EeSQPNUOoh7wVw" position="448,2" size="89,36">
              <anchorage xmi:id="_R3jSEC9_EeSQPNUOoh7wVw" graphEdge="_R3jSES9_EeSQPNUOoh7wVw _pJ9ooC9_EeSQPNUOoh7wVw _c_fk8C-BEeSQPNUOoh7wVw"/>
              <semanticModel xsi:type="di:EMFSemanticModelBridge" xmi:id="_MKm9YS9_EeSQPNUOoh7wVw" presentation="default">
                <element href="crf_eshift.sysml#_MK6fYC9_EeSQPNUOoh7wVw"/>
              </semanticModel>
            </contained>
            <contained xsi:type="di:GraphNode" xmi:id="_OpNGwC9_EeSQPNUOoh7wVw" position="346,30" size="87,38">
              <anchorage xmi:id="_UdlgMC9_EeSQPNUOoh7wVw" graphEdge="_UdlgMS9_EeSQPNUOoh7wVw _mc8owC9_EeSQPNUOoh7wVw _SQUFcC-BEeSQPNUOoh7wVw"/>
              <semanticModel xsi:type="di:EMFSemanticModelBridge" xmi:id="_OpNGwS9_EeSQPNUOoh7wVw" presentation="default">
                <element href="crf_eshift.sysml#_OpgBsC9_EeSQPNUOoh7wVw"/>
              </semanticModel>
            </contained>
            <contained xsi:type="di:GraphEdge" xmi:id="_R3jSES9_EeSQPNUOoh7wVw" anchor="_i7hl4S9-EeSQPNUOoh7wVw _R3jSEC9_EeSQPNUOoh7wVw">
              <semanticModel xsi:type="di:EMFSemanticModelBridge" xmi:id="_R3jSEi9_EeSQPNUOoh7wVw" presentation="default">
                <element href="crf_eshift.sysml#_R3jSFS9_EeSQPNUOoh7wVw"/>
              </semanticModel>
              <contained xsi:type="di:EdgeObjectOffset" xmi:id="_R3jSEy9_EeSQPNUOoh7wVw" id="nameEdgeObject" offset="9,-13"/>
              <contained xsi:type="di:EdgeObjectOffset" xmi:id="_R3jSFC9_EeSQPNUOoh7wVw" visible="false" id="TransitionStereotypeEdgeObject"/>
              <waypoints>[99, -19, -211, -4]</waypoints>
            </contained>
            <contained xsi:type="di:GraphEdge" xmi:id="_UdlgMS9_EeSQPNUOoh7wVw" anchor="_i7hl4S9-EeSQPNUOoh7wVw _UdlgMC9_EeSQPNUOoh7wVw">
              <semanticModel xsi:type="di:EMFSemanticModelBridge" xmi:id="_UdlgMi9_EeSQPNUOoh7wVw" presentation="default">
                <element href="crf_eshift.sysml#_UdlgNS9_EeSQPNUOoh7wVw"/>
              </semanticModel>
              <contained xsi:type="di:EdgeObjectOffset" xmi:id="_UdlgMy9_EeSQPNUOoh7wVw" id="nameEdgeObject" offset="-1,-12"/>
              <contained xsi:type="di:EdgeObjectOffset" xmi:id="_UdlgNC9_EeSQPNUOoh7wVw" visible="false" id="TransitionStereotypeEdgeObject"/>
            </contained>
            <contained xsi:type="di:GraphEdge" xmi:id="_d39v8S9_EeSQPNUOoh7wVw" anchor="_i7hl4S9-EeSQPNUOoh7wVw _d39v8C9_EeSQPNUOoh7wVw">
              <semanticModel xsi:type="di:EMFSemanticModelBridge" xmi:id="_d39v8i9_EeSQPNUOoh7wVw" presentation="default">
                <element href="crf_eshift.sysml#_d39v9S9_EeSQPNUOoh7wVw"/>
              </semanticModel>
              <contained xsi:type="di:EdgeObjectOffset" xmi:id="_d39v8y9_EeSQPNUOoh7wVw" id="nameEdgeObject" offset="1,-12"/>
              <contained xsi:type="di:EdgeObjectOffset" xmi:id="_d39v9C9_EeSQPNUOoh7wVw" visible="false" id="TransitionStereotypeEdgeObject"/>
              <waypoints>[1, 60, -174, -45]</waypoints>
              <waypoints>[108, 60, -67, -45]</waypoints>
            </contained>
            <contained xsi:type="di:GraphEdge" xmi:id="_mc8owC9_EeSQPNUOoh7wVw" anchor="_UdlgMC9_EeSQPNUOoh7wVw _d39v8C9_EeSQPNUOoh7wVw">
              <semanticModel xsi:type="di:EMFSemanticModelBridge" xmi:id="_mc8owS9_EeSQPNUOoh7wVw" presentation="default">
                <element href="crf_eshift.sysml#_mc8oxC9_EeSQPNUOoh7wVw"/>
              </semanticModel>
              <contained xsi:type="di:EdgeObjectOffset" xmi:id="_mc8owi9_EeSQPNUOoh7wVw" id="nameEdgeObject" offset="43,1"/>
              <contained xsi:type="di:EdgeObjectOffset" xmi:id="_mc8owy9_EeSQPNUOoh7wVw" visible="false" id="TransitionStereotypeEdgeObject"/>
              <waypoints>[-8, 28, 17, -52]</waypoints>
            </contained>
            <contained xsi:type="di:GraphEdge" xmi:id="_pJ9ooC9_EeSQPNUOoh7wVw" anchor="_R3jSEC9_EeSQPNUOoh7wVw _d39v8C9_EeSQPNUOoh7wVw">
              <semanticModel xsi:type="di:EMFSemanticModelBridge" xmi:id="_pJ9ooS9_EeSQPNUOoh7wVw" presentation="default">
                <element href="crf_eshift.sysml#_pJ9opC9_EeSQPNUOoh7wVw"/>
              </semanticModel>
              <contained xsi:type="di:EdgeObjectOffset" xmi:id="_pJ9ooi9_EeSQPNUOoh7wVw" id="nameEdgeObject" offset="42,10"/>
              <contained xsi:type="di:EdgeObjectOffset" xmi:id="_pJ9ooy9_EeSQPNUOoh7wVw" visible="false" id="TransitionStereotypeEdgeObject"/>
              <waypoints>[-2, 58, 135, -52]</waypoints>
            </contained>
          </contained>
          <contained xsi:type="di:GraphNode" xmi:id="_IQo3oC9-EeSQPNUOoh7wVw" position="246,128" size="-1,-1">
            <semanticModel xsi:type="di:EMFSemanticModelBridge" xmi:id="_IQo3oS9-EeSQPNUOoh7wVw" presentation="default">
              <element href="crf_eshift.sysml#_IQo3oi9-EeSQPNUOoh7wVw"/>
            </semanticModel>
            <contained xsi:type="di:GraphNode" xmi:id="_ThJikC9-EeSQPNUOoh7wVw" position="1,3" size="-1,-1">
              <property xmi:id="_ThJiki9-EeSQPNUOoh7wVw" key="name" value="visible"/>
              <anchorage xmi:id="_l0cTwC9-EeSQPNUOoh7wVw" graphEdge="_l0cTwi9-EeSQPNUOoh7wVw"/>
              <semanticModel xsi:type="di:EMFSemanticModelBridge" xmi:id="_ThJikS9-EeSQPNUOoh7wVw" presentation="default">
                <element href="crf_eshift.sysml#_ThTTkC9-EeSQPNUOoh7wVw"/>
              </semanticModel>
            </contained>
            <contained xsi:type="di:GraphNode" xmi:id="_hd8NkC9-EeSQPNUOoh7wVw" position="145,4" size="83,50">
              <anchorage xmi:id="_l0cTwS9-EeSQPNUOoh7wVw" graphEdge="_l0cTwi9-EeSQPNUOoh7wVw _KB69IC-AEeSQPNUOoh7wVw _NRAvUS-AEeSQPNUOoh7wVw _QWSeMS-AEeSQPNUOoh7wVw"/>
              <semanticModel xsi:type="di:EMFSemanticModelBridge" xmi:id="_hd8NkS9-EeSQPNUOoh7wVw" presentation="default">
                <element href="crf_eshift.sysml#_hePIgC9-EeSQPNUOoh7wVw"/>
              </semanticModel>
            </contained>
            <contained xsi:type="di:GraphEdge" xmi:id="_l0cTwi9-EeSQPNUOoh7wVw" anchor="_l0cTwC9-EeSQPNUOoh7wVw _l0cTwS9-EeSQPNUOoh7wVw">
              <semanticModel xsi:type="di:EMFSemanticModelBridge" xmi:id="_l0cTwy9-EeSQPNUOoh7wVw" presentation="default">
                <element href="crf_eshift.sysml#_l0mEwC9-EeSQPNUOoh7wVw"/>
              </semanticModel>
              <contained xsi:type="di:EdgeObjectOffset" xmi:id="_l0cTxC9-EeSQPNUOoh7wVw" id="nameEdgeObject" offset="1,-14"/>
              <contained xsi:type="di:EdgeObjectOffset" xmi:id="_l0cTxS9-EeSQPNUOoh7wVw" visible="false" id="TransitionStereotypeEdgeObject"/>
            </contained>
            <contained xsi:type="di:GraphNode" xmi:id="__svugC9-EeSQPNUOoh7wVw" position="182,127" size="357,20">
              <anchorage xmi:id="_QWSeMC-AEeSQPNUOoh7wVw" graphEdge="_QWSeMS-AEeSQPNUOoh7wVw _XQcM4C-AEeSQPNUOoh7wVw _aMfuUC-AEeSQPNUOoh7wVw _pPWpgS-AEeSQPNUOoh7wVw"/>
              <semanticModel xsi:type="di:EMFSemanticModelBridge" xmi:id="__svugS9-EeSQPNUOoh7wVw" presentation="default">
                <element href="crf_eshift.sysml#__tCpcC9-EeSQPNUOoh7wVw"/>
              </semanticModel>
            </contained>
            <contained xsi:type="di:GraphNode" xmi:id="_CLz8gC-AEeSQPNUOoh7wVw" position="358,43" size="83,35">
              <anchorage xmi:id="_NRAvUC-AEeSQPNUOoh7wVw" graphEdge="_NRAvUS-AEeSQPNUOoh7wVw _XQcM4C-AEeSQPNUOoh7wVw _XIShAC-BEeSQPNUOoh7wVw"/>
              <semanticModel xsi:type="di:EMFSemanticModelBridge" xmi:id="_CLz8gS-AEeSQPNUOoh7wVw" presentation="default">
                <element href="crf_eshift.sysml#_CMG3cC-AEeSQPNUOoh7wVw"/>
              </semanticModel>
            </contained>
            <contained xsi:type="di:GraphNode" xmi:id="_CqKFYC-AEeSQPNUOoh7wVw" position="457,14" size="86,34">
              <anchorage xmi:id="_KBxMIC-AEeSQPNUOoh7wVw" graphEdge="_KB69IC-AEeSQPNUOoh7wVw _aMfuUC-AEeSQPNUOoh7wVw _O7HrQC-BEeSQPNUOoh7wVw"/>
              <semanticModel xsi:type="di:EMFSemanticModelBridge" xmi:id="_CqKFYS-AEeSQPNUOoh7wVw" presentation="default">
                <element href="crf_eshift.sysml#_CqT2YC-AEeSQPNUOoh7wVw"/>
              </semanticModel>
            </contained>
            <contained xsi:type="di:GraphEdge" xmi:id="_KB69IC-AEeSQPNUOoh7wVw" anchor="_l0cTwS9-EeSQPNUOoh7wVw _KBxMIC-AEeSQPNUOoh7wVw">
              <semanticModel xsi:type="di:EMFSemanticModelBridge" xmi:id="_KB69IS-AEeSQPNUOoh7wVw" presentation="default">
                <element href="crf_eshift.sysml#_KB69JC-AEeSQPNUOoh7wVw"/>
              </semanticModel>
              <contained xsi:type="di:EdgeObjectOffset" xmi:id="_KB69Ii-AEeSQPNUOoh7wVw" id="nameEdgeObject" offset="1,-11"/>
              <contained xsi:type="di:EdgeObjectOffset" xmi:id="_KB69Iy-AEeSQPNUOoh7wVw" visible="false" id="TransitionStereotypeEdgeObject"/>
              <waypoints>[215, -3, -99, -13]</waypoints>
            </contained>
            <contained xsi:type="di:GraphEdge" xmi:id="_NRAvUS-AEeSQPNUOoh7wVw" anchor="_l0cTwS9-EeSQPNUOoh7wVw _NRAvUC-AEeSQPNUOoh7wVw">
              <semanticModel xsi:type="di:EMFSemanticModelBridge" xmi:id="_NRAvUi-AEeSQPNUOoh7wVw" presentation="default">
                <element href="crf_eshift.sysml#_NRAvVS-AEeSQPNUOoh7wVw"/>
              </semanticModel>
              <contained xsi:type="di:EdgeObjectOffset" xmi:id="_NRAvUy-AEeSQPNUOoh7wVw" id="nameEdgeObject" offset="-9,-12"/>
              <contained xsi:type="di:EdgeObjectOffset" xmi:id="_NRAvVC-AEeSQPNUOoh7wVw" visible="false" id="TransitionStereotypeEdgeObject"/>
              <waypoints>[93, 19, -120, -12]</waypoints>
            </contained>
            <contained xsi:type="di:GraphEdge" xmi:id="_QWSeMS-AEeSQPNUOoh7wVw" anchor="_l0cTwS9-EeSQPNUOoh7wVw _QWSeMC-AEeSQPNUOoh7wVw">
              <semanticModel xsi:type="di:EMFSemanticModelBridge" xmi:id="_QWSeMi-AEeSQPNUOoh7wVw" presentation="default">
                <element href="crf_eshift.sysml#_QWSeNS-AEeSQPNUOoh7wVw"/>
              </semanticModel>
              <contained xsi:type="di:EdgeObjectOffset" xmi:id="_QWSeMy-AEeSQPNUOoh7wVw" id="nameEdgeObject" offset="0,-14"/>
              <contained xsi:type="di:EdgeObjectOffset" xmi:id="_QWSeNC-AEeSQPNUOoh7wVw" visible="false" id="TransitionStereotypeEdgeObject"/>
              <waypoints>[5, 62, -169, -46]</waypoints>
              <waypoints>[87, 62, -87, -46]</waypoints>
            </contained>
            <contained xsi:type="di:GraphEdge" xmi:id="_XQcM4C-AEeSQPNUOoh7wVw" anchor="_NRAvUC-AEeSQPNUOoh7wVw _QWSeMC-AEeSQPNUOoh7wVw">
              <semanticModel xsi:type="di:EMFSemanticModelBridge" xmi:id="_XQcM4S-AEeSQPNUOoh7wVw" presentation="default">
                <element href="crf_eshift.sysml#_XQcM5C-AEeSQPNUOoh7wVw"/>
              </semanticModel>
              <contained xsi:type="di:EdgeObjectOffset" xmi:id="_XQcM4i-AEeSQPNUOoh7wVw" id="nameEdgeObject" offset="45,-2"/>
              <contained xsi:type="di:EdgeObjectOffset" xmi:id="_XQcM4y-AEeSQPNUOoh7wVw" visible="false" id="TransitionStereotypeEdgeObject"/>
            </contained>
            <contained xsi:type="di:GraphEdge" xmi:id="_aMfuUC-AEeSQPNUOoh7wVw" anchor="_KBxMIC-AEeSQPNUOoh7wVw _QWSeMC-AEeSQPNUOoh7wVw">
              <semanticModel xsi:type="di:EMFSemanticModelBridge" xmi:id="_aMfuUS-AEeSQPNUOoh7wVw" presentation="default">
                <element href="crf_eshift.sysml#_aMfuVC-AEeSQPNUOoh7wVw"/>
              </semanticModel>
              <contained xsi:type="di:EdgeObjectOffset" xmi:id="_aMfuUi-AEeSQPNUOoh7wVw" id="nameEdgeObject" offset="42,10"/>
              <contained xsi:type="di:EdgeObjectOffset" xmi:id="_aMfuUy-AEeSQPNUOoh7wVw" visible="false" id="TransitionStereotypeEdgeObject"/>
              <waypoints>[-8, 51, 132, -55]</waypoints>
            </contained>
          </contained>
        </contained>
        <contained xsi:type="di:GraphNode" xmi:id="_JqNSoC9-EeSQPNUOoh7wVw" position="247,385" size="125,127">
          <anchorage xmi:id="_ldwAIC-AEeSQPNUOoh7wVw" graphEdge="_ldwAIS-AEeSQPNUOoh7wVw _y2rwIC-AEeSQPNUOoh7wVw _8UVWUS-AEeSQPNUOoh7wVw __GHhcS-AEeSQPNUOoh7wVw"/>
          <semanticModel xsi:type="di:EMFSemanticModelBridge" xmi:id="_JqNSoS9-EeSQPNUOoh7wVw" presentation="default">
            <element href="crf_eshift.sysml#_JqgNkC9-EeSQPNUOoh7wVw"/>
          </semanticModel>
        </contained>
        <contained xsi:type="di:GraphEdge" xmi:id="_Vuye0i9-EeSQPNUOoh7wVw" anchor="_Vuye0C9-EeSQPNUOoh7wVw _Vuye0S9-EeSQPNUOoh7wVw">
          <semanticModel xsi:type="di:EMFSemanticModelBridge" xmi:id="_Vuye0y9-EeSQPNUOoh7wVw" presentation="default">
            <element href="crf_eshift.sysml#_Vuye1i9-EeSQPNUOoh7wVw"/>
          </semanticModel>
          <contained xsi:type="di:EdgeObjectOffset" xmi:id="_Vuye1C9-EeSQPNUOoh7wVw" id="nameEdgeObject"/>
          <contained xsi:type="di:EdgeObjectOffset" xmi:id="_Vuye1S9-EeSQPNUOoh7wVw" visible="false" id="TransitionStereotypeEdgeObject"/>
        </contained>
        <contained xsi:type="di:GraphEdge" xmi:id="_ldwAIS-AEeSQPNUOoh7wVw" anchor="_ldwAIC-AEeSQPNUOoh7wVw _Vuye0S9-EeSQPNUOoh7wVw">
          <semanticModel xsi:type="di:EMFSemanticModelBridge" xmi:id="_ldwAIi-AEeSQPNUOoh7wVw" presentation="default">
            <element href="crf_eshift.sysml#_ldwAJS-AEeSQPNUOoh7wVw"/>
          </semanticModel>
          <contained xsi:type="di:EdgeObjectOffset" xmi:id="_ldwAIy-AEeSQPNUOoh7wVw" id="nameEdgeObject"/>
          <contained xsi:type="di:EdgeObjectOffset" xmi:id="_ldwAJC-AEeSQPNUOoh7wVw" visible="false" id="TransitionStereotypeEdgeObject"/>
          <waypoints>[3, -84, -139, 184]</waypoints>
        </contained>
        <contained xsi:type="di:GraphNode" xmi:id="_nfLsYC-AEeSQPNUOoh7wVw" position="125,404" size="10,50">
          <anchorage xmi:id="_pPWpgC-AEeSQPNUOoh7wVw" graphEdge="_pPWpgS-AEeSQPNUOoh7wVw _uoWugC-AEeSQPNUOoh7wVw _y2rwIC-AEeSQPNUOoh7wVw"/>
          <semanticModel xsi:type="di:EMFSemanticModelBridge" xmi:id="_nfLsYS-AEeSQPNUOoh7wVw" presentation="default">
            <element href="crf_eshift.sysml#_nfenUC-AEeSQPNUOoh7wVw"/>
          </semanticModel>
        </contained>
        <contained xsi:type="di:GraphEdge" xmi:id="_pPWpgS-AEeSQPNUOoh7wVw" anchor="_QWSeMC-AEeSQPNUOoh7wVw _pPWpgC-AEeSQPNUOoh7wVw">
          <semanticModel xsi:type="di:EMFSemanticModelBridge" xmi:id="_pPWpgi-AEeSQPNUOoh7wVw" presentation="default">
            <element href="crf_eshift.sysml#_pPWphS-AEeSQPNUOoh7wVw"/>
          </semanticModel>
          <contained xsi:type="di:EdgeObjectOffset" xmi:id="_pPWpgy-AEeSQPNUOoh7wVw" id="nameEdgeObject" offset="-12,-37"/>
          <contained xsi:type="di:EdgeObjectOffset" xmi:id="_pPWphC-AEeSQPNUOoh7wVw" visible="false" id="TransitionStereotypeEdgeObject"/>
          <waypoints>[-437, 2, -45, -95]</waypoints>
          <waypoints>[-437, 77, -45, -20]</waypoints>
        </contained>
        <contained xsi:type="di:GraphEdge" xmi:id="_uoWugC-AEeSQPNUOoh7wVw" anchor="_d39v8C9_EeSQPNUOoh7wVw _pPWpgC-AEeSQPNUOoh7wVw">
          <semanticModel xsi:type="di:EMFSemanticModelBridge" xmi:id="_uoWugS-AEeSQPNUOoh7wVw" presentation="default">
            <element href="crf_eshift.sysml#_uoWuhC-AEeSQPNUOoh7wVw"/>
          </semanticModel>
          <contained xsi:type="di:EdgeObjectOffset" xmi:id="_uoWugi-AEeSQPNUOoh7wVw" id="nameEdgeObject"/>
          <contained xsi:type="di:EdgeObjectOffset" xmi:id="_uoWugy-AEeSQPNUOoh7wVw" visible="false" id="TransitionStereotypeEdgeObject"/>
          <waypoints>[-452, 0, -65, -252]</waypoints>
          <waypoints>[-452, 260, -65, 8]</waypoints>
        </contained>
        <contained xsi:type="di:GraphEdge" xmi:id="_y2rwIC-AEeSQPNUOoh7wVw" anchor="_pPWpgC-AEeSQPNUOoh7wVw _ldwAIC-AEeSQPNUOoh7wVw">
          <semanticModel xsi:type="di:EMFSemanticModelBridge" xmi:id="_y2rwIS-AEeSQPNUOoh7wVw" presentation="default">
            <element href="crf_eshift.sysml#_y2rwJC-AEeSQPNUOoh7wVw"/>
          </semanticModel>
          <contained xsi:type="di:EdgeObjectOffset" xmi:id="_y2rwIi-AEeSQPNUOoh7wVw" id="nameEdgeObject" offset="-3,-12"/>
          <contained xsi:type="di:EdgeObjectOffset" xmi:id="_y2rwIy-AEeSQPNUOoh7wVw" visible="false" id="TransitionStereotypeEdgeObject"/>
          <waypoints>[93, -3, -86, -22]</waypoints>
        </contained>
        <contained xsi:type="di:GraphNode" xmi:id="_6aCz4C-AEeSQPNUOoh7wVw" position="551,397" size="10,50">
          <anchorage xmi:id="_8UVWUC-AEeSQPNUOoh7wVw" graphEdge="_8UVWUS-AEeSQPNUOoh7wVw _O7HrQC-BEeSQPNUOoh7wVw _SQUFcC-BEeSQPNUOoh7wVw"/>
          <semanticModel xsi:type="di:EMFSemanticModelBridge" xmi:id="_6aCz4S-AEeSQPNUOoh7wVw" presentation="default">
            <element href="crf_eshift.sysml#_6aVu0C-AEeSQPNUOoh7wVw"/>
          </semanticModel>
        </contained>
        <contained xsi:type="di:GraphNode" xmi:id="_613NMC-AEeSQPNUOoh7wVw" position="553,460" size="10,50">
          <anchorage xmi:id="__GHhcC-AEeSQPNUOoh7wVw" graphEdge="__GHhcS-AEeSQPNUOoh7wVw _XIShAC-BEeSQPNUOoh7wVw _c_fk8C-BEeSQPNUOoh7wVw"/>
          <semanticModel xsi:type="di:EMFSemanticModelBridge" xmi:id="_613NMS-AEeSQPNUOoh7wVw" presentation="default">
            <element href="crf_eshift.sysml#_62T5IC-AEeSQPNUOoh7wVw"/>
          </semanticModel>
        </contained>
        <contained xsi:type="di:GraphEdge" xmi:id="_8UVWUS-AEeSQPNUOoh7wVw" anchor="_8UVWUC-AEeSQPNUOoh7wVw _ldwAIC-AEeSQPNUOoh7wVw">
          <semanticModel xsi:type="di:EMFSemanticModelBridge" xmi:id="_8UVWUi-AEeSQPNUOoh7wVw" presentation="default">
            <element href="crf_eshift.sysml#_8UVWVS-AEeSQPNUOoh7wVw"/>
          </semanticModel>
          <contained xsi:type="di:EdgeObjectOffset" xmi:id="_8UVWUy-AEeSQPNUOoh7wVw" id="nameEdgeObject" offset="-4,-10"/>
          <contained xsi:type="di:EdgeObjectOffset" xmi:id="_8UVWVC-AEeSQPNUOoh7wVw" visible="false" id="TransitionStereotypeEdgeObject"/>
          <waypoints>[-33, 1, 214, -25]</waypoints>
        </contained>
        <contained xsi:type="di:GraphEdge" xmi:id="__GHhcS-AEeSQPNUOoh7wVw" anchor="__GHhcC-AEeSQPNUOoh7wVw _ldwAIC-AEeSQPNUOoh7wVw">
          <semanticModel xsi:type="di:EMFSemanticModelBridge" xmi:id="__GHhci-AEeSQPNUOoh7wVw" presentation="default">
            <element href="crf_eshift.sysml#__GHhdS-AEeSQPNUOoh7wVw"/>
          </semanticModel>
          <contained xsi:type="di:EdgeObjectOffset" xmi:id="__GHhcy-AEeSQPNUOoh7wVw" id="nameEdgeObject" offset="-6,-34"/>
          <contained xsi:type="di:EdgeObjectOffset" xmi:id="__GHhdC-AEeSQPNUOoh7wVw" visible="false" id="TransitionStereotypeEdgeObject"/>
          <waypoints>[-132, -12, 118, 41]</waypoints>
        </contained>
        <contained xsi:type="di:GraphEdge" xmi:id="_O7HrQC-BEeSQPNUOoh7wVw" anchor="_KBxMIC-AEeSQPNUOoh7wVw _8UVWUC-AEeSQPNUOoh7wVw">
          <semanticModel xsi:type="di:EMFSemanticModelBridge" xmi:id="_O7HrQS-BEeSQPNUOoh7wVw" presentation="default">
            <element href="crf_eshift.sysml#_O7RcQC-BEeSQPNUOoh7wVw"/>
          </semanticModel>
          <contained xsi:type="di:EdgeObjectOffset" xmi:id="_O7HrQi-BEeSQPNUOoh7wVw" id="nameEdgeObject"/>
          <contained xsi:type="di:EdgeObjectOffset" xmi:id="_O7HrQy-BEeSQPNUOoh7wVw" visible="false" id="TransitionStereotypeEdgeObject"/>
          <waypoints>[92, 0, 158, -194]</waypoints>
          <waypoints>[92, 179, 158, -15]</waypoints>
        </contained>
        <contained xsi:type="di:GraphEdge" xmi:id="_SQUFcC-BEeSQPNUOoh7wVw" anchor="_UdlgMC9_EeSQPNUOoh7wVw _8UVWUC-AEeSQPNUOoh7wVw">
          <semanticModel xsi:type="di:EMFSemanticModelBridge" xmi:id="_SQUFcS-BEeSQPNUOoh7wVw" presentation="default">
            <element href="crf_eshift.sysml#_SQUFdC-BEeSQPNUOoh7wVw"/>
          </semanticModel>
          <contained xsi:type="di:EdgeObjectOffset" xmi:id="_SQUFci-BEeSQPNUOoh7wVw" id="nameEdgeObject"/>
          <contained xsi:type="di:EdgeObjectOffset" xmi:id="_SQUFcy-BEeSQPNUOoh7wVw" visible="false" id="TransitionStereotypeEdgeObject"/>
          <waypoints>[223, 0, 169, -317]</waypoints>
          <waypoints>[223, 329, 169, 12]</waypoints>
        </contained>
        <contained xsi:type="di:GraphEdge" xmi:id="_XIShAC-BEeSQPNUOoh7wVw" anchor="_NRAvUC-AEeSQPNUOoh7wVw __GHhcC-AEeSQPNUOoh7wVw">
          <semanticModel xsi:type="di:EMFSemanticModelBridge" xmi:id="_XIShAS-BEeSQPNUOoh7wVw" presentation="default">
            <element href="crf_eshift.sysml#_XIShBC-BEeSQPNUOoh7wVw"/>
          </semanticModel>
          <contained xsi:type="di:EdgeObjectOffset" xmi:id="_XIShAi-BEeSQPNUOoh7wVw" id="nameEdgeObject" offset="41,-3"/>
          <contained xsi:type="di:EdgeObjectOffset" xmi:id="_XIShAy-BEeSQPNUOoh7wVw" visible="false" id="TransitionStereotypeEdgeObject"/>
          <waypoints>[233, 6, 196, -222]</waypoints>
          <waypoints>[233, 212, 196, -16]</waypoints>
        </contained>
        <contained xsi:type="di:GraphEdge" xmi:id="_c_fk8C-BEeSQPNUOoh7wVw" anchor="_R3jSEC9_EeSQPNUOoh7wVw __GHhcC-AEeSQPNUOoh7wVw">
          <semanticModel xsi:type="di:EMFSemanticModelBridge" xmi:id="_c_fk8S-BEeSQPNUOoh7wVw" presentation="default">
            <element href="crf_eshift.sysml#_c_fk9C-BEeSQPNUOoh7wVw"/>
          </semanticModel>
          <contained xsi:type="di:EdgeObjectOffset" xmi:id="_c_fk8i-BEeSQPNUOoh7wVw" id="nameEdgeObject"/>
          <contained xsi:type="di:EdgeObjectOffset" xmi:id="_c_fk8y-BEeSQPNUOoh7wVw" visible="false" id="TransitionStereotypeEdgeObject"/>
          <waypoints>[153, 0, 209, -409]</waypoints>
          <waypoints>[153, 419, 209, 10]</waypoints>
        </contained>
      </contained>
    </diagrams>