<?xml version="1.0" encoding="UTF-8"?><diagrams xmlns:xmi="http://www.omg.org/XMI" xmlns:xsi="http://www.w3.org/2001/XMLSchema-instance" xmlns:di="http://www.topcased.org/DI/1.0" xmlns:diagrams="http://www.topcased.org/Diagrams/1.0" xmi:id="_34BtcKstEeKAXYs_STX4dA" position="0,0" size="100,100" name="no false detection" viewport="0,72">
        <property xmi:id="_34njUqstEeKAXYs_STX4dA" key="pageFormatName" value="A4"/>
        <property xmi:id="_34njU6stEeKAXYs_STX4dA" key="diagramWidth" value="840"/>
        <property xmi:id="_34njVKstEeKAXYs_STX4dA" key="diagramHeight" value="1188"/>
        <property xmi:id="_34njVastEeKAXYs_STX4dA" key="pageMarginName" value="Small Margin"/>
        <property xmi:id="_34njVqstEeKAXYs_STX4dA" key="diagramTopMargin" value="20"/>
        <property xmi:id="_34njV6stEeKAXYs_STX4dA" key="diagramBottomMargin" value="20"/>
        <property xmi:id="_34njWKstEeKAXYs_STX4dA" key="diagramLeftMargin" value="20"/>
        <property xmi:id="_34njWastEeKAXYs_STX4dA" key="diagramRightMargin" value="20"/>
        <property xmi:id="_34njWqstEeKAXYs_STX4dA" key="orientation" value="portrait"/>
        <semanticModel xsi:type="di:EMFSemanticModelBridge" xmi:id="_34BtcastEeKAXYs_STX4dA" presentation="org.topcased.modeler.sysml.statemachinediagram">
          <element href="airbag1.sysml#_3338cKstEeKAXYs_STX4dA"/>
        </semanticModel>
        <contained xsi:type="di:GraphNode" xmi:id="_34njUKstEeKAXYs_STX4dA" size="-1,-1">
          <semanticModel xsi:type="di:EMFSemanticModelBridge" xmi:id="_34njUastEeKAXYs_STX4dA" presentation="default">
            <element href="airbag1.sysml#_3338castEeKAXYs_STX4dA"/>
          </semanticModel>
          <contained xsi:type="di:GraphNode" xmi:id="_6EUl4KstEeKAXYs_STX4dA" position="144,88" size="130,50">
            <anchorage xmi:id="_AdS6IasuEeKAXYs_STX4dA" graphEdge="_AdcrIKsuEeKAXYs_STX4dA _ViFgYFh2EeOaA4iYXL9bKA"/>
            <semanticModel xsi:type="di:EMFSemanticModelBridge" xmi:id="_6EUl4astEeKAXYs_STX4dA" presentation="default">
              <element href="airbag1.sysml#_6EUl4qstEeKAXYs_STX4dA"/>
            </semanticModel>
          </contained>
          <contained xsi:type="di:GraphNode" xmi:id="__EetEKstEeKAXYs_STX4dA" position="38,101" size="-1,-1">
            <property xmi:id="__EetEqstEeKAXYs_STX4dA" key="name" value="visible"/>
            <anchorage xmi:id="_AdS6IKsuEeKAXYs_STX4dA" graphEdge="_AdcrIKsuEeKAXYs_STX4dA"/>
            <semanticModel xsi:type="di:EMFSemanticModelBridge" xmi:id="__EetEastEeKAXYs_STX4dA" presentation="default">
              <element href="airbag1.sysml#__En3AKstEeKAXYs_STX4dA"/>
            </semanticModel>
          </contained>
          <contained xsi:type="di:GraphEdge" xmi:id="_AdcrIKsuEeKAXYs_STX4dA" anchor="_AdS6IKsuEeKAXYs_STX4dA _AdS6IasuEeKAXYs_STX4dA">
            <semanticModel xsi:type="di:EMFSemanticModelBridge" xmi:id="_AdcrIasuEeKAXYs_STX4dA" presentation="default">
              <element href="airbag1.sysml#_AdcrJKsuEeKAXYs_STX4dA"/>
            </semanticModel>
            <contained xsi:type="di:EdgeObjectOffset" xmi:id="_AdcrIqsuEeKAXYs_STX4dA" id="nameEdgeObject" offset="-19,-7"/>
            <contained xsi:type="di:EdgeObjectOffset" xmi:id="_AdcrI6suEeKAXYs_STX4dA" visible="false" id="TransitionStereotypeEdgeObject"/>
            <waypoints>[74, 8, -90, 3]</waypoints>
          </contained>
          <contained xsi:type="di:GraphNode" xmi:id="_EO5jgKsuEeKAXYs_STX4dA" position="367,86" size="140,50">
            <anchorage xmi:id="_ImmjkKsuEeKAXYs_STX4dA" graphEdge="_TW0k4asuEeKAXYs_STX4dA _HAslcFh0EeOaA4iYXL9bKA _ViFgYFh2EeOaA4iYXL9bKA"/>
            <anchorage xmi:id="_HAjbgFh0EeOaA4iYXL9bKA" graphEdge="_HAslcFh0EeOaA4iYXL9bKA"/>
            <semanticModel xsi:type="di:EMFSemanticModelBridge" xmi:id="_EO5jgasuEeKAXYs_STX4dA" presentation="default">
              <element href="airbag1.sysml#_EPDUgKsuEeKAXYs_STX4dA"/>
            </semanticModel>
          </contained>
          <contained xsi:type="di:GraphNode" xmi:id="_QQqFMKsuEeKAXYs_STX4dA" position="376,191" size="136,50">
            <anchorage xmi:id="_TW0k4KsuEeKAXYs_STX4dA" graphEdge="_TW0k4asuEeKAXYs_STX4dA _c8-PgVh0EeOaA4iYXL9bKA _n_ptIHnOEeOPFeVV0hjJ3A"/>
            <anchorage xmi:id="_c8-PgFh0EeOaA4iYXL9bKA" graphEdge="_c8-PgVh0EeOaA4iYXL9bKA _n_ptIHnOEeOPFeVV0hjJ3A"/>
            <semanticModel xsi:type="di:EMFSemanticModelBridge" xmi:id="_QQqFMasuEeKAXYs_STX4dA" presentation="default">
              <element href="airbag1.sysml#_QQqFMqsuEeKAXYs_STX4dA"/>
            </semanticModel>
          </contained>
          <contained xsi:type="di:GraphEdge" xmi:id="_TW0k4asuEeKAXYs_STX4dA" anchor="_ImmjkKsuEeKAXYs_STX4dA _TW0k4KsuEeKAXYs_STX4dA">
            <semanticModel xsi:type="di:EMFSemanticModelBridge" xmi:id="_TW0k4qsuEeKAXYs_STX4dA" presentation="default">
              <element href="airbag1.sysml#_TW0k5asuEeKAXYs_STX4dA"/>
            </semanticModel>
            <contained xsi:type="di:EdgeObjectOffset" xmi:id="_TW0k46suEeKAXYs_STX4dA" id="nameEdgeObject" offset="51,0"/>
            <contained xsi:type="di:EdgeObjectOffset" xmi:id="_TW0k5KsuEeKAXYs_STX4dA" visible="false" id="TransitionStereotypeEdgeObject"/>
          </contained>
          <contained xsi:type="di:GraphEdge" xmi:id="_HAslcFh0EeOaA4iYXL9bKA" anchor="_ImmjkKsuEeKAXYs_STX4dA _HAjbgFh0EeOaA4iYXL9bKA">
            <semanticModel xsi:type="di:EMFSemanticModelBridge" xmi:id="_HAslcVh0EeOaA4iYXL9bKA" presentation="default">
              <element href="airbag1.sysml#_HAsldFh0EeOaA4iYXL9bKA"/>
            </semanticModel>
            <contained xsi:type="di:EdgeObjectOffset" xmi:id="_HAslclh0EeOaA4iYXL9bKA" id="nameEdgeObject" offset="-42,-15"/>
            <contained xsi:type="di:EdgeObjectOffset" xmi:id="_HAslc1h0EeOaA4iYXL9bKA" visible="false" id="TransitionStereotypeEdgeObject"/>
            <waypoints>[96, 0, 96, 0]</waypoints>
            <waypoints>[96, -49, 96, -49]</waypoints>
            <waypoints>[0, -49, 0, -49]</waypoints>
          </contained>
          <contained xsi:type="di:GraphEdge" xmi:id="_c8-PgVh0EeOaA4iYXL9bKA" anchor="_TW0k4KsuEeKAXYs_STX4dA _c8-PgFh0EeOaA4iYXL9bKA">
            <semanticModel xsi:type="di:EMFSemanticModelBridge" xmi:id="_c8-Pglh0EeOaA4iYXL9bKA" presentation="default">
              <element href="airbag1.sysml#_c8-PhVh0EeOaA4iYXL9bKA"/>
            </semanticModel>
            <contained xsi:type="di:EdgeObjectOffset" xmi:id="_c8-Pg1h0EeOaA4iYXL9bKA" id="nameEdgeObject" offset="-27,-66"/>
            <contained xsi:type="di:EdgeObjectOffset" xmi:id="_c8-PhFh0EeOaA4iYXL9bKA" visible="false" id="TransitionStereotypeEdgeObject"/>
            <waypoints>[130, 0, 130, 0]</waypoints>
            <waypoints>[130, 51, 130, 51]</waypoints>
            <waypoints>[47, 51, 47, 51]</waypoints>
          </contained>
          <contained xsi:type="di:GraphEdge" xmi:id="_ViFgYFh2EeOaA4iYXL9bKA" anchor="_AdS6IasuEeKAXYs_STX4dA _ImmjkKsuEeKAXYs_STX4dA">
            <semanticModel xsi:type="di:EMFSemanticModelBridge" xmi:id="_ViFgYVh2EeOaA4iYXL9bKA" presentation="default">
              <element href="airbag1.sysml#_ViFgZFh2EeOaA4iYXL9bKA"/>
            </semanticModel>
            <contained xsi:type="di:EdgeObjectOffset" xmi:id="_ViFgYlh2EeOaA4iYXL9bKA" id="nameEdgeObject" offset="0,-15"/>
            <contained xsi:type="di:EdgeObjectOffset" xmi:id="_ViFgY1h2EeOaA4iYXL9bKA" visible="false" id="TransitionStereotypeEdgeObject"/>
          </contained>
          <contained xsi:type="di:GraphEdge" xmi:id="_n_ptIHnOEeOPFeVV0hjJ3A" anchor="_TW0k4KsuEeKAXYs_STX4dA _c8-PgFh0EeOaA4iYXL9bKA">
            <semanticModel xsi:type="di:EMFSemanticModelBridge" xmi:id="_n_ptIXnOEeOPFeVV0hjJ3A" presentation="default">
              <element href="airbag1.sysml#_n_ptJHnOEeOPFeVV0hjJ3A"/>
            </semanticModel>
            <contained xsi:type="di:EdgeObjectOffset" xmi:id="_n_ptInnOEeOPFeVV0hjJ3A" id="nameEdgeObject" offset="37,-68"/>
            <contained xsi:type="di:EdgeObjectOffset" xmi:id="_n_ptI3nOEeOPFeVV0hjJ3A" visible="false" id="TransitionStereotypeEdgeObject"/>
            <waypoints>[-158, 0, -158, 0]</waypoints>
            <waypoints>[-158, 52, -158, 52]</waypoints>
            <waypoints>[-64, 52, -64, 52]</waypoints>
          </contained>
        </contained>
      </diagrams>