<?xml version="1.0" encoding="UTF-8"?><diagrams xmlns:xmi="http://www.omg.org/XMI" xmlns:xsi="http://www.w3.org/2001/XMLSchema-instance" xmlns:di="http://www.topcased.org/DI/1.0" xmlns:diagrams="http://www.topcased.org/Diagrams/1.0" xmi:id="_yMqG41hUEeOmr5U5Aqwqvw" position="0,0" size="100,100" name="No_unintended_deploy_after_each_reset" viewport="0,0">
        <property xmi:id="_yNi3slhUEeOmr5U5Aqwqvw" key="pageFormatName" value="A4"/>
        <property xmi:id="_yNi3s1hUEeOmr5U5Aqwqvw" key="diagramWidth" value="840"/>
        <property xmi:id="_yNi3tFhUEeOmr5U5Aqwqvw" key="diagramHeight" value="1188"/>
        <property xmi:id="_yNi3tVhUEeOmr5U5Aqwqvw" key="pageMarginName" value="Small Margin"/>
        <property xmi:id="_yNi3tlhUEeOmr5U5Aqwqvw" key="diagramTopMargin" value="20"/>
        <property xmi:id="_yNi3t1hUEeOmr5U5Aqwqvw" key="diagramBottomMargin" value="20"/>
        <property xmi:id="_yNi3uFhUEeOmr5U5Aqwqvw" key="diagramLeftMargin" value="20"/>
        <property xmi:id="_yNi3uVhUEeOmr5U5Aqwqvw" key="diagramRightMargin" value="20"/>
        <property xmi:id="_yNi3ulhUEeOmr5U5Aqwqvw" key="orientation" value="portrait"/>
        <semanticModel xsi:type="di:EMFSemanticModelBridge" xmi:id="_yMqG5FhUEeOmr5U5Aqwqvw" presentation="org.topcased.modeler.sysml.statemachinediagram">
          <element href="airbag1.sysml#_yMqG4FhUEeOmr5U5Aqwqvw"/>
        </semanticModel>
        <contained xsi:type="di:GraphNode" xmi:id="_yNi3sFhUEeOmr5U5Aqwqvw" size="-1,-1">
          <semanticModel xsi:type="di:EMFSemanticModelBridge" xmi:id="_yNi3sVhUEeOmr5U5Aqwqvw" presentation="default">
            <element href="airbag1.sysml#_yMqG4VhUEeOmr5U5Aqwqvw"/>
          </semanticModel>
          <contained xsi:type="di:GraphNode" xmi:id="_44-N4FhUEeOmr5U5Aqwqvw" position="32,37" size="-1,-1">
            <property xmi:id="_44-N4lhUEeOmr5U5Aqwqvw" key="name" value="visible"/>
            <anchorage xmi:id="_FakGMFhVEeOmr5U5Aqwqvw" graphEdge="_FakGMlhVEeOmr5U5Aqwqvw"/>
            <semanticModel xsi:type="di:EMFSemanticModelBridge" xmi:id="_44-N4VhUEeOmr5U5Aqwqvw" presentation="default">
              <element href="airbag1.sysml#_45H-4FhUEeOmr5U5Aqwqvw"/>
            </semanticModel>
          </contained>
          <contained xsi:type="di:GraphNode" xmi:id="__JnskFhUEeOmr5U5Aqwqvw" position="158,16" size="125,69">
            <anchorage xmi:id="_FakGMVhVEeOmr5U5Aqwqvw" graphEdge="_FakGMlhVEeOmr5U5Aqwqvw _OeCR0VhVEeOmr5U5Aqwqvw _WblXMFhVEeOmr5U5Aqwqvw _sbSIsFhVEeOmr5U5Aqwqvw _bmyhQMSdEeSMN_NZowl1oA"/>
            <anchorage xmi:id="_eZlIgFhVEeOmr5U5Aqwqvw" graphEdge="_bmyhQMSdEeSMN_NZowl1oA"/>
            <semanticModel xsi:type="di:EMFSemanticModelBridge" xmi:id="__JnskVhUEeOmr5U5Aqwqvw" presentation="default">
              <element href="airbag1.sysml#__JxdkFhUEeOmr5U5Aqwqvw"/>
            </semanticModel>
          </contained>
          <contained xsi:type="di:GraphEdge" xmi:id="_FakGMlhVEeOmr5U5Aqwqvw" anchor="_FakGMFhVEeOmr5U5Aqwqvw _FakGMVhVEeOmr5U5Aqwqvw">
            <semanticModel xsi:type="di:EMFSemanticModelBridge" xmi:id="_FakGM1hVEeOmr5U5Aqwqvw" presentation="default">
              <element href="airbag1.sysml#_FakGNlhVEeOmr5U5Aqwqvw"/>
            </semanticModel>
            <contained xsi:type="di:EdgeObjectOffset" xmi:id="_FakGNFhVEeOmr5U5Aqwqvw" id="nameEdgeObject" offset="7,-19"/>
            <contained xsi:type="di:EdgeObjectOffset" xmi:id="_FakGNVhVEeOmr5U5Aqwqvw" visible="false" id="TransitionStereotypeEdgeObject"/>
          </contained>
          <contained xsi:type="di:GraphNode" xmi:id="_KL_04FhVEeOmr5U5Aqwqvw" position="458,17" size="146,63">
            <anchorage xmi:id="_OeCR0FhVEeOmr5U5Aqwqvw" graphEdge="_OeCR0VhVEeOmr5U5Aqwqvw _WblXMFhVEeOmr5U5Aqwqvw _p5Ht8VhVEeOmr5U5Aqwqvw _4RbQQFhVEeOmr5U5Aqwqvw"/>
            <anchorage xmi:id="_4RSGUFhVEeOmr5U5Aqwqvw" graphEdge="_4RbQQFhVEeOmr5U5Aqwqvw"/>
            <semanticModel xsi:type="di:EMFSemanticModelBridge" xmi:id="_KL_04VhVEeOmr5U5Aqwqvw" presentation="default">
              <element href="airbag1.sysml#_KMI-0FhVEeOmr5U5Aqwqvw"/>
            </semanticModel>
          </contained>
          <contained xsi:type="di:GraphEdge" xmi:id="_OeCR0VhVEeOmr5U5Aqwqvw" anchor="_FakGMVhVEeOmr5U5Aqwqvw _OeCR0FhVEeOmr5U5Aqwqvw">
            <semanticModel xsi:type="di:EMFSemanticModelBridge" xmi:id="_OeCR0lhVEeOmr5U5Aqwqvw" presentation="default">
              <element href="airbag1.sysml#_OeCR1VhVEeOmr5U5Aqwqvw"/>
            </semanticModel>
            <contained xsi:type="di:EdgeObjectOffset" xmi:id="_OeCR01hVEeOmr5U5Aqwqvw" id="nameEdgeObject" offset="0,-16"/>
            <contained xsi:type="di:EdgeObjectOffset" xmi:id="_OeCR1FhVEeOmr5U5Aqwqvw" visible="false" id="TransitionStereotypeEdgeObject"/>
            <waypoints>[153, -22, -158, -20]</waypoints>
          </contained>
          <contained xsi:type="di:GraphEdge" xmi:id="_WblXMFhVEeOmr5U5Aqwqvw" anchor="_OeCR0FhVEeOmr5U5Aqwqvw _FakGMVhVEeOmr5U5Aqwqvw">
            <semanticModel xsi:type="di:EMFSemanticModelBridge" xmi:id="_WblXMVhVEeOmr5U5Aqwqvw" presentation="default">
              <element href="airbag1.sysml#_WblXNFhVEeOmr5U5Aqwqvw"/>
            </semanticModel>
            <contained xsi:type="di:EdgeObjectOffset" xmi:id="_WblXMlhVEeOmr5U5Aqwqvw" id="nameEdgeObject" offset="3,17"/>
            <contained xsi:type="di:EdgeObjectOffset" xmi:id="_WblXM1hVEeOmr5U5Aqwqvw" visible="false" id="TransitionStereotypeEdgeObject"/>
            <waypoints>[-153, 26, 158, 24]</waypoints>
          </contained>
          <contained xsi:type="di:GraphNode" xmi:id="_mcyJ8FhVEeOmr5U5Aqwqvw" position="469,145" size="131,50">
            <anchorage xmi:id="_p5Ht8FhVEeOmr5U5Aqwqvw" graphEdge="_p5Ht8VhVEeOmr5U5Aqwqvw _sbSIsFhVEeOmr5U5Aqwqvw _C-YiMVhWEeOmr5U5Aqwqvw"/>
            <anchorage xmi:id="_C-YiMFhWEeOmr5U5Aqwqvw" graphEdge="_C-YiMVhWEeOmr5U5Aqwqvw"/>
            <semanticModel xsi:type="di:EMFSemanticModelBridge" xmi:id="_mcyJ8VhVEeOmr5U5Aqwqvw" presentation="default">
              <element href="airbag1.sysml#_mc768FhVEeOmr5U5Aqwqvw"/>
            </semanticModel>
          </contained>
          <contained xsi:type="di:GraphEdge" xmi:id="_p5Ht8VhVEeOmr5U5Aqwqvw" anchor="_OeCR0FhVEeOmr5U5Aqwqvw _p5Ht8FhVEeOmr5U5Aqwqvw">
            <semanticModel xsi:type="di:EMFSemanticModelBridge" xmi:id="_p5Q34FhVEeOmr5U5Aqwqvw" presentation="default">
              <element href="airbag1.sysml#_p5Q341hVEeOmr5U5Aqwqvw"/>
            </semanticModel>
            <contained xsi:type="di:EdgeObjectOffset" xmi:id="_p5Q34VhVEeOmr5U5Aqwqvw" id="nameEdgeObject" offset="29,-1"/>
            <contained xsi:type="di:EdgeObjectOffset" xmi:id="_p5Q34lhVEeOmr5U5Aqwqvw" visible="false" id="TransitionStereotypeEdgeObject"/>
          </contained>
          <contained xsi:type="di:GraphEdge" xmi:id="_sbSIsFhVEeOmr5U5Aqwqvw" anchor="_p5Ht8FhVEeOmr5U5Aqwqvw _FakGMVhVEeOmr5U5Aqwqvw">
            <semanticModel xsi:type="di:EMFSemanticModelBridge" xmi:id="_sbSIsVhVEeOmr5U5Aqwqvw" presentation="default">
              <element href="airbag1.sysml#_sbSItFhVEeOmr5U5Aqwqvw"/>
            </semanticModel>
            <contained xsi:type="di:EdgeObjectOffset" xmi:id="_sbSIslhVEeOmr5U5Aqwqvw" id="nameEdgeObject" offset="80,-16"/>
            <contained xsi:type="di:EdgeObjectOffset" xmi:id="_sbSIs1hVEeOmr5U5Aqwqvw" visible="false" id="TransitionStereotypeEdgeObject"/>
            <waypoints>[-239, 0, 75, 120]</waypoints>
          </contained>
          <contained xsi:type="di:GraphEdge" xmi:id="_4RbQQFhVEeOmr5U5Aqwqvw" anchor="_OeCR0FhVEeOmr5U5Aqwqvw _4RSGUFhVEeOmr5U5Aqwqvw">
            <semanticModel xsi:type="di:EMFSemanticModelBridge" xmi:id="_4RbQQVhVEeOmr5U5Aqwqvw" presentation="default">
              <element href="airbag1.sysml#_4RbQRFhVEeOmr5U5Aqwqvw"/>
            </semanticModel>
            <contained xsi:type="di:EdgeObjectOffset" xmi:id="_4RbQQlhVEeOmr5U5Aqwqvw" id="nameEdgeObject" offset="-28,-12"/>
            <contained xsi:type="di:EdgeObjectOffset" xmi:id="_4RbQQ1hVEeOmr5U5Aqwqvw" visible="false" id="TransitionStereotypeEdgeObject"/>
            <waypoints>[109, 0, 109, 0]</waypoints>
            <waypoints>[109, -61, 109, -61]</waypoints>
            <waypoints>[0, -61, 0, -61]</waypoints>
          </contained>
          <contained xsi:type="di:GraphEdge" xmi:id="_C-YiMVhWEeOmr5U5Aqwqvw" anchor="_p5Ht8FhVEeOmr5U5Aqwqvw _C-YiMFhWEeOmr5U5Aqwqvw">
            <semanticModel xsi:type="di:EMFSemanticModelBridge" xmi:id="_C-YiMlhWEeOmr5U5Aqwqvw" presentation="default">
              <element href="airbag1.sysml#_C-YiNVhWEeOmr5U5Aqwqvw"/>
            </semanticModel>
            <contained xsi:type="di:EdgeObjectOffset" xmi:id="_C-YiM1hWEeOmr5U5Aqwqvw" id="nameEdgeObject" offset="-44,-13"/>
            <contained xsi:type="di:EdgeObjectOffset" xmi:id="_C-YiNFhWEeOmr5U5Aqwqvw" visible="false" id="TransitionStereotypeEdgeObject"/>
            <waypoints>[8, 56, 8, 56]</waypoints>
            <waypoints>[105, 56, 105, 56]</waypoints>
            <waypoints>[105, -6, 105, -6]</waypoints>
          </contained>
          <contained xsi:type="di:GraphNode" xmi:id="_2skqMIsJEeO6vI6VTIg-DA" position="659,70" size="132,163">
            <property xmi:id="_2skqMYsJEeO6vI6VTIg-DA" key="noteValue" value="This model includes the assumption that, after a single deploy, another deploy is not possible until a reset"/>
            <semanticModel xsi:type="di:SimpleSemanticModelElement" xmi:id="_2skqMosJEeO6vI6VTIg-DA" presentation="default" typeInfo="Note"/>
          </contained>
          <contained xsi:type="di:GraphEdge" xmi:id="_bmyhQMSdEeSMN_NZowl1oA" anchor="_FakGMVhVEeOmr5U5Aqwqvw _eZlIgFhVEeOmr5U5Aqwqvw">
            <property xmi:id="_jnKRIMSdEeSMN_NZowl1oA" key="router" value="Rectilinear"/>
            <semanticModel xsi:type="di:EMFSemanticModelBridge" xmi:id="_bmyhQcSdEeSMN_NZowl1oA" presentation="default">
              <element href="airbag1.sysml#_bmyhRMSdEeSMN_NZowl1oA"/>
            </semanticModel>
            <contained xsi:type="di:EdgeObjectOffset" xmi:id="_bmyhQsSdEeSMN_NZowl1oA" id="nameEdgeObject" offset="0,13"/>
            <contained xsi:type="di:EdgeObjectOffset" xmi:id="_bmyhQ8SdEeSMN_NZowl1oA" visible="false" id="TransitionStereotypeEdgeObject"/>
            <waypoints>[-96, 26, -96, 26]</waypoints>
            <waypoints>[-96, 64, -96, 64]</waypoints>
            <waypoints>[-13, 64, -13, 64]</waypoints>
          </contained>
        </contained>
      </diagrams>