<?xml version="1.0" encoding="UTF-8"?><diagrams xmlns:xmi="http://www.omg.org/XMI" xmlns:xsi="http://www.w3.org/2001/XMLSchema-instance" xmlns:di="http://www.topcased.org/DI/1.0" xmlns:diagrams="http://www.topcased.org/Diagrams/1.0" xmi:id="_1wlKsKsrEeKAXYs_STX4dA" position="0,0" size="100,100" name="FSR" zoom="0.75" viewport="0,0">
      <property xmi:id="_1xnsgKsrEeKAXYs_STX4dA" key="pageFormatName" value="A4"/>
      <property xmi:id="_1xxdgKsrEeKAXYs_STX4dA" key="diagramWidth" value="840"/>
      <property xmi:id="_1x6ncKsrEeKAXYs_STX4dA" key="diagramHeight" value="1188"/>
      <property xmi:id="_1yEYcKsrEeKAXYs_STX4dA" key="pageMarginName" value="Small Margin"/>
      <property xmi:id="_1yNiYKsrEeKAXYs_STX4dA" key="diagramTopMargin" value="20"/>
      <property xmi:id="_1yNiYasrEeKAXYs_STX4dA" key="diagramBottomMargin" value="20"/>
      <property xmi:id="_1yXTYKsrEeKAXYs_STX4dA" key="diagramLeftMargin" value="20"/>
      <property xmi:id="_1yhEYKsrEeKAXYs_STX4dA" key="diagramRightMargin" value="20"/>
      <property xmi:id="_1yqOUKsrEeKAXYs_STX4dA" key="orientation" value="portrait"/>
      <semanticModel xsi:type="di:EMFSemanticModelBridge" xmi:id="_1wlKsasrEeKAXYs_STX4dA" presentation="org.topcased.modeler.sysml.requirementdiagram">
        <element href="airbag1.sysml#idPackage"/>
      </semanticModel>
      <contained xsi:type="di:GraphNode" xmi:id="_CwEf8KssEeKAXYs_STX4dA" position="191,36" size="223,-1">
        <anchorage xmi:id="_HsPpkastEeKAXYs_STX4dA" graphEdge="_R6aGsastEeKAXYs_STX4dA _uu_GIVhUEeOmr5U5Aqwqvw _HsPpkqstEeKAXYs_STX4dA"/>
        <semanticModel xsi:type="di:EMFSemanticModelBridge" xmi:id="_CwEf8assEeKAXYs_STX4dA" presentation="default">
          <element href="airbag1.sysml#_TeGY0J4NEeKag5gLaCX0lg"/>
        </semanticModel>
      </contained>
      <contained xsi:type="di:GraphNode" xmi:id="_X4kjsKssEeKAXYs_STX4dA" position="759,29" size="287,-1">
        <semanticModel xsi:type="di:EMFSemanticModelBridge" xmi:id="_X4kjsassEeKAXYs_STX4dA" presentation="default">
          <element href="airbag1.sysml#_wEObcKKREeKgXZ_NmBUKNQ"/>
        </semanticModel>
      </contained>
      <contained xsi:type="di:GraphNode" xmi:id="_8AXRQKssEeKAXYs_STX4dA" position="6,205" size="207,-1">
        <anchorage xmi:id="_HsPpkKstEeKAXYs_STX4dA" graphEdge="_HsPpkqstEeKAXYs_STX4dA _990P4JgSEeOuA--HTLcmKg"/>
        <semanticModel xsi:type="di:EMFSemanticModelBridge" xmi:id="_8AXRQassEeKAXYs_STX4dA" presentation="default">
          <element href="airbag1.sysml#_8AqMMKssEeKAXYs_STX4dA"/>
        </semanticModel>
      </contained>
      <contained xsi:type="di:GraphNode" xmi:id="_LmyMgKstEeKAXYs_STX4dA" position="419,200" size="225,-1">
        <anchorage xmi:id="_R6aGsKstEeKAXYs_STX4dA" graphEdge="_R6aGsastEeKAXYs_STX4dA _vgJ4EIsPEeO6vI6VTIg-DA"/>
        <semanticModel xsi:type="di:EMFSemanticModelBridge" xmi:id="_LmyMgastEeKAXYs_STX4dA" presentation="default">
          <element href="airbag1.sysml#_LnFHcKstEeKAXYs_STX4dA"/>
        </semanticModel>
      </contained>
      <contained xsi:type="di:GraphEdge" xmi:id="_R6aGsastEeKAXYs_STX4dA" anchor="_R6aGsKstEeKAXYs_STX4dA _HsPpkastEeKAXYs_STX4dA">
        <semanticModel xsi:type="di:EMFSemanticModelBridge" xmi:id="_R6aGsqstEeKAXYs_STX4dA" presentation="default">
          <element href="airbag1.sysml#_R6tBoKstEeKAXYs_STX4dA"/>
        </semanticModel>
        <contained xsi:type="di:EdgeObjectOffset" xmi:id="_R6aGs6stEeKAXYs_STX4dA" id="stereotypeEdgeObject" offset="19,0"/>
        <waypoints>[-83, -85, 82, 85]</waypoints>
      </contained>
      <contained xsi:type="di:GraphNode" xmi:id="_XuuPgFhUEeOmr5U5Aqwqvw" position="155,357" size="346,-1">
        <anchorage xmi:id="_uu_GIFhUEeOmr5U5Aqwqvw" graphEdge="_uu_GIVhUEeOmr5U5Aqwqvw _J0coEYsMEeO6vI6VTIg-DA _yvTcAYsMEeO6vI6VTIg-DA"/>
        <semanticModel xsi:type="di:EMFSemanticModelBridge" xmi:id="_XuuPgVhUEeOmr5U5Aqwqvw" presentation="default">
          <element href="airbag1.sysml#_XvUFYFhUEeOmr5U5Aqwqvw"/>
        </semanticModel>
      </contained>
      <contained xsi:type="di:GraphEdge" xmi:id="_uu_GIVhUEeOmr5U5Aqwqvw" anchor="_uu_GIFhUEeOmr5U5Aqwqvw _HsPpkastEeKAXYs_STX4dA">
        <semanticModel xsi:type="di:EMFSemanticModelBridge" xmi:id="_uu_GIlhUEeOmr5U5Aqwqvw" presentation="default">
          <element href="airbag1.sysml#_uvk8AFhUEeOmr5U5Aqwqvw"/>
        </semanticModel>
        <contained xsi:type="di:EdgeObjectOffset" xmi:id="_uu_GI1hUEeOmr5U5Aqwqvw" id="stereotypeEdgeObject" offset="-1,-21"/>
        <waypoints>[-19, -132, 26, 189]</waypoints>
      </contained>
      <contained xsi:type="di:GraphNode" xmi:id="_KEkBQKssEeKAXYs_STX4dA" position="446,28" size="295,-1">
        <semanticModel xsi:type="di:EMFSemanticModelBridge" xmi:id="_KEkBQassEeKAXYs_STX4dA" presentation="default">
          <element href="airbag1.sysml#_mNqPQJ4NEeKag5gLaCX0lg"/>
        </semanticModel>
      </contained>
      <contained xsi:type="di:GraphEdge" xmi:id="_HsPpkqstEeKAXYs_STX4dA" anchor="_HsPpkKstEeKAXYs_STX4dA _HsPpkastEeKAXYs_STX4dA">
        <semanticModel xsi:type="di:EMFSemanticModelBridge" xmi:id="_HsPpk6stEeKAXYs_STX4dA" presentation="default">
          <element href="airbag1.sysml#_HsjLkKstEeKAXYs_STX4dA"/>
        </semanticModel>
        <contained xsi:type="di:EdgeObjectOffset" xmi:id="_HsPplKstEeKAXYs_STX4dA" id="stereotypeEdgeObject" offset="23,-25"/>
        <waypoints>[41, -67, -86, 115]</waypoints>
      </contained>
      <contained xsi:type="di:GraphNode" xmi:id="_1JjGUIsLEeO6vI6VTIg-DA" position="7,534" size="277,-1">
        <anchorage xmi:id="_J0coEIsMEeO6vI6VTIg-DA" graphEdge="_J0coEYsMEeO6vI6VTIg-DA _990P4JgSEeOuA--HTLcmKg _MlzBkZ0kEeOK_uvNdgNkAg"/>
        <semanticModel xsi:type="di:EMFSemanticModelBridge" xmi:id="_1JjGUYsLEeO6vI6VTIg-DA" presentation="default">
          <element href="airbag1.sysml#_1J_yQIsLEeO6vI6VTIg-DA"/>
        </semanticModel>
      </contained>
      <contained xsi:type="di:GraphEdge" xmi:id="_J0coEYsMEeO6vI6VTIg-DA" anchor="_J0coEIsMEeO6vI6VTIg-DA _uu_GIFhUEeOmr5U5Aqwqvw">
        <semanticModel xsi:type="di:EMFSemanticModelBridge" xmi:id="_J0coEosMEeO6vI6VTIg-DA" presentation="default">
          <element href="airbag1.sysml#_J04s8IsMEeO6vI6VTIg-DA"/>
        </semanticModel>
        <contained xsi:type="di:EdgeObjectOffset" xmi:id="_J0coE4sMEeO6vI6VTIg-DA" id="stereotypeEdgeObject" offset="-1,-1"/>
      </contained>
      <contained xsi:type="di:GraphNode" xmi:id="_bM0pIIsMEeO6vI6VTIg-DA" position="351,532" size="365,-1">
        <anchorage xmi:id="_yvTcAIsMEeO6vI6VTIg-DA" graphEdge="_yvTcAYsMEeO6vI6VTIg-DA _vgJ4EIsPEeO6vI6VTIg-DA _SGitUJ0kEeOK_uvNdgNkAg"/>
        <semanticModel xsi:type="di:EMFSemanticModelBridge" xmi:id="_bM0pIYsMEeO6vI6VTIg-DA" presentation="default">
          <element href="airbag1.sysml#_bNRVEIsMEeO6vI6VTIg-DA"/>
        </semanticModel>
      </contained>
      <contained xsi:type="di:GraphEdge" xmi:id="_yvTcAYsMEeO6vI6VTIg-DA" anchor="_yvTcAIsMEeO6vI6VTIg-DA _uu_GIFhUEeOmr5U5Aqwqvw">
        <semanticModel xsi:type="di:EMFSemanticModelBridge" xmi:id="_yvTcAosMEeO6vI6VTIg-DA" presentation="default">
          <element href="airbag1.sysml#_yvmW8IsMEeO6vI6VTIg-DA"/>
        </semanticModel>
        <contained xsi:type="di:EdgeObjectOffset" xmi:id="_yvTcA4sMEeO6vI6VTIg-DA" id="stereotypeEdgeObject"/>
      </contained>
      <contained xsi:type="di:GraphEdge" xmi:id="_vgJ4EIsPEeO6vI6VTIg-DA" anchor="_yvTcAIsMEeO6vI6VTIg-DA _R6aGsKstEeKAXYs_STX4dA">
        <semanticModel xsi:type="di:EMFSemanticModelBridge" xmi:id="_vgJ4EYsPEeO6vI6VTIg-DA" presentation="default">
          <element href="airbag1.sysml#_vgmkAIsPEeO6vI6VTIg-DA"/>
        </semanticModel>
        <contained xsi:type="di:EdgeObjectOffset" xmi:id="_vgJ4EosPEeO6vI6VTIg-DA" id="stereotypeEdgeObject" offset="31,76"/>
      </contained>
      <contained xsi:type="di:GraphEdge" xmi:id="_990P4JgSEeOuA--HTLcmKg" anchor="_J0coEIsMEeO6vI6VTIg-DA _HsPpkKstEeKAXYs_STX4dA">
        <semanticModel xsi:type="di:EMFSemanticModelBridge" xmi:id="_990P4ZgSEeOuA--HTLcmKg" presentation="default">
          <element href="airbag1.sysml#_9-HK0JgSEeOuA--HTLcmKg"/>
        </semanticModel>
        <contained xsi:type="di:EdgeObjectOffset" xmi:id="_990P4pgSEeOuA--HTLcmKg" id="stereotypeEdgeObject" offset="-38,76"/>
      </contained>
      <contained xsi:type="di:GraphNode" xmi:id="_H-opMJ0kEeOK_uvNdgNkAg" position="49,739" size="171,56">
        <anchorage xmi:id="_MlzBkJ0kEeOK_uvNdgNkAg" graphEdge="_MlzBkZ0kEeOK_uvNdgNkAg"/>
        <semanticModel xsi:type="di:EMFSemanticModelBridge" xmi:id="_H-opMZ0kEeOK_uvNdgNkAg" presentation="default">
          <element href="airbag1.sysml#_ymfa4J4SEeKag5gLaCX0lg"/>
        </semanticModel>
      </contained>
      <contained xsi:type="di:GraphEdge" xmi:id="_MlzBkZ0kEeOK_uvNdgNkAg" anchor="_MlzBkJ0kEeOK_uvNdgNkAg _J0coEIsMEeO6vI6VTIg-DA">
        <semanticModel xsi:type="di:EMFSemanticModelBridge" xmi:id="_MlzBkp0kEeOK_uvNdgNkAg" presentation="default">
          <element href="airbag1.sysml#_MmGjkJ0kEeOK_uvNdgNkAg"/>
        </semanticModel>
        <contained xsi:type="di:EdgeObjectOffset" xmi:id="_MlzBk50kEeOK_uvNdgNkAg" id="stereotypeEdgeObject"/>
      </contained>
      <contained xsi:type="di:GraphNode" xmi:id="_P178oJ0kEeOK_uvNdgNkAg" position="485,743" size="114,56">
        <anchorage xmi:id="_SGZjYJ0kEeOK_uvNdgNkAg" graphEdge="_SGitUJ0kEeOK_uvNdgNkAg"/>
        <semanticModel xsi:type="di:EMFSemanticModelBridge" xmi:id="_P178oZ0kEeOK_uvNdgNkAg" presentation="default">
          <element href="airbag1.sysml#_g-qzIJ4TEeKag5gLaCX0lg"/>
        </semanticModel>
      </contained>
      <contained xsi:type="di:GraphEdge" xmi:id="_SGitUJ0kEeOK_uvNdgNkAg" anchor="_SGZjYJ0kEeOK_uvNdgNkAg _yvTcAIsMEeO6vI6VTIg-DA">
        <semanticModel xsi:type="di:EMFSemanticModelBridge" xmi:id="_SGitUZ0kEeOK_uvNdgNkAg" presentation="default">
          <element href="airbag1.sysml#_SG1oQJ0kEeOK_uvNdgNkAg"/>
        </semanticModel>
        <contained xsi:type="di:EdgeObjectOffset" xmi:id="_SGitUp0kEeOK_uvNdgNkAg" id="stereotypeEdgeObject"/>
      </contained>
    </diagrams>