<?xml version="1.0" encoding="UTF-8"?><diagrams xmlns:xmi="http://www.omg.org/XMI" xmlns:xsi="http://www.w3.org/2001/XMLSchema-instance" xmlns:di="http://www.topcased.org/DI/1.0" xmlns:diagrams="http://www.topcased.org/Diagrams/1.0" xmi:id="_EH7qoJ4OEeKag5gLaCX0lg" position="0,0" size="100,100" name="No unintended deploy" viewport="0,0">
        <property xmi:id="_EIOlkp4OEeKag5gLaCX0lg" key="pageFormatName" value="A4"/>
        <property xmi:id="_EIOlk54OEeKag5gLaCX0lg" key="diagramWidth" value="840"/>
        <property xmi:id="_EIOllJ4OEeKag5gLaCX0lg" key="diagramHeight" value="1188"/>
        <property xmi:id="_EIOllZ4OEeKag5gLaCX0lg" key="pageMarginName" value="Small Margin"/>
        <property xmi:id="_EIOllp4OEeKag5gLaCX0lg" key="diagramTopMargin" value="20"/>
        <property xmi:id="_EIOll54OEeKag5gLaCX0lg" key="diagramBottomMargin" value="20"/>
        <property xmi:id="_EIOlmJ4OEeKag5gLaCX0lg" key="diagramLeftMargin" value="20"/>
        <property xmi:id="_EIOlmZ4OEeKag5gLaCX0lg" key="diagramRightMargin" value="20"/>
        <property xmi:id="_EIOlmp4OEeKag5gLaCX0lg" key="orientation" value="portrait"/>
        <semanticModel xsi:type="di:EMFSemanticModelBridge" xmi:id="_EH7qoZ4OEeKag5gLaCX0lg" presentation="org.topcased.modeler.sysml.statemachinediagram">
          <element href="airbag1.sysml#_EHx5oJ4OEeKag5gLaCX0lg"/>
        </semanticModel>
        <contained xsi:type="di:GraphNode" xmi:id="_EIOlkJ4OEeKag5gLaCX0lg" size="-1,-1">
          <semanticModel xsi:type="di:EMFSemanticModelBridge" xmi:id="_EIOlkZ4OEeKag5gLaCX0lg" presentation="default">
            <element href="airbag1.sysml#_EHx5oZ4OEeKag5gLaCX0lg"/>
          </semanticModel>
          <contained xsi:type="di:GraphNode" xmi:id="_FwEtIJ4OEeKag5gLaCX0lg" position="70,64" size="211,50">
            <anchorage xmi:id="_fVeaAZ4OEeKag5gLaCX0lg" graphEdge="_fVeaAp4OEeKag5gLaCX0lg _pet64Z4OEeKag5gLaCX0lg"/>
            <semanticModel xsi:type="di:EMFSemanticModelBridge" xmi:id="_FwEtIZ4OEeKag5gLaCX0lg" presentation="default">
              <element href="airbag1.sysml#_FwOeIJ4OEeKag5gLaCX0lg"/>
            </semanticModel>
          </contained>
          <contained xsi:type="di:GraphNode" xmi:id="_PLzAsJ4OEeKag5gLaCX0lg" position="432,61" size="193,50">
            <anchorage xmi:id="_pet64J4OEeKag5gLaCX0lg" graphEdge="_pet64Z4OEeKag5gLaCX0lg _IBT6gZ4PEeKag5gLaCX0lg _7gA-EFhTEeOmr5U5Aqwqvw"/>
            <anchorage xmi:id="_IBT6gJ4PEeKag5gLaCX0lg" graphEdge="_IBT6gZ4PEeKag5gLaCX0lg _7gA-EFhTEeOmr5U5Aqwqvw"/>
            <semanticModel xsi:type="di:EMFSemanticModelBridge" xmi:id="_PLzAsZ4OEeKag5gLaCX0lg" presentation="default">
              <element href="airbag1.sysml#_PL8xsJ4OEeKag5gLaCX0lg"/>
            </semanticModel>
          </contained>
          <contained xsi:type="di:GraphNode" xmi:id="_ZYA9EJ4OEeKag5gLaCX0lg" position="33,16" size="-1,-1">
            <property xmi:id="_ZYA9Ep4OEeKag5gLaCX0lg" key="name" value="visible"/>
            <anchorage xmi:id="_fVeaAJ4OEeKag5gLaCX0lg" graphEdge="_fVeaAp4OEeKag5gLaCX0lg"/>
            <semanticModel xsi:type="di:EMFSemanticModelBridge" xmi:id="_ZYA9EZ4OEeKag5gLaCX0lg" presentation="default">
              <element href="airbag1.sysml#_ZYA9E54OEeKag5gLaCX0lg"/>
            </semanticModel>
          </contained>
          <contained xsi:type="di:GraphEdge" xmi:id="_fVeaAp4OEeKag5gLaCX0lg" anchor="_fVeaAJ4OEeKag5gLaCX0lg _fVeaAZ4OEeKag5gLaCX0lg">
            <semanticModel xsi:type="di:EMFSemanticModelBridge" xmi:id="_fVeaA54OEeKag5gLaCX0lg" presentation="default">
              <element href="airbag1.sysml#_fVeaBp4OEeKag5gLaCX0lg"/>
            </semanticModel>
            <contained xsi:type="di:EdgeObjectOffset" xmi:id="_fVeaBJ4OEeKag5gLaCX0lg" id="nameEdgeObject"/>
            <contained xsi:type="di:EdgeObjectOffset" xmi:id="_fVeaBZ4OEeKag5gLaCX0lg" visible="false" id="TransitionStereotypeEdgeObject"/>
          </contained>
          <contained xsi:type="di:GraphEdge" xmi:id="_pet64Z4OEeKag5gLaCX0lg" anchor="_fVeaAZ4OEeKag5gLaCX0lg _pet64J4OEeKag5gLaCX0lg">
            <semanticModel xsi:type="di:EMFSemanticModelBridge" xmi:id="_pet64p4OEeKag5gLaCX0lg" presentation="default">
              <element href="airbag1.sysml#_pet65Z4OEeKag5gLaCX0lg"/>
            </semanticModel>
            <contained xsi:type="di:EdgeObjectOffset" xmi:id="_pet6454OEeKag5gLaCX0lg" id="nameEdgeObject" offset="-25,-11"/>
            <contained xsi:type="di:EdgeObjectOffset" xmi:id="_pet65J4OEeKag5gLaCX0lg" visible="false" id="TransitionStereotypeEdgeObject"/>
            <waypoints>[220, -3, -133, 0]</waypoints>
          </contained>
          <contained xsi:type="di:GraphEdge" xmi:id="_IBT6gZ4PEeKag5gLaCX0lg" anchor="_pet64J4OEeKag5gLaCX0lg _IBT6gJ4PEeKag5gLaCX0lg">
            <semanticModel xsi:type="di:EMFSemanticModelBridge" xmi:id="_IBT6gp4PEeKag5gLaCX0lg" presentation="default">
              <element href="airbag1.sysml#_IBT6hZ4PEeKag5gLaCX0lg"/>
            </semanticModel>
            <contained xsi:type="di:EdgeObjectOffset" xmi:id="_IBT6g54PEeKag5gLaCX0lg" id="nameEdgeObject" offset="-29,16"/>
            <contained xsi:type="di:EdgeObjectOffset" xmi:id="_IBT6hJ4PEeKag5gLaCX0lg" visible="false" id="TransitionStereotypeEdgeObject"/>
            <waypoints>[137, 0, 137, 0]</waypoints>
            <waypoints>[137, 87, 137, 87]</waypoints>
            <waypoints>[0, 87, 0, 87]</waypoints>
          </contained>
          <contained xsi:type="di:GraphNode" xmi:id="_fUxZ8J4PEeKag5gLaCX0lg" position="289,140" size="186,84">
            <property xmi:id="_fUxZ8Z4PEeKag5gLaCX0lg" key="noteValue" value="deploy becomes possible only after critical collision has started"/>
            <semanticModel xsi:type="di:SimpleSemanticModelElement" xmi:id="_fUxZ8p4PEeKag5gLaCX0lg" presentation="default" typeInfo="Note"/>
          </contained>
          <contained xsi:type="di:GraphEdge" xmi:id="_7gA-EFhTEeOmr5U5Aqwqvw" anchor="_pet64J4OEeKag5gLaCX0lg _IBT6gJ4PEeKag5gLaCX0lg">
            <semanticModel xsi:type="di:EMFSemanticModelBridge" xmi:id="_7gA-EVhTEeOmr5U5Aqwqvw" presentation="default">
              <element href="airbag1.sysml#_7gA-FFhTEeOmr5U5Aqwqvw"/>
            </semanticModel>
            <contained xsi:type="di:EdgeObjectOffset" xmi:id="_7gA-ElhTEeOmr5U5Aqwqvw" id="nameEdgeObject" offset="0,-13"/>
            <contained xsi:type="di:EdgeObjectOffset" xmi:id="_7gA-E1hTEeOmr5U5Aqwqvw" visible="false" id="TransitionStereotypeEdgeObject"/>
            <waypoints>[134, -8, 134, -8]</waypoints>
            <waypoints>[134, -76, 134, -76]</waypoints>
            <waypoints>[61, -76, 61, -76]</waypoints>
            <waypoints>[0, -76, 0, -76]</waypoints>
            <waypoints>[0, -50, 0, -50]</waypoints>
          </contained>
        </contained>
      </diagrams>