<?xml version="1.0" encoding="UTF-8"?><diagrams xmlns:xmi="http://www.omg.org/XMI" xmlns:xsi="http://www.w3.org/2001/XMLSchema-instance" xmlns:di="http://www.topcased.org/DI/1.0" xmlns:diagrams="http://www.topcased.org/Diagrams/1.0" xmi:id="_7KiCg49XEeOfsO5PIlXvBQ" position="0,0" size="100,100" name="Deploy_controlled_by_2_switches_in_series" viewport="0,2">
        <property xmi:id="_7LkkUI9XEeOfsO5PIlXvBQ" key="pageFormatName" value="A4"/>
        <property xmi:id="_7LkkUY9XEeOfsO5PIlXvBQ" key="diagramWidth" value="840"/>
        <property xmi:id="_7LkkUo9XEeOfsO5PIlXvBQ" key="diagramHeight" value="1188"/>
        <property xmi:id="_7LkkU49XEeOfsO5PIlXvBQ" key="pageMarginName" value="Small Margin"/>
        <property xmi:id="_7LkkVI9XEeOfsO5PIlXvBQ" key="diagramTopMargin" value="20"/>
        <property xmi:id="_7LkkVY9XEeOfsO5PIlXvBQ" key="diagramBottomMargin" value="20"/>
        <property xmi:id="_7LkkVo9XEeOfsO5PIlXvBQ" key="diagramLeftMargin" value="20"/>
        <property xmi:id="_7LkkV49XEeOfsO5PIlXvBQ" key="diagramRightMargin" value="20"/>
        <property xmi:id="_7LkkWI9XEeOfsO5PIlXvBQ" key="orientation" value="portrait"/>
        <semanticModel xsi:type="di:EMFSemanticModelBridge" xmi:id="_7KiChI9XEeOfsO5PIlXvBQ" presentation="org.topcased.modeler.sysml.statemachinediagram">
          <element href="airbag1.sysml#_7KiCgI9XEeOfsO5PIlXvBQ"/>
        </semanticModel>
        <contained xsi:type="di:GraphNode" xmi:id="_7LazUI9XEeOfsO5PIlXvBQ" size="-1,-1">
          <semanticModel xsi:type="di:EMFSemanticModelBridge" xmi:id="_7LazUY9XEeOfsO5PIlXvBQ" presentation="default">
            <element href="airbag1.sysml#_7KiCgY9XEeOfsO5PIlXvBQ"/>
          </semanticModel>
          <contained xsi:type="di:GraphNode" xmi:id="_WcnBQI_UEeOWUNI5RltWDA" position="129,9" size="501,192">
            <anchorage xmi:id="_wIc9cZANEeOsxbuHs23Pxw" graphEdge="_wImucJANEeOsxbuHs23Pxw _XqWaYZAOEeOsxbuHs23Pxw"/>
            <anchorage xmi:id="_XqWaYJAOEeOsxbuHs23Pxw" graphEdge="_XqWaYZAOEeOsxbuHs23Pxw"/>
            <semanticModel xsi:type="di:EMFSemanticModelBridge" xmi:id="_WcnBQY_UEeOWUNI5RltWDA" presentation="default">
              <element href="airbag1.sysml#_WcnBRI_UEeOWUNI5RltWDA"/>
            </semanticModel>
            <contained xsi:type="di:GraphNode" xmi:id="_WcnBQo_UEeOWUNI5RltWDA">
              <semanticModel xsi:type="di:EMFSemanticModelBridge" xmi:id="_WcnBQ4_UEeOWUNI5RltWDA" presentation="default">
                <element href="airbag1.sysml#_WcnBRY_UEeOWUNI5RltWDA"/>
              </semanticModel>
              <contained xsi:type="di:GraphNode" xmi:id="_HXn9UJAPEeOsxbuHs23Pxw" position="19,4" size="-1,-1">
                <property xmi:id="_HXn9UpAPEeOsxbuHs23Pxw" key="name" value="visible"/>
                <anchorage xmi:id="_TKpfcJAPEeOsxbuHs23Pxw" graphEdge="_TKzQcJAPEeOsxbuHs23Pxw"/>
                <semanticModel xsi:type="di:EMFSemanticModelBridge" xmi:id="_HXn9UZAPEeOsxbuHs23Pxw" presentation="default">
                  <element href="airbag1.sysml#_HXxuUJAPEeOsxbuHs23Pxw"/>
                </semanticModel>
              </contained>
              <contained xsi:type="di:GraphNode" xmi:id="_OH9osJAPEeOsxbuHs23Pxw" position="95,30" size="67,50">
                <anchorage xmi:id="_TKpfcZAPEeOsxbuHs23Pxw" graphEdge="_TKzQcJAPEeOsxbuHs23Pxw _WI71gJAPEeOsxbuHs23Pxw"/>
                <semanticModel xsi:type="di:EMFSemanticModelBridge" xmi:id="_OH9osZAPEeOsxbuHs23Pxw" presentation="default">
                  <element href="airbag1.sysml#_OIGyoJAPEeOsxbuHs23Pxw"/>
                </semanticModel>
              </contained>
              <contained xsi:type="di:GraphNode" xmi:id="_PqADMJAPEeOsxbuHs23Pxw" position="277,32" size="110,50">
                <anchorage xmi:id="_WIyEgJAPEeOsxbuHs23Pxw" graphEdge="_WI71gJAPEeOsxbuHs23Pxw _A95lQJL7EeOonalRpHtFwQ _KX1wIJL7EeOonalRpHtFwQ"/>
                <anchorage xmi:id="_A9wbUJL7EeOonalRpHtFwQ" graphEdge="_A95lQJL7EeOonalRpHtFwQ _KX1wIJL7EeOonalRpHtFwQ"/>
                <semanticModel xsi:type="di:EMFSemanticModelBridge" xmi:id="_PqADMZAPEeOsxbuHs23Pxw" presentation="default">
                  <element href="airbag1.sysml#_PqJ0MJAPEeOsxbuHs23Pxw"/>
                </semanticModel>
              </contained>
              <contained xsi:type="di:GraphEdge" xmi:id="_TKzQcJAPEeOsxbuHs23Pxw" anchor="_TKpfcJAPEeOsxbuHs23Pxw _TKpfcZAPEeOsxbuHs23Pxw">
                <semanticModel xsi:type="di:EMFSemanticModelBridge" xmi:id="_TKzQcZAPEeOsxbuHs23Pxw" presentation="default">
                  <element href="airbag1.sysml#_TKzQdJAPEeOsxbuHs23Pxw"/>
                </semanticModel>
                <contained xsi:type="di:EdgeObjectOffset" xmi:id="_TKzQcpAPEeOsxbuHs23Pxw" id="nameEdgeObject" offset="-2,-16"/>
                <contained xsi:type="di:EdgeObjectOffset" xmi:id="_TKzQc5APEeOsxbuHs23Pxw" visible="false" id="TransitionStereotypeEdgeObject"/>
              </contained>
              <contained xsi:type="di:GraphEdge" xmi:id="_WI71gJAPEeOsxbuHs23Pxw" anchor="_TKpfcZAPEeOsxbuHs23Pxw _WIyEgJAPEeOsxbuHs23Pxw">
                <semanticModel xsi:type="di:EMFSemanticModelBridge" xmi:id="_WI71gZAPEeOsxbuHs23Pxw" presentation="default">
                  <element href="airbag1.sysml#_WI71hJAPEeOsxbuHs23Pxw"/>
                </semanticModel>
                <contained xsi:type="di:EdgeObjectOffset" xmi:id="_WI71gpAPEeOsxbuHs23Pxw" id="nameEdgeObject" offset="0,-15"/>
                <contained xsi:type="di:EdgeObjectOffset" xmi:id="_WI71g5APEeOsxbuHs23Pxw" visible="false" id="TransitionStereotypeEdgeObject"/>
                <waypoints>[119, -1, -158, -5]</waypoints>
              </contained>
              <contained xsi:type="di:GraphEdge" xmi:id="_A95lQJL7EeOonalRpHtFwQ" anchor="_WIyEgJAPEeOsxbuHs23Pxw _A9wbUJL7EeOonalRpHtFwQ">
                <semanticModel xsi:type="di:EMFSemanticModelBridge" xmi:id="_A95lQZL7EeOonalRpHtFwQ" presentation="default">
                  <element href="airbag1.sysml#_A95lRJL7EeOonalRpHtFwQ"/>
                </semanticModel>
                <contained xsi:type="di:EdgeObjectOffset" xmi:id="_A95lQpL7EeOonalRpHtFwQ" id="nameEdgeObject" offset="-46,14"/>
                <contained xsi:type="di:EdgeObjectOffset" xmi:id="_A95lQ5L7EeOonalRpHtFwQ" visible="false" id="TransitionStereotypeEdgeObject"/>
                <waypoints>[78, 31, 78, 31]</waypoints>
                <waypoints>[78, 61, 78, 61]</waypoints>
                <waypoints>[0, 61, 0, 61]</waypoints>
              </contained>
              <contained xsi:type="di:GraphEdge" xmi:id="_KX1wIJL7EeOonalRpHtFwQ" anchor="_WIyEgJAPEeOsxbuHs23Pxw _A9wbUJL7EeOonalRpHtFwQ">
                <semanticModel xsi:type="di:EMFSemanticModelBridge" xmi:id="_KX1wIZL7EeOonalRpHtFwQ" presentation="default">
                  <element href="airbag1.sysml#_KX1wJJL7EeOonalRpHtFwQ"/>
                </semanticModel>
                <contained xsi:type="di:EdgeObjectOffset" xmi:id="_KX1wIpL7EeOonalRpHtFwQ" id="nameEdgeObject" offset="-32,-11"/>
                <contained xsi:type="di:EdgeObjectOffset" xmi:id="_KX1wI5L7EeOonalRpHtFwQ" visible="false" id="TransitionStereotypeEdgeObject"/>
                <waypoints>[77, -18, 77, -18]</waypoints>
                <waypoints>[77, -45, 77, -45]</waypoints>
                <waypoints>[7, -45, 7, -45]</waypoints>
              </contained>
            </contained>
          </contained>
          <contained xsi:type="di:GraphNode" xmi:id="_o5UdQJANEeOsxbuHs23Pxw" position="37,40" size="-1,-1">
            <property xmi:id="_o5UdQpANEeOsxbuHs23Pxw" key="name" value="visible"/>
            <anchorage xmi:id="_wIc9cJANEeOsxbuHs23Pxw" graphEdge="_wImucJANEeOsxbuHs23Pxw"/>
            <semanticModel xsi:type="di:EMFSemanticModelBridge" xmi:id="_o5UdQZANEeOsxbuHs23Pxw" presentation="default">
              <element href="airbag1.sysml#_o5UdQ5ANEeOsxbuHs23Pxw"/>
            </semanticModel>
          </contained>
          <contained xsi:type="di:GraphEdge" xmi:id="_wImucJANEeOsxbuHs23Pxw" anchor="_wIc9cJANEeOsxbuHs23Pxw _wIc9cZANEeOsxbuHs23Pxw">
            <semanticModel xsi:type="di:EMFSemanticModelBridge" xmi:id="_wImucZANEeOsxbuHs23Pxw" presentation="default">
              <element href="airbag1.sysml#_wImudJANEeOsxbuHs23Pxw"/>
            </semanticModel>
            <contained xsi:type="di:EdgeObjectOffset" xmi:id="_wImucpANEeOsxbuHs23Pxw" id="nameEdgeObject" offset="-1,-19"/>
            <contained xsi:type="di:EdgeObjectOffset" xmi:id="_wImuc5ANEeOsxbuHs23Pxw" visible="false" id="TransitionStereotypeEdgeObject"/>
          </contained>
          <contained xsi:type="di:GraphEdge" xmi:id="_XqWaYZAOEeOsxbuHs23Pxw" anchor="_wIc9cZANEeOsxbuHs23Pxw _XqWaYJAOEeOsxbuHs23Pxw">
            <semanticModel xsi:type="di:EMFSemanticModelBridge" xmi:id="_XqWaYpAOEeOsxbuHs23Pxw" presentation="default">
              <element href="airbag1.sysml#_XqWaZZAOEeOsxbuHs23Pxw"/>
            </semanticModel>
            <contained xsi:type="di:EdgeObjectOffset" xmi:id="_XqWaY5AOEeOsxbuHs23Pxw" id="nameEdgeObject" offset="3,-30"/>
            <contained xsi:type="di:EdgeObjectOffset" xmi:id="_XqWaZJAOEeOsxbuHs23Pxw" visible="false" id="TransitionStereotypeEdgeObject"/>
            <waypoints>[284, 0, 284, 0]</waypoints>
            <waypoints>[284, 14, 284, 14]</waypoints>
          </contained>
        </contained>
      </diagrams>