<?xml version="1.0" encoding="UTF-8"?><diagrams xmlns:xmi="http://www.omg.org/XMI" xmlns:xsi="http://www.w3.org/2001/XMLSchema-instance" xmlns:di="http://www.topcased.org/DI/1.0" xmlns:diagrams="http://www.topcased.org/Diagrams/1.0" xmi:id="_jviNsJ4SEeKag5gLaCX0lg" position="0,0" size="100,100" name="Item functional model" zoom="0.75" viewport="0,0">
      <property xmi:id="_jwkvgJ4SEeKag5gLaCX0lg" key="pageFormatName" value="A3"/>
      <property xmi:id="_jwuggJ4SEeKag5gLaCX0lg" key="diagramWidth" value="1188"/>
      <property xmi:id="_jwuggZ4SEeKag5gLaCX0lg" key="diagramHeight" value="1680"/>
      <property xmi:id="_jw3qcJ4SEeKag5gLaCX0lg" key="pageMarginName" value="Small Margin"/>
      <property xmi:id="_jw3qcZ4SEeKag5gLaCX0lg" key="diagramTopMargin" value="20"/>
      <property xmi:id="_jxBbcJ4SEeKag5gLaCX0lg" key="diagramBottomMargin" value="20"/>
      <property xmi:id="_jxKlYJ4SEeKag5gLaCX0lg" key="diagramLeftMargin" value="20"/>
      <property xmi:id="_jxKlYZ4SEeKag5gLaCX0lg" key="diagramRightMargin" value="20"/>
      <property xmi:id="_jxUWYJ4SEeKag5gLaCX0lg" key="orientation" value="portrait"/>
      <semanticModel xsi:type="di:EMFSemanticModelBridge" xmi:id="_jviNsZ4SEeKag5gLaCX0lg" presentation="org.topcased.modeler.sysml.blockdefinitiondiagram">
        <element href="airbag1.sysml#idPackage"/>
      </semanticModel>
      <contained xsi:type="di:GraphNode" xmi:id="_ymMf8J4SEeKag5gLaCX0lg" position="76,247" size="309,-1">
        <property xmi:id="_JcUGMJ6OEeK7LPxvVzK9VA" key="showOperationParameterDefaultValue" value="false"/>
        <anchorage xmi:id="_jthZQJ7HEeKjC9zfFNGw9A" graphEdge="_jtqjMJ7HEeKjC9zfFNGw9A _oUF7wZ7HEeKjC9zfFNGw9A _5sq0UZ7LEeKjC9zfFNGw9A _trEtoaRQEeKwkqm_92I2PA _36stYZJgEeOxXciWaJrA3g"/>
        <semanticModel xsi:type="di:EMFSemanticModelBridge" xmi:id="_ymMf8Z4SEeKag5gLaCX0lg" presentation="default">
          <element href="airbag1.sysml#_ymfa4J4SEeKag5gLaCX0lg"/>
        </semanticModel>
        <contained xsi:type="di:GraphNode" xmi:id="_ymMf8p4SEeKag5gLaCX0lg">
          <property xmi:id="_ymMf854SEeKag5gLaCX0lg" key="eStructuralFeatureID" value="12"/>
          <semanticModel xsi:type="di:EMFSemanticModelBridge" xmi:id="_ymMf9J4SEeKag5gLaCX0lg" presentation="constraints">
            <element href="airbag1.sysml#_ymfa4J4SEeKag5gLaCX0lg"/>
          </semanticModel>
        </contained>
        <contained xsi:type="di:GraphNode" xmi:id="_ymMf9Z4SEeKag5gLaCX0lg">
          <property xmi:id="_ymMf9p4SEeKag5gLaCX0lg" key="eStructuralFeatureID" value="47 50 "/>
          <semanticModel xsi:type="di:EMFSemanticModelBridge" xmi:id="_ymMf954SEeKag5gLaCX0lg" presentation="operations">
            <element href="airbag1.sysml#_ymfa4J4SEeKag5gLaCX0lg"/>
          </semanticModel>
        </contained>
        <contained xsi:type="di:GraphNode" xmi:id="_ymMf-J4SEeKag5gLaCX0lg">
          <property xmi:id="_ymMf-Z4SEeKag5gLaCX0lg" key="eStructuralFeatureID" value="37"/>
          <semanticModel xsi:type="di:EMFSemanticModelBridge" xmi:id="_ymMf-p4SEeKag5gLaCX0lg" presentation="default">
            <element href="airbag1.sysml#_ymfa4J4SEeKag5gLaCX0lg"/>
          </semanticModel>
        </contained>
        <contained xsi:type="di:GraphNode" xmi:id="_gFZ4gJ7GEeKjC9zfFNGw9A" position="156,64" size="15,15">
          <property xmi:id="_gFZ4gZ7GEeKjC9zfFNGw9A" key="portPosition" value="4"/>
          <semanticModel xsi:type="di:EMFSemanticModelBridge" xmi:id="_gFZ4gp7GEeKjC9zfFNGw9A" presentation="default">
            <element href="airbag1.sysml#_ZPkCEJ7GEeKjC9zfFNGw9A"/>
          </semanticModel>
        </contained>
      </contained>
      <contained xsi:type="di:GraphNode" xmi:id="_g-X4MJ4TEeKag5gLaCX0lg" position="566,252" size="389,-1">
        <anchorage xmi:id="_Nfy9YJ7IEeKjC9zfFNGw9A" graphEdge="_Nfy9Yp7IEeKjC9zfFNGw9A _6RagIJ7LEeKjC9zfFNGw9A _SA58MJ0gEeOK_uvNdgNkAg"/>
        <semanticModel xsi:type="di:EMFSemanticModelBridge" xmi:id="_g-X4MZ4TEeKag5gLaCX0lg" presentation="default">
          <element href="airbag1.sysml#_g-qzIJ4TEeKag5gLaCX0lg"/>
        </semanticModel>
        <contained xsi:type="di:GraphNode" xmi:id="_g-X4Mp4TEeKag5gLaCX0lg">
          <property xmi:id="_g-X4M54TEeKag5gLaCX0lg" key="eStructuralFeatureID" value="12"/>
          <semanticModel xsi:type="di:EMFSemanticModelBridge" xmi:id="_g-X4NJ4TEeKag5gLaCX0lg" presentation="constraints">
            <element href="airbag1.sysml#_g-qzIJ4TEeKag5gLaCX0lg"/>
          </semanticModel>
        </contained>
        <contained xsi:type="di:GraphNode" xmi:id="_g-X4NZ4TEeKag5gLaCX0lg">
          <property xmi:id="_g-X4Np4TEeKag5gLaCX0lg" key="eStructuralFeatureID" value="47 50 "/>
          <semanticModel xsi:type="di:EMFSemanticModelBridge" xmi:id="_g-X4N54TEeKag5gLaCX0lg" presentation="operations">
            <element href="airbag1.sysml#_g-qzIJ4TEeKag5gLaCX0lg"/>
          </semanticModel>
        </contained>
        <contained xsi:type="di:GraphNode" xmi:id="_g-X4OJ4TEeKag5gLaCX0lg">
          <property xmi:id="_g-X4OZ4TEeKag5gLaCX0lg" key="eStructuralFeatureID" value="37"/>
          <semanticModel xsi:type="di:EMFSemanticModelBridge" xmi:id="_g-X4Op4TEeKag5gLaCX0lg" presentation="default">
            <element href="airbag1.sysml#_g-qzIJ4TEeKag5gLaCX0lg"/>
          </semanticModel>
        </contained>
        <contained xsi:type="di:GraphNode" xmi:id="_v_5mUJ7GEeKjC9zfFNGw9A" position="2,62" size="15,15">
          <property xmi:id="_v_5mUZ7GEeKjC9zfFNGw9A" key="portPosition" value="1"/>
          <semanticModel xsi:type="di:EMFSemanticModelBridge" xmi:id="_v_5mUp7GEeKjC9zfFNGw9A" presentation="default">
            <element href="airbag1.sysml#_q2rCsJ7GEeKjC9zfFNGw9A"/>
          </semanticModel>
        </contained>
      </contained>
      <contained xsi:type="di:GraphEdge" xmi:id="_jtqjMJ7HEeKjC9zfFNGw9A" anchor="_jthZQJ7HEeKjC9zfFNGw9A _jthZQZ7HEeKjC9zfFNGw9A">
        <semanticModel xsi:type="di:SimpleSemanticModelElement" xmi:id="_jtqjMZ7HEeKjC9zfFNGw9A" presentation="default" typeInfo="ContainmentLink"/>
        <waypoints>[32, 171, 14, -174]</waypoints>
      </contained>
      <contained xsi:type="di:GraphEdge" xmi:id="_oUF7wZ7HEeKjC9zfFNGw9A" anchor="_jthZQJ7HEeKjC9zfFNGw9A _oUF7wJ7HEeKjC9zfFNGw9A">
        <semanticModel xsi:type="di:SimpleSemanticModelElement" xmi:id="_oUF7wp7HEeKjC9zfFNGw9A" presentation="default" typeInfo="ContainmentLink"/>
        <waypoints>[62, 217, -19, -175]</waypoints>
      </contained>
      <contained xsi:type="di:GraphNode" xmi:id="_8HRLUJ7HEeKjC9zfFNGw9A" position="469,434" size="177,-1">
        <anchorage xmi:id="_Nfy9YZ7IEeKjC9zfFNGw9A" graphEdge="_Nfy9Yp7IEeKjC9zfFNGw9A _PQMuQJkyEeOoNL1JcaDakA"/>
        <semanticModel xsi:type="di:EMFSemanticModelBridge" xmi:id="_8HRLUZ7HEeKjC9zfFNGw9A" presentation="default">
          <element href="airbag1.sysml#_8HaVQJ7HEeKjC9zfFNGw9A"/>
        </semanticModel>
        <contained xsi:type="di:GraphNode" xmi:id="_8HRLUp7HEeKjC9zfFNGw9A">
          <property xmi:id="_8HRLU57HEeKjC9zfFNGw9A" key="eStructuralFeatureID" value="12"/>
          <semanticModel xsi:type="di:EMFSemanticModelBridge" xmi:id="_8HRLVJ7HEeKjC9zfFNGw9A" presentation="constraints">
            <element href="airbag1.sysml#_8HaVQJ7HEeKjC9zfFNGw9A"/>
          </semanticModel>
        </contained>
        <contained xsi:type="di:GraphNode" xmi:id="_8HRLVZ7HEeKjC9zfFNGw9A">
          <property xmi:id="_8HRLVp7HEeKjC9zfFNGw9A" key="eStructuralFeatureID" value="47 50 "/>
          <semanticModel xsi:type="di:EMFSemanticModelBridge" xmi:id="_8HRLV57HEeKjC9zfFNGw9A" presentation="operations">
            <element href="airbag1.sysml#_8HaVQJ7HEeKjC9zfFNGw9A"/>
          </semanticModel>
        </contained>
        <contained xsi:type="di:GraphNode" xmi:id="_8HRLWJ7HEeKjC9zfFNGw9A">
          <property xmi:id="_8HRLWZ7HEeKjC9zfFNGw9A" key="eStructuralFeatureID" value="37"/>
          <semanticModel xsi:type="di:EMFSemanticModelBridge" xmi:id="_8HRLWp7HEeKjC9zfFNGw9A" presentation="default">
            <element href="airbag1.sysml#_8HaVQJ7HEeKjC9zfFNGw9A"/>
          </semanticModel>
        </contained>
      </contained>
      <contained xsi:type="di:GraphEdge" xmi:id="_Nfy9Yp7IEeKjC9zfFNGw9A" anchor="_Nfy9YJ7IEeKjC9zfFNGw9A _Nfy9YZ7IEeKjC9zfFNGw9A">
        <semanticModel xsi:type="di:SimpleSemanticModelElement" xmi:id="_Nfy9Y57IEeKjC9zfFNGw9A" presentation="default" typeInfo="ContainmentLink"/>
        <waypoints>[-163, 93, 40, -89]</waypoints>
      </contained>
      <contained xsi:type="di:GraphNode" xmi:id="_xEHqIJ7LEeKjC9zfFNGw9A" position="208,51" size="471,-1">
        <anchorage xmi:id="_5sq0UJ7LEeKjC9zfFNGw9A" graphEdge="_5sq0UZ7LEeKjC9zfFNGw9A _6RagIJ7LEeKjC9zfFNGw9A"/>
        <semanticModel xsi:type="di:EMFSemanticModelBridge" xmi:id="_xEHqIZ7LEeKjC9zfFNGw9A" presentation="default">
          <element href="airbag1.sysml#_xERbIJ7LEeKjC9zfFNGw9A"/>
        </semanticModel>
        <contained xsi:type="di:GraphNode" xmi:id="_xEHqIp7LEeKjC9zfFNGw9A">
          <property xmi:id="_xEHqI57LEeKjC9zfFNGw9A" key="eStructuralFeatureID" value="12"/>
          <semanticModel xsi:type="di:EMFSemanticModelBridge" xmi:id="_xEHqJJ7LEeKjC9zfFNGw9A" presentation="constraints">
            <element href="airbag1.sysml#_xERbIJ7LEeKjC9zfFNGw9A"/>
          </semanticModel>
        </contained>
        <contained xsi:type="di:GraphNode" xmi:id="_xEHqJZ7LEeKjC9zfFNGw9A">
          <property xmi:id="_xEHqJp7LEeKjC9zfFNGw9A" key="eStructuralFeatureID" value="47 50 "/>
          <semanticModel xsi:type="di:EMFSemanticModelBridge" xmi:id="_xEHqJ57LEeKjC9zfFNGw9A" presentation="operations">
            <element href="airbag1.sysml#_xERbIJ7LEeKjC9zfFNGw9A"/>
          </semanticModel>
        </contained>
        <contained xsi:type="di:GraphNode" xmi:id="_xEHqKJ7LEeKjC9zfFNGw9A">
          <property xmi:id="_xEHqKZ7LEeKjC9zfFNGw9A" key="eStructuralFeatureID" value="37"/>
          <semanticModel xsi:type="di:EMFSemanticModelBridge" xmi:id="_xEHqKp7LEeKjC9zfFNGw9A" presentation="default">
            <element href="airbag1.sysml#_xERbIJ7LEeKjC9zfFNGw9A"/>
          </semanticModel>
        </contained>
      </contained>
      <contained xsi:type="di:GraphEdge" xmi:id="_5sq0UZ7LEeKjC9zfFNGw9A" anchor="_5sq0UJ7LEeKjC9zfFNGw9A _jthZQJ7HEeKjC9zfFNGw9A">
        <semanticModel xsi:type="di:SimpleSemanticModelElement" xmi:id="_5sq0Up7LEeKjC9zfFNGw9A" presentation="default" typeInfo="ContainmentLink"/>
        <waypoints>[-208, 105, 66, -91]</waypoints>
      </contained>
      <contained xsi:type="di:GraphEdge" xmi:id="_6RagIJ7LEeKjC9zfFNGw9A" anchor="_5sq0UJ7LEeKjC9zfFNGw9A _Nfy9YJ7IEeKjC9zfFNGw9A">
        <semanticModel xsi:type="di:SimpleSemanticModelElement" xmi:id="_6RagIZ7LEeKjC9zfFNGw9A" presentation="default" typeInfo="ContainmentLink"/>
        <waypoints>[192, 108, -28, -93]</waypoints>
      </contained>
      <contained xsi:type="di:GraphNode" xmi:id="_3y4WQJ7NEeKjC9zfFNGw9A" position="839,1088" size="148,-1">
        <anchorage xmi:id="_ARPvUJJmEeOxXciWaJrA3g" graphEdge="_ARPvUZJmEeOxXciWaJrA3g"/>
        <semanticModel xsi:type="di:EMFSemanticModelBridge" xmi:id="_3y4WQZ7NEeKjC9zfFNGw9A" presentation="default">
          <element href="airbag1.sysml#_MXOWUJ7JEeKjC9zfFNGw9A"/>
        </semanticModel>
        <contained xsi:type="di:GraphNode" xmi:id="_3y4WQp7NEeKjC9zfFNGw9A">
          <property xmi:id="_3y4WQ57NEeKjC9zfFNGw9A" key="eStructuralFeatureID" value="12"/>
          <semanticModel xsi:type="di:EMFSemanticModelBridge" xmi:id="_3y4WRJ7NEeKjC9zfFNGw9A" presentation="constraints">
            <element href="airbag1.sysml#_MXOWUJ7JEeKjC9zfFNGw9A"/>
          </semanticModel>
        </contained>
        <contained xsi:type="di:GraphNode" xmi:id="_3y4WRZ7NEeKjC9zfFNGw9A">
          <property xmi:id="_3y4WRp7NEeKjC9zfFNGw9A" key="eStructuralFeatureID" value="47 50 "/>
          <semanticModel xsi:type="di:EMFSemanticModelBridge" xmi:id="_3y4WR57NEeKjC9zfFNGw9A" presentation="operations">
            <element href="airbag1.sysml#_MXOWUJ7JEeKjC9zfFNGw9A"/>
          </semanticModel>
        </contained>
        <contained xsi:type="di:GraphNode" xmi:id="_3y4WSJ7NEeKjC9zfFNGw9A">
          <property xmi:id="_3y4WSZ7NEeKjC9zfFNGw9A" key="eStructuralFeatureID" value="37"/>
          <semanticModel xsi:type="di:EMFSemanticModelBridge" xmi:id="_3y4WSp7NEeKjC9zfFNGw9A" presentation="default">
            <element href="airbag1.sysml#_MXOWUJ7JEeKjC9zfFNGw9A"/>
          </semanticModel>
        </contained>
      </contained>
      <contained xsi:type="di:GraphNode" xmi:id="_nbK10KRQEeKwkqm_92I2PA" position="1,424" size="187,-1">
        <anchorage xmi:id="_trEtoKRQEeKwkqm_92I2PA" graphEdge="_trEtoaRQEeKwkqm_92I2PA _Hzb9oaRREeKwkqm_92I2PA"/>
        <semanticModel xsi:type="di:EMFSemanticModelBridge" xmi:id="_nbK10aRQEeKwkqm_92I2PA" presentation="default">
          <element href="airbag1.sysml#_nbdwwKRQEeKwkqm_92I2PA"/>
        </semanticModel>
        <contained xsi:type="di:GraphNode" xmi:id="_nbK10qRQEeKwkqm_92I2PA">
          <property xmi:id="_nbK106RQEeKwkqm_92I2PA" key="eStructuralFeatureID" value="12"/>
          <semanticModel xsi:type="di:EMFSemanticModelBridge" xmi:id="_nbK11KRQEeKwkqm_92I2PA" presentation="constraints">
            <element href="airbag1.sysml#_nbdwwKRQEeKwkqm_92I2PA"/>
          </semanticModel>
        </contained>
        <contained xsi:type="di:GraphNode" xmi:id="_nbK11aRQEeKwkqm_92I2PA">
          <property xmi:id="_nbK11qRQEeKwkqm_92I2PA" key="eStructuralFeatureID" value="47 50 "/>
          <semanticModel xsi:type="di:EMFSemanticModelBridge" xmi:id="_nbK116RQEeKwkqm_92I2PA" presentation="operations">
            <element href="airbag1.sysml#_nbdwwKRQEeKwkqm_92I2PA"/>
          </semanticModel>
        </contained>
        <contained xsi:type="di:GraphNode" xmi:id="_nbK12KRQEeKwkqm_92I2PA">
          <property xmi:id="_nbK12aRQEeKwkqm_92I2PA" key="eStructuralFeatureID" value="37"/>
          <semanticModel xsi:type="di:EMFSemanticModelBridge" xmi:id="_nbK12qRQEeKwkqm_92I2PA" presentation="default">
            <element href="airbag1.sysml#_nbdwwKRQEeKwkqm_92I2PA"/>
          </semanticModel>
        </contained>
      </contained>
      <contained xsi:type="di:GraphEdge" xmi:id="_trEtoaRQEeKwkqm_92I2PA" anchor="_jthZQJ7HEeKjC9zfFNGw9A _trEtoKRQEeKwkqm_92I2PA">
        <semanticModel xsi:type="di:SimpleSemanticModelElement" xmi:id="_trEtoqRQEeKwkqm_92I2PA" presentation="default" typeInfo="ContainmentLink"/>
        <waypoints>[-117, 60, 19, -117]</waypoints>
      </contained>
      <contained xsi:type="di:GraphNode" xmi:id="_GXC4IKRREeKwkqm_92I2PA" position="28,1086" size="100,-1">
        <anchorage xmi:id="_Hzb9oKRREeKwkqm_92I2PA" graphEdge="_Hzb9oaRREeKwkqm_92I2PA"/>
        <semanticModel xsi:type="di:EMFSemanticModelBridge" xmi:id="_GXC4IaRREeKwkqm_92I2PA" presentation="default">
          <element href="airbag1.sysml#_A-06sJ7JEeKjC9zfFNGw9A"/>
        </semanticModel>
        <contained xsi:type="di:GraphNode" xmi:id="_GXC4IqRREeKwkqm_92I2PA">
          <property xmi:id="_GXC4I6RREeKwkqm_92I2PA" key="eStructuralFeatureID" value="12"/>
          <semanticModel xsi:type="di:EMFSemanticModelBridge" xmi:id="_GXC4JKRREeKwkqm_92I2PA" presentation="constraints">
            <element href="airbag1.sysml#_A-06sJ7JEeKjC9zfFNGw9A"/>
          </semanticModel>
        </contained>
        <contained xsi:type="di:GraphNode" xmi:id="_GXC4JaRREeKwkqm_92I2PA">
          <property xmi:id="_GXC4JqRREeKwkqm_92I2PA" key="eStructuralFeatureID" value="47 50 "/>
          <semanticModel xsi:type="di:EMFSemanticModelBridge" xmi:id="_GXC4J6RREeKwkqm_92I2PA" presentation="operations">
            <element href="airbag1.sysml#_A-06sJ7JEeKjC9zfFNGw9A"/>
          </semanticModel>
        </contained>
        <contained xsi:type="di:GraphNode" xmi:id="_GXC4KKRREeKwkqm_92I2PA">
          <property xmi:id="_GXC4KaRREeKwkqm_92I2PA" key="eStructuralFeatureID" value="37"/>
          <semanticModel xsi:type="di:EMFSemanticModelBridge" xmi:id="_GXC4KqRREeKwkqm_92I2PA" presentation="default">
            <element href="airbag1.sysml#_A-06sJ7JEeKjC9zfFNGw9A"/>
          </semanticModel>
        </contained>
      </contained>
      <contained xsi:type="di:GraphEdge" xmi:id="_Hzb9oaRREeKwkqm_92I2PA" anchor="_trEtoKRQEeKwkqm_92I2PA _Hzb9oKRREeKwkqm_92I2PA">
        <semanticModel xsi:type="di:EMFSemanticModelBridge" xmi:id="_Hzb9oqRREeKwkqm_92I2PA" presentation="default">
          <element href="airbag1.sysml#_Hzu4kKRREeKwkqm_92I2PA"/>
        </semanticModel>
        <contained xsi:type="di:EdgeObjectOffset" xmi:id="_Hzb9o6RREeKwkqm_92I2PA" id="stereotypeEdgeObject" offset="18,23"/>
        <contained xsi:type="di:EdgeObjectOffset" xmi:id="_Hzb9pKRREeKwkqm_92I2PA" visible="false" id="middleNameEdgeObject"/>
        <waypoints>[-9, 420, 8, -243]</waypoints>
      </contained>
      <contained xsi:type="di:GraphEdge" xmi:id="_36stYZJgEeOxXciWaJrA3g" anchor="_jthZQJ7HEeKjC9zfFNGw9A _36stYJJgEeOxXciWaJrA3g">
        <semanticModel xsi:type="di:SimpleSemanticModelElement" xmi:id="_36stYpJgEeOxXciWaJrA3g" presentation="default" typeInfo="ContainmentLink"/>
        <waypoints>[121, 282, -93, -218]</waypoints>
        <waypoints>[210, 282, -4, -218]</waypoints>
      </contained>
      <contained xsi:type="di:GraphNode" xmi:id="_NFp0gJ7HEeKjC9zfFNGw9A" position="110,539" size="151,-1">
        <anchorage xmi:id="_jthZQZ7HEeKjC9zfFNGw9A" graphEdge="_jtqjMJ7HEeKjC9zfFNGw9A _rbAMkZkxEeOoNL1JcaDakA"/>
        <semanticModel xsi:type="di:EMFSemanticModelBridge" xmi:id="_NFp0gZ7HEeKjC9zfFNGw9A" presentation="default">
          <element href="airbag1.sysml#_NF8vcJ7HEeKjC9zfFNGw9A"/>
        </semanticModel>
        <contained xsi:type="di:GraphNode" xmi:id="_NFp0gp7HEeKjC9zfFNGw9A">
          <property xmi:id="_NFp0g57HEeKjC9zfFNGw9A" key="eStructuralFeatureID" value="12"/>
          <semanticModel xsi:type="di:EMFSemanticModelBridge" xmi:id="_NFp0hJ7HEeKjC9zfFNGw9A" presentation="constraints">
            <element href="airbag1.sysml#_NF8vcJ7HEeKjC9zfFNGw9A"/>
          </semanticModel>
        </contained>
        <contained xsi:type="di:GraphNode" xmi:id="_NFp0hZ7HEeKjC9zfFNGw9A">
          <property xmi:id="_NFp0hp7HEeKjC9zfFNGw9A" key="eStructuralFeatureID" value="47 50 "/>
          <semanticModel xsi:type="di:EMFSemanticModelBridge" xmi:id="_NFp0h57HEeKjC9zfFNGw9A" presentation="operations">
            <element href="airbag1.sysml#_NF8vcJ7HEeKjC9zfFNGw9A"/>
          </semanticModel>
        </contained>
        <contained xsi:type="di:GraphNode" xmi:id="_NFp0iJ7HEeKjC9zfFNGw9A">
          <property xmi:id="_NFp0iZ7HEeKjC9zfFNGw9A" key="eStructuralFeatureID" value="37"/>
          <semanticModel xsi:type="di:EMFSemanticModelBridge" xmi:id="_NFp0ip7HEeKjC9zfFNGw9A" presentation="default">
            <element href="airbag1.sysml#_NF8vcJ7HEeKjC9zfFNGw9A"/>
          </semanticModel>
        </contained>
      </contained>
      <contained xsi:type="di:GraphNode" xmi:id="_UJLhoJ7HEeKjC9zfFNGw9A" position="233,639" size="157,-1">
        <anchorage xmi:id="_oUF7wJ7HEeKjC9zfFNGw9A" graphEdge="_oUF7wZ7HEeKjC9zfFNGw9A __kki4JkxEeOoNL1JcaDakA _Cs0tQJkyEeOoNL1JcaDakA"/>
        <semanticModel xsi:type="di:EMFSemanticModelBridge" xmi:id="_UJLhoZ7HEeKjC9zfFNGw9A" presentation="default">
          <element href="airbag1.sysml#_UJVSoJ7HEeKjC9zfFNGw9A"/>
        </semanticModel>
        <contained xsi:type="di:GraphNode" xmi:id="_UJLhop7HEeKjC9zfFNGw9A">
          <property xmi:id="_UJLho57HEeKjC9zfFNGw9A" key="eStructuralFeatureID" value="12"/>
          <semanticModel xsi:type="di:EMFSemanticModelBridge" xmi:id="_UJLhpJ7HEeKjC9zfFNGw9A" presentation="constraints">
            <element href="airbag1.sysml#_UJVSoJ7HEeKjC9zfFNGw9A"/>
          </semanticModel>
        </contained>
        <contained xsi:type="di:GraphNode" xmi:id="_UJLhpZ7HEeKjC9zfFNGw9A">
          <property xmi:id="_UJLhpp7HEeKjC9zfFNGw9A" key="eStructuralFeatureID" value="47 50 "/>
          <semanticModel xsi:type="di:EMFSemanticModelBridge" xmi:id="_UJLhp57HEeKjC9zfFNGw9A" presentation="operations">
            <element href="airbag1.sysml#_UJVSoJ7HEeKjC9zfFNGw9A"/>
          </semanticModel>
        </contained>
        <contained xsi:type="di:GraphNode" xmi:id="_UJLhqJ7HEeKjC9zfFNGw9A">
          <property xmi:id="_UJLhqZ7HEeKjC9zfFNGw9A" key="eStructuralFeatureID" value="37"/>
          <semanticModel xsi:type="di:EMFSemanticModelBridge" xmi:id="_UJLhqp7HEeKjC9zfFNGw9A" presentation="default">
            <element href="airbag1.sysml#_UJVSoJ7HEeKjC9zfFNGw9A"/>
          </semanticModel>
        </contained>
      </contained>
      <contained xsi:type="di:GraphNode" xmi:id="_pmjSUJJgEeOxXciWaJrA3g" position="371,747" size="146,-1">
        <anchorage xmi:id="_36stYJJgEeOxXciWaJrA3g" graphEdge="_36stYZJgEeOxXciWaJrA3g _J4PLEJkyEeOoNL1JcaDakA"/>
        <semanticModel xsi:type="di:EMFSemanticModelBridge" xmi:id="_pmjSUZJgEeOxXciWaJrA3g" presentation="default">
          <element href="airbag1.sysml#_pm_-QJJgEeOxXciWaJrA3g"/>
        </semanticModel>
        <contained xsi:type="di:GraphNode" xmi:id="_pmjSUpJgEeOxXciWaJrA3g">
          <property xmi:id="_pmjSU5JgEeOxXciWaJrA3g" key="eStructuralFeatureID" value="12"/>
          <semanticModel xsi:type="di:EMFSemanticModelBridge" xmi:id="_pmjSVJJgEeOxXciWaJrA3g" presentation="constraints">
            <element href="airbag1.sysml#_pm_-QJJgEeOxXciWaJrA3g"/>
          </semanticModel>
        </contained>
        <contained xsi:type="di:GraphNode" xmi:id="_pmjSVZJgEeOxXciWaJrA3g">
          <property xmi:id="_pmjSVpJgEeOxXciWaJrA3g" key="eStructuralFeatureID" value="47 50 "/>
          <semanticModel xsi:type="di:EMFSemanticModelBridge" xmi:id="_pmjSV5JgEeOxXciWaJrA3g" presentation="operations">
            <element href="airbag1.sysml#_pm_-QJJgEeOxXciWaJrA3g"/>
          </semanticModel>
        </contained>
        <contained xsi:type="di:GraphNode" xmi:id="_pmjSWJJgEeOxXciWaJrA3g">
          <property xmi:id="_pmjSWZJgEeOxXciWaJrA3g" key="eStructuralFeatureID" value="37"/>
          <semanticModel xsi:type="di:EMFSemanticModelBridge" xmi:id="_pmjSWpJgEeOxXciWaJrA3g" presentation="default">
            <element href="airbag1.sysml#_pm_-QJJgEeOxXciWaJrA3g"/>
          </semanticModel>
        </contained>
      </contained>
      <contained xsi:type="di:GraphNode" xmi:id="_oU2dEJJkEeOxXciWaJrA3g" position="640,649" size="182,-1">
        <anchorage xmi:id="_yG_kUZ0fEeOK_uvNdgNkAg" graphEdge="_yG_kUp0fEeOK_uvNdgNkAg _yYRsIZ0gEeOK_uvNdgNkAg _Do7UkZ0hEeOK_uvNdgNkAg"/>
        <semanticModel xsi:type="di:EMFSemanticModelBridge" xmi:id="_oU2dEZJkEeOxXciWaJrA3g" presentation="default">
          <element href="airbag1.sysml#_oVSh8JJkEeOxXciWaJrA3g"/>
        </semanticModel>
        <contained xsi:type="di:GraphNode" xmi:id="_oU2dEpJkEeOxXciWaJrA3g">
          <property xmi:id="_oU2dE5JkEeOxXciWaJrA3g" key="eStructuralFeatureID" value="12"/>
          <semanticModel xsi:type="di:EMFSemanticModelBridge" xmi:id="_oU2dFJJkEeOxXciWaJrA3g" presentation="constraints">
            <element href="airbag1.sysml#_oVSh8JJkEeOxXciWaJrA3g"/>
          </semanticModel>
        </contained>
        <contained xsi:type="di:GraphNode" xmi:id="_oU2dFZJkEeOxXciWaJrA3g">
          <property xmi:id="_oU2dFpJkEeOxXciWaJrA3g" key="eStructuralFeatureID" value="47 50 "/>
          <semanticModel xsi:type="di:EMFSemanticModelBridge" xmi:id="_oU2dF5JkEeOxXciWaJrA3g" presentation="operations">
            <element href="airbag1.sysml#_oVSh8JJkEeOxXciWaJrA3g"/>
          </semanticModel>
        </contained>
        <contained xsi:type="di:GraphNode" xmi:id="_oU2dGJJkEeOxXciWaJrA3g">
          <property xmi:id="_oU2dGZJkEeOxXciWaJrA3g" key="eStructuralFeatureID" value="37"/>
          <semanticModel xsi:type="di:EMFSemanticModelBridge" xmi:id="_oU2dGpJkEeOxXciWaJrA3g" presentation="default">
            <element href="airbag1.sysml#_oVSh8JJkEeOxXciWaJrA3g"/>
          </semanticModel>
        </contained>
      </contained>
      <contained xsi:type="di:GraphNode" xmi:id="_x-liAJJlEeOxXciWaJrA3g" position="852,738" size="100,-1">
        <anchorage xmi:id="_7hATcJJlEeOxXciWaJrA3g" graphEdge="_ARPvUZJmEeOxXciWaJrA3g _60SroJ0fEeOK_uvNdgNkAg _NHLXsZ0hEeOK_uvNdgNkAg"/>
        <semanticModel xsi:type="di:EMFSemanticModelBridge" xmi:id="_x-liAZJlEeOxXciWaJrA3g" presentation="default">
          <element href="airbag1.sysml#_x_LX4JJlEeOxXciWaJrA3g"/>
        </semanticModel>
        <contained xsi:type="di:GraphNode" xmi:id="_x-liApJlEeOxXciWaJrA3g">
          <property xmi:id="_x-liA5JlEeOxXciWaJrA3g" key="eStructuralFeatureID" value="12"/>
          <semanticModel xsi:type="di:EMFSemanticModelBridge" xmi:id="_x-liBJJlEeOxXciWaJrA3g" presentation="constraints">
            <element href="airbag1.sysml#_x_LX4JJlEeOxXciWaJrA3g"/>
          </semanticModel>
        </contained>
        <contained xsi:type="di:GraphNode" xmi:id="_x-liBZJlEeOxXciWaJrA3g">
          <property xmi:id="_x-liBpJlEeOxXciWaJrA3g" key="eStructuralFeatureID" value="47 50 "/>
          <semanticModel xsi:type="di:EMFSemanticModelBridge" xmi:id="_x-liB5JlEeOxXciWaJrA3g" presentation="operations">
            <element href="airbag1.sysml#_x_LX4JJlEeOxXciWaJrA3g"/>
          </semanticModel>
        </contained>
        <contained xsi:type="di:GraphNode" xmi:id="_x-liCJJlEeOxXciWaJrA3g">
          <property xmi:id="_x-liCZJlEeOxXciWaJrA3g" key="eStructuralFeatureID" value="37"/>
          <semanticModel xsi:type="di:EMFSemanticModelBridge" xmi:id="_x-liCpJlEeOxXciWaJrA3g" presentation="default">
            <element href="airbag1.sysml#_x_LX4JJlEeOxXciWaJrA3g"/>
          </semanticModel>
        </contained>
      </contained>
      <contained xsi:type="di:GraphEdge" xmi:id="_ARPvUZJmEeOxXciWaJrA3g" anchor="_7hATcJJlEeOxXciWaJrA3g _ARPvUJJmEeOxXciWaJrA3g">
        <semanticModel xsi:type="di:EMFSemanticModelBridge" xmi:id="_ARPvUpJmEeOxXciWaJrA3g" presentation="default">
          <element href="airbag1.sysml#_ARiqQJJmEeOxXciWaJrA3g"/>
        </semanticModel>
        <contained xsi:type="di:EdgeObjectOffset" xmi:id="_ARPvU5JmEeOxXciWaJrA3g" id="stereotypeEdgeObject" offset="48,2"/>
        <contained xsi:type="di:EdgeObjectOffset" xmi:id="_ARPvVJJmEeOxXciWaJrA3g" visible="false" id="middleNameEdgeObject"/>
        <waypoints>[0, 201, -11, -149]</waypoints>
      </contained>
      <contained xsi:type="di:GraphNode" xmi:id="_dLLQ0JkxEeOoNL1JcaDakA" position="142,1086" size="112,-1">
        <anchorage xmi:id="_rbAMkJkxEeOoNL1JcaDakA" graphEdge="_rbAMkZkxEeOoNL1JcaDakA __kki4JkxEeOoNL1JcaDakA"/>
        <semanticModel xsi:type="di:EMFSemanticModelBridge" xmi:id="_dLLQ0ZkxEeOoNL1JcaDakA" presentation="default">
          <element href="airbag1.sysml#_Q7R58HnLEeOPFeVV0hjJ3A"/>
        </semanticModel>
        <contained xsi:type="di:GraphNode" xmi:id="_dLLQ0pkxEeOoNL1JcaDakA">
          <property xmi:id="_dLLQ05kxEeOoNL1JcaDakA" key="eStructuralFeatureID" value="12"/>
          <semanticModel xsi:type="di:EMFSemanticModelBridge" xmi:id="_dLLQ1JkxEeOoNL1JcaDakA" presentation="constraints">
            <element href="airbag1.sysml#_Q7R58HnLEeOPFeVV0hjJ3A"/>
          </semanticModel>
        </contained>
        <contained xsi:type="di:GraphNode" xmi:id="_dLLQ1ZkxEeOoNL1JcaDakA">
          <property xmi:id="_dLLQ1pkxEeOoNL1JcaDakA" key="eStructuralFeatureID" value="47 50 "/>
          <semanticModel xsi:type="di:EMFSemanticModelBridge" xmi:id="_dLLQ15kxEeOoNL1JcaDakA" presentation="operations">
            <element href="airbag1.sysml#_Q7R58HnLEeOPFeVV0hjJ3A"/>
          </semanticModel>
        </contained>
        <contained xsi:type="di:GraphNode" xmi:id="_dLLQ2JkxEeOoNL1JcaDakA">
          <property xmi:id="_dLLQ2ZkxEeOoNL1JcaDakA" key="eStructuralFeatureID" value="37"/>
          <semanticModel xsi:type="di:EMFSemanticModelBridge" xmi:id="_dLLQ2pkxEeOoNL1JcaDakA" presentation="default">
            <element href="airbag1.sysml#_Q7R58HnLEeOPFeVV0hjJ3A"/>
          </semanticModel>
        </contained>
      </contained>
      <contained xsi:type="di:GraphEdge" xmi:id="_rbAMkZkxEeOoNL1JcaDakA" anchor="_jthZQZ7HEeKjC9zfFNGw9A _rbAMkJkxEeOoNL1JcaDakA">
        <semanticModel xsi:type="di:EMFSemanticModelBridge" xmi:id="_rbAMkpkxEeOoNL1JcaDakA" presentation="default">
          <element href="airbag1.sysml#_rbmpgJkxEeOoNL1JcaDakA"/>
        </semanticModel>
        <contained xsi:type="di:EdgeObjectOffset" xmi:id="_rbAMk5kxEeOoNL1JcaDakA" id="stereotypeEdgeObject" offset="-3,-39"/>
        <contained xsi:type="di:EdgeObjectOffset" xmi:id="_rbAMlJkxEeOoNL1JcaDakA" visible="false" id="middleNameEdgeObject"/>
      </contained>
      <contained xsi:type="di:GraphNode" xmi:id="_3nLOgJkxEeOoNL1JcaDakA" position="351,1086" size="112,-1">
        <anchorage xmi:id="_3ozmMJkxEeOoNL1JcaDakA" graphEdge="_Cs0tQJkyEeOoNL1JcaDakA _J4PLEJkyEeOoNL1JcaDakA _PQMuQJkyEeOoNL1JcaDakA"/>
        <semanticModel xsi:type="di:EMFSemanticModelBridge" xmi:id="_3nLOgZkxEeOoNL1JcaDakA" presentation="default">
          <element href="airbag1.sysml#_L2CT4HnKEeOPFeVV0hjJ3A"/>
        </semanticModel>
        <contained xsi:type="di:GraphNode" xmi:id="_3nLOgpkxEeOoNL1JcaDakA">
          <property xmi:id="_3nLOg5kxEeOoNL1JcaDakA" key="eStructuralFeatureID" value="12"/>
          <semanticModel xsi:type="di:EMFSemanticModelBridge" xmi:id="_3nLOhJkxEeOoNL1JcaDakA" presentation="constraints">
            <element href="airbag1.sysml#_L2CT4HnKEeOPFeVV0hjJ3A"/>
          </semanticModel>
        </contained>
        <contained xsi:type="di:GraphNode" xmi:id="_3nLOhZkxEeOoNL1JcaDakA">
          <property xmi:id="_3nLOhpkxEeOoNL1JcaDakA" key="eStructuralFeatureID" value="47 50 "/>
          <semanticModel xsi:type="di:EMFSemanticModelBridge" xmi:id="_3nLOh5kxEeOoNL1JcaDakA" presentation="operations">
            <element href="airbag1.sysml#_L2CT4HnKEeOPFeVV0hjJ3A"/>
          </semanticModel>
        </contained>
        <contained xsi:type="di:GraphNode" xmi:id="_3nLOiJkxEeOoNL1JcaDakA">
          <property xmi:id="_3nLOiZkxEeOoNL1JcaDakA" key="eStructuralFeatureID" value="37"/>
          <semanticModel xsi:type="di:EMFSemanticModelBridge" xmi:id="_3nLOipkxEeOoNL1JcaDakA" presentation="default">
            <element href="airbag1.sysml#_L2CT4HnKEeOPFeVV0hjJ3A"/>
          </semanticModel>
        </contained>
      </contained>
      <contained xsi:type="di:GraphEdge" xmi:id="__kki4JkxEeOoNL1JcaDakA" anchor="_oUF7wJ7HEeKjC9zfFNGw9A _rbAMkJkxEeOoNL1JcaDakA">
        <semanticModel xsi:type="di:EMFSemanticModelBridge" xmi:id="__kki4ZkxEeOoNL1JcaDakA" presentation="default">
          <element href="airbag1.sysml#__k4E4JkxEeOoNL1JcaDakA"/>
        </semanticModel>
        <contained xsi:type="di:EdgeObjectOffset" xmi:id="__kki4pkxEeOoNL1JcaDakA" id="stereotypeEdgeObject" offset="17,-34"/>
        <contained xsi:type="di:EdgeObjectOffset" xmi:id="__kki45kxEeOoNL1JcaDakA" visible="false" id="middleNameEdgeObject"/>
      </contained>
      <contained xsi:type="di:GraphEdge" xmi:id="_Cs0tQJkyEeOoNL1JcaDakA" anchor="_oUF7wJ7HEeKjC9zfFNGw9A _3ozmMJkxEeOoNL1JcaDakA">
        <semanticModel xsi:type="di:EMFSemanticModelBridge" xmi:id="_Cs0tQZkyEeOoNL1JcaDakA" presentation="default">
          <element href="airbag1.sysml#_CtajIJkyEeOoNL1JcaDakA"/>
        </semanticModel>
        <contained xsi:type="di:EdgeObjectOffset" xmi:id="_Cs0tQpkyEeOoNL1JcaDakA" id="stereotypeEdgeObject" offset="-7,-1"/>
        <contained xsi:type="di:EdgeObjectOffset" xmi:id="_Cs0tQ5kyEeOoNL1JcaDakA" visible="false" id="middleNameEdgeObject"/>
      </contained>
      <contained xsi:type="di:GraphEdge" xmi:id="_J4PLEJkyEeOoNL1JcaDakA" anchor="_36stYJJgEeOxXciWaJrA3g _3ozmMJkxEeOoNL1JcaDakA">
        <semanticModel xsi:type="di:EMFSemanticModelBridge" xmi:id="_J4PLEZkyEeOoNL1JcaDakA" presentation="default">
          <element href="airbag1.sysml#_J4r3AJkyEeOoNL1JcaDakA"/>
        </semanticModel>
        <contained xsi:type="di:EdgeObjectOffset" xmi:id="_J4PLEpkyEeOoNL1JcaDakA" id="stereotypeEdgeObject" offset="21,-26"/>
        <contained xsi:type="di:EdgeObjectOffset" xmi:id="_J4PLE5kyEeOoNL1JcaDakA" visible="false" id="middleNameEdgeObject"/>
      </contained>
      <contained xsi:type="di:GraphEdge" xmi:id="_PQMuQJkyEeOoNL1JcaDakA" anchor="_Nfy9YZ7IEeKjC9zfFNGw9A _3ozmMJkxEeOoNL1JcaDakA">
        <semanticModel xsi:type="di:EMFSemanticModelBridge" xmi:id="_PQMuQZkyEeOoNL1JcaDakA" presentation="default">
          <element href="airbag1.sysml#_PQzLMJkyEeOoNL1JcaDakA"/>
        </semanticModel>
        <contained xsi:type="di:EdgeObjectOffset" xmi:id="_PQMuQpkyEeOoNL1JcaDakA" id="stereotypeEdgeObject" offset="8,-238"/>
        <contained xsi:type="di:EdgeObjectOffset" xmi:id="_PQMuQ5kyEeOoNL1JcaDakA" visible="false" id="middleNameEdgeObject"/>
        <waypoints>[0, 354, 140, -298]</waypoints>
      </contained>
      <contained xsi:type="di:GraphNode" xmi:id="_aHH0gJkyEeOoNL1JcaDakA" position="518,1086" size="112,-1">
        <anchorage xmi:id="_yYRsIJ0gEeOK_uvNdgNkAg" graphEdge="_yYRsIZ0gEeOK_uvNdgNkAg _HRc6cJ0hEeOK_uvNdgNkAg"/>
        <semanticModel xsi:type="di:EMFSemanticModelBridge" xmi:id="_aHH0gZkyEeOoNL1JcaDakA" presentation="default">
          <element href="airbag1.sysml#_IhK0YHnLEeOPFeVV0hjJ3A"/>
        </semanticModel>
        <contained xsi:type="di:GraphNode" xmi:id="_aHH0gpkyEeOoNL1JcaDakA">
          <property xmi:id="_aHH0g5kyEeOoNL1JcaDakA" key="eStructuralFeatureID" value="12"/>
          <semanticModel xsi:type="di:EMFSemanticModelBridge" xmi:id="_aHH0hJkyEeOoNL1JcaDakA" presentation="constraints">
            <element href="airbag1.sysml#_IhK0YHnLEeOPFeVV0hjJ3A"/>
          </semanticModel>
        </contained>
        <contained xsi:type="di:GraphNode" xmi:id="_aHH0hZkyEeOoNL1JcaDakA">
          <property xmi:id="_aHH0hpkyEeOoNL1JcaDakA" key="eStructuralFeatureID" value="47 50 "/>
          <semanticModel xsi:type="di:EMFSemanticModelBridge" xmi:id="_aHH0h5kyEeOoNL1JcaDakA" presentation="operations">
            <element href="airbag1.sysml#_IhK0YHnLEeOPFeVV0hjJ3A"/>
          </semanticModel>
        </contained>
        <contained xsi:type="di:GraphNode" xmi:id="_aHH0iJkyEeOoNL1JcaDakA">
          <property xmi:id="_aHH0iZkyEeOoNL1JcaDakA" key="eStructuralFeatureID" value="37"/>
          <semanticModel xsi:type="di:EMFSemanticModelBridge" xmi:id="_aHH0ipkyEeOoNL1JcaDakA" presentation="default">
            <element href="airbag1.sysml#_IhK0YHnLEeOPFeVV0hjJ3A"/>
          </semanticModel>
        </contained>
      </contained>
      <contained xsi:type="di:GraphNode" xmi:id="_kUiDsJkyEeOoNL1JcaDakA" position="715,1088" size="112,-1">
        <anchorage xmi:id="_NHLXsJ0hEeOK_uvNdgNkAg" graphEdge="_NHLXsZ0hEeOK_uvNdgNkAg"/>
        <semanticModel xsi:type="di:EMFSemanticModelBridge" xmi:id="_kUiDsZkyEeOoNL1JcaDakA" presentation="default">
          <element href="airbag1.sysml#_OCNbEHnLEeOPFeVV0hjJ3A"/>
        </semanticModel>
        <contained xsi:type="di:GraphNode" xmi:id="_kUiDspkyEeOoNL1JcaDakA">
          <property xmi:id="_kUiDs5kyEeOoNL1JcaDakA" key="eStructuralFeatureID" value="12"/>
          <semanticModel xsi:type="di:EMFSemanticModelBridge" xmi:id="_kUiDtJkyEeOoNL1JcaDakA" presentation="constraints">
            <element href="airbag1.sysml#_OCNbEHnLEeOPFeVV0hjJ3A"/>
          </semanticModel>
        </contained>
        <contained xsi:type="di:GraphNode" xmi:id="_kUiDtZkyEeOoNL1JcaDakA">
          <property xmi:id="_kUiDtpkyEeOoNL1JcaDakA" key="eStructuralFeatureID" value="47 50 "/>
          <semanticModel xsi:type="di:EMFSemanticModelBridge" xmi:id="_kUiDt5kyEeOoNL1JcaDakA" presentation="operations">
            <element href="airbag1.sysml#_OCNbEHnLEeOPFeVV0hjJ3A"/>
          </semanticModel>
        </contained>
        <contained xsi:type="di:GraphNode" xmi:id="_kUiDuJkyEeOoNL1JcaDakA">
          <property xmi:id="_kUiDuZkyEeOoNL1JcaDakA" key="eStructuralFeatureID" value="37"/>
          <semanticModel xsi:type="di:EMFSemanticModelBridge" xmi:id="_kUiDupkyEeOoNL1JcaDakA" presentation="default">
            <element href="airbag1.sysml#_OCNbEHnLEeOPFeVV0hjJ3A"/>
          </semanticModel>
        </contained>
      </contained>
      <contained xsi:type="di:GraphNode" xmi:id="_hdVDYJ0fEeOK_uvNdgNkAg" position="780,435" size="172,-1">
        <anchorage xmi:id="_yG_kUJ0fEeOK_uvNdgNkAg" graphEdge="_yG_kUp0fEeOK_uvNdgNkAg _60SroJ0fEeOK_uvNdgNkAg _SA58MJ0gEeOK_uvNdgNkAg"/>
        <semanticModel xsi:type="di:EMFSemanticModelBridge" xmi:id="_hdVDYZ0fEeOK_uvNdgNkAg" presentation="default">
          <element href="airbag1.sysml#_hdxvUJ0fEeOK_uvNdgNkAg"/>
        </semanticModel>
        <contained xsi:type="di:GraphNode" xmi:id="_hdVDYp0fEeOK_uvNdgNkAg">
          <property xmi:id="_hdVDY50fEeOK_uvNdgNkAg" key="eStructuralFeatureID" value="12"/>
          <semanticModel xsi:type="di:EMFSemanticModelBridge" xmi:id="_hdVDZJ0fEeOK_uvNdgNkAg" presentation="constraints">
            <element href="airbag1.sysml#_hdxvUJ0fEeOK_uvNdgNkAg"/>
          </semanticModel>
        </contained>
        <contained xsi:type="di:GraphNode" xmi:id="_hdVDZZ0fEeOK_uvNdgNkAg">
          <property xmi:id="_hdVDZp0fEeOK_uvNdgNkAg" key="eStructuralFeatureID" value="47 50 "/>
          <semanticModel xsi:type="di:EMFSemanticModelBridge" xmi:id="_hdVDZ50fEeOK_uvNdgNkAg" presentation="operations">
            <element href="airbag1.sysml#_hdxvUJ0fEeOK_uvNdgNkAg"/>
          </semanticModel>
        </contained>
        <contained xsi:type="di:GraphNode" xmi:id="_hdVDaJ0fEeOK_uvNdgNkAg">
          <property xmi:id="_hdVDaZ0fEeOK_uvNdgNkAg" key="eStructuralFeatureID" value="37"/>
          <semanticModel xsi:type="di:EMFSemanticModelBridge" xmi:id="_hdVDap0fEeOK_uvNdgNkAg" presentation="default">
            <element href="airbag1.sysml#_hdxvUJ0fEeOK_uvNdgNkAg"/>
          </semanticModel>
        </contained>
      </contained>
      <contained xsi:type="di:GraphEdge" xmi:id="_yG_kUp0fEeOK_uvNdgNkAg" anchor="_yG_kUJ0fEeOK_uvNdgNkAg _yG_kUZ0fEeOK_uvNdgNkAg">
        <semanticModel xsi:type="di:SimpleSemanticModelElement" xmi:id="_yG_kU50fEeOK_uvNdgNkAg" presentation="default" typeInfo="ContainmentLink"/>
      </contained>
      <contained xsi:type="di:GraphEdge" xmi:id="_60SroJ0fEeOK_uvNdgNkAg" anchor="_yG_kUJ0fEeOK_uvNdgNkAg _7hATcJJlEeOxXciWaJrA3g">
        <semanticModel xsi:type="di:SimpleSemanticModelElement" xmi:id="_60SroZ0fEeOK_uvNdgNkAg" presentation="default" typeInfo="ContainmentLink"/>
      </contained>
      <contained xsi:type="di:GraphEdge" xmi:id="_SA58MJ0gEeOK_uvNdgNkAg" anchor="_Nfy9YJ7IEeKjC9zfFNGw9A _yG_kUJ0fEeOK_uvNdgNkAg">
        <semanticModel xsi:type="di:SimpleSemanticModelElement" xmi:id="_SA58MZ0gEeOK_uvNdgNkAg" presentation="default" typeInfo="ContainmentLink"/>
        <waypoints>[101, 93, -5, -90]</waypoints>
      </contained>
      <contained xsi:type="di:GraphEdge" xmi:id="_yYRsIZ0gEeOK_uvNdgNkAg" anchor="_yG_kUZ0fEeOK_uvNdgNkAg _yYRsIJ0gEeOK_uvNdgNkAg">
        <semanticModel xsi:type="di:EMFSemanticModelBridge" xmi:id="_yYRsIp0gEeOK_uvNdgNkAg" presentation="default">
          <element href="airbag1.sysml#_yYlOIJ0gEeOK_uvNdgNkAg"/>
        </semanticModel>
        <contained xsi:type="di:EdgeObjectOffset" xmi:id="_yYRsI50gEeOK_uvNdgNkAg" id="stereotypeEdgeObject" offset="14,-2"/>
        <contained xsi:type="di:EdgeObjectOffset" xmi:id="_yYRsJJ0gEeOK_uvNdgNkAg" visible="false" id="middleNameEdgeObject"/>
        <waypoints>[-157, 294, 0, -143]</waypoints>
      </contained>
      <contained xsi:type="di:GraphNode" xmi:id="_9agqgJ0gEeOK_uvNdgNkAg" position="676,870" size="137,-1">
        <anchorage xmi:id="_Do7UkJ0hEeOK_uvNdgNkAg" graphEdge="_Do7UkZ0hEeOK_uvNdgNkAg _HRc6cJ0hEeOK_uvNdgNkAg"/>
        <semanticModel xsi:type="di:EMFSemanticModelBridge" xmi:id="_9agqgZ0gEeOK_uvNdgNkAg" presentation="default">
          <element href="airbag1.sysml#_9a8vYJ0gEeOK_uvNdgNkAg"/>
        </semanticModel>
        <contained xsi:type="di:GraphNode" xmi:id="_9agqgp0gEeOK_uvNdgNkAg">
          <property xmi:id="_9agqg50gEeOK_uvNdgNkAg" key="eStructuralFeatureID" value="12"/>
          <semanticModel xsi:type="di:EMFSemanticModelBridge" xmi:id="_9agqhJ0gEeOK_uvNdgNkAg" presentation="constraints">
            <element href="airbag1.sysml#_9a8vYJ0gEeOK_uvNdgNkAg"/>
          </semanticModel>
        </contained>
        <contained xsi:type="di:GraphNode" xmi:id="_9agqhZ0gEeOK_uvNdgNkAg">
          <property xmi:id="_9agqhp0gEeOK_uvNdgNkAg" key="eStructuralFeatureID" value="47 50 "/>
          <semanticModel xsi:type="di:EMFSemanticModelBridge" xmi:id="_9agqh50gEeOK_uvNdgNkAg" presentation="operations">
            <element href="airbag1.sysml#_9a8vYJ0gEeOK_uvNdgNkAg"/>
          </semanticModel>
        </contained>
        <contained xsi:type="di:GraphNode" xmi:id="_9agqiJ0gEeOK_uvNdgNkAg">
          <property xmi:id="_9agqiZ0gEeOK_uvNdgNkAg" key="eStructuralFeatureID" value="37"/>
          <semanticModel xsi:type="di:EMFSemanticModelBridge" xmi:id="_9agqip0gEeOK_uvNdgNkAg" presentation="default">
            <element href="airbag1.sysml#_9a8vYJ0gEeOK_uvNdgNkAg"/>
          </semanticModel>
        </contained>
      </contained>
      <contained xsi:type="di:GraphEdge" xmi:id="_Do7UkZ0hEeOK_uvNdgNkAg" anchor="_yG_kUZ0fEeOK_uvNdgNkAg _Do7UkJ0hEeOK_uvNdgNkAg">
        <semanticModel xsi:type="di:SimpleSemanticModelElement" xmi:id="_Do7Ukp0hEeOK_uvNdgNkAg" presentation="default" typeInfo="ContainmentLink"/>
      </contained>
      <contained xsi:type="di:GraphEdge" xmi:id="_HRc6cJ0hEeOK_uvNdgNkAg" anchor="_Do7UkJ0hEeOK_uvNdgNkAg _yYRsIJ0gEeOK_uvNdgNkAg">
        <semanticModel xsi:type="di:EMFSemanticModelBridge" xmi:id="_HRc6cZ0hEeOK_uvNdgNkAg" presentation="default">
          <element href="airbag1.sysml#_HR5mYJ0hEeOK_uvNdgNkAg"/>
        </semanticModel>
        <contained xsi:type="di:EdgeObjectOffset" xmi:id="_HRc6cp0hEeOK_uvNdgNkAg" id="stereotypeEdgeObject" offset="0,1"/>
        <contained xsi:type="di:EdgeObjectOffset" xmi:id="_HRc6c50hEeOK_uvNdgNkAg" visible="false" id="middleNameEdgeObject"/>
      </contained>
      <contained xsi:type="di:GraphEdge" xmi:id="_NHLXsZ0hEeOK_uvNdgNkAg" anchor="_7hATcJJlEeOxXciWaJrA3g _NHLXsJ0hEeOK_uvNdgNkAg">
        <semanticModel xsi:type="di:EMFSemanticModelBridge" xmi:id="_NHLXsp0hEeOK_uvNdgNkAg" presentation="default">
          <element href="airbag1.sysml#_NHnckJ0hEeOK_uvNdgNkAg"/>
        </semanticModel>
        <contained xsi:type="di:EdgeObjectOffset" xmi:id="_NHLXs50hEeOK_uvNdgNkAg" id="stereotypeEdgeObject" offset="4,56"/>
        <contained xsi:type="di:EdgeObjectOffset" xmi:id="_NHLXtJ0hEeOK_uvNdgNkAg" visible="false" id="middleNameEdgeObject"/>
      </contained>
    </diagrams>