<?xml version="1.0" encoding="UTF-8"?><diagrams xmlns:xmi="http://www.omg.org/XMI" xmlns:xsi="http://www.w3.org/2001/XMLSchema-instance" xmlns:di="http://www.topcased.org/DI/1.0" xmlns:diagrams="http://www.topcased.org/Diagrams/1.0" xmi:id="_eHJzkKsxEeKAXYs_STX4dA" position="0,0" size="100,100" name="No deploy without detection" viewport="0,0">
        <property xmi:id="_eHmfgqsxEeKAXYs_STX4dA" key="pageFormatName" value="A4"/>
        <property xmi:id="_eHmfg6sxEeKAXYs_STX4dA" key="diagramWidth" value="840"/>
        <property xmi:id="_eHmfhKsxEeKAXYs_STX4dA" key="diagramHeight" value="1188"/>
        <property xmi:id="_eHmfhasxEeKAXYs_STX4dA" key="pageMarginName" value="Small Margin"/>
        <property xmi:id="_eHmfhqsxEeKAXYs_STX4dA" key="diagramTopMargin" value="20"/>
        <property xmi:id="_eHmfh6sxEeKAXYs_STX4dA" key="diagramBottomMargin" value="20"/>
        <property xmi:id="_eHmfiKsxEeKAXYs_STX4dA" key="diagramLeftMargin" value="20"/>
        <property xmi:id="_eHmfiasxEeKAXYs_STX4dA" key="diagramRightMargin" value="20"/>
        <property xmi:id="_eHmfiqsxEeKAXYs_STX4dA" key="orientation" value="portrait"/>
        <semanticModel xsi:type="di:EMFSemanticModelBridge" xmi:id="_eHJzkasxEeKAXYs_STX4dA" presentation="org.topcased.modeler.sysml.statemachinediagram">
          <element href="airbag1.sysml#_eG24oKsxEeKAXYs_STX4dA"/>
        </semanticModel>
        <contained xsi:type="di:GraphNode" xmi:id="_eHmfgKsxEeKAXYs_STX4dA" size="-1,-1">
          <semanticModel xsi:type="di:EMFSemanticModelBridge" xmi:id="_eHmfgasxEeKAXYs_STX4dA" presentation="default">
            <element href="airbag1.sysml#_eG24oasxEeKAXYs_STX4dA"/>
          </semanticModel>
          <contained xsi:type="di:GraphNode" xmi:id="_e5vHEKsxEeKAXYs_STX4dA" position="101,77" size="180,50">
            <anchorage xmi:id="_icUdAasxEeKAXYs_STX4dA" graphEdge="_icUdAqsxEeKAXYs_STX4dA _ohENsasxEeKAXYs_STX4dA"/>
            <semanticModel xsi:type="di:EMFSemanticModelBridge" xmi:id="_e5vHEasxEeKAXYs_STX4dA" presentation="default">
              <element href="airbag1.sysml#_e5vHEqsxEeKAXYs_STX4dA"/>
            </semanticModel>
          </contained>
          <contained xsi:type="di:GraphNode" xmi:id="_hPs44KsxEeKAXYs_STX4dA" position="40,87" size="-1,-1">
            <property xmi:id="_hPs44qsxEeKAXYs_STX4dA" key="name" value="visible"/>
            <anchorage xmi:id="_icUdAKsxEeKAXYs_STX4dA" graphEdge="_icUdAqsxEeKAXYs_STX4dA"/>
            <semanticModel xsi:type="di:EMFSemanticModelBridge" xmi:id="_hPs44asxEeKAXYs_STX4dA" presentation="default">
              <element href="airbag1.sysml#_hPs446sxEeKAXYs_STX4dA"/>
            </semanticModel>
          </contained>
          <contained xsi:type="di:GraphEdge" xmi:id="_icUdAqsxEeKAXYs_STX4dA" anchor="_icUdAKsxEeKAXYs_STX4dA _icUdAasxEeKAXYs_STX4dA">
            <semanticModel xsi:type="di:EMFSemanticModelBridge" xmi:id="_icUdA6sxEeKAXYs_STX4dA" presentation="default">
              <element href="airbag1.sysml#_icUdBqsxEeKAXYs_STX4dA"/>
            </semanticModel>
            <contained xsi:type="di:EdgeObjectOffset" xmi:id="_icUdBKsxEeKAXYs_STX4dA" id="nameEdgeObject"/>
            <contained xsi:type="di:EdgeObjectOffset" xmi:id="_icUdBasxEeKAXYs_STX4dA" visible="false" id="TransitionStereotypeEdgeObject"/>
          </contained>
          <contained xsi:type="di:GraphNode" xmi:id="_lxzyIKsxEeKAXYs_STX4dA" position="403,75" size="155,50">
            <anchorage xmi:id="_ohENsKsxEeKAXYs_STX4dA" graphEdge="_ohENsasxEeKAXYs_STX4dA _7TwQoKsxEeKAXYs_STX4dA _LT0lYXnPEeOPFeVV0hjJ3A"/>
            <anchorage xmi:id="_LT0lYHnPEeOPFeVV0hjJ3A" graphEdge="_LT0lYXnPEeOPFeVV0hjJ3A"/>
            <semanticModel xsi:type="di:EMFSemanticModelBridge" xmi:id="_lxzyIasxEeKAXYs_STX4dA" presentation="default">
              <element href="airbag1.sysml#_lxzyIqsxEeKAXYs_STX4dA"/>
            </semanticModel>
          </contained>
          <contained xsi:type="di:GraphEdge" xmi:id="_ohENsasxEeKAXYs_STX4dA" anchor="_icUdAasxEeKAXYs_STX4dA _ohENsKsxEeKAXYs_STX4dA">
            <semanticModel xsi:type="di:EMFSemanticModelBridge" xmi:id="_ohENsqsxEeKAXYs_STX4dA" presentation="default">
              <element href="airbag1.sysml#_ohENtasxEeKAXYs_STX4dA"/>
            </semanticModel>
            <contained xsi:type="di:EdgeObjectOffset" xmi:id="_ohENs6sxEeKAXYs_STX4dA" id="nameEdgeObject" offset="-1,-12"/>
            <contained xsi:type="di:EdgeObjectOffset" xmi:id="_ohENtKsxEeKAXYs_STX4dA" visible="false" id="TransitionStereotypeEdgeObject"/>
          </contained>
          <contained xsi:type="di:GraphNode" xmi:id="_1xErMKsxEeKAXYs_STX4dA" position="413,217" size="148,50">
            <anchorage xmi:id="_7TnGsKsxEeKAXYs_STX4dA" graphEdge="_7TwQoKsxEeKAXYs_STX4dA _fvPgsXnPEeOPFeVV0hjJ3A _wxmOcHnPEeOPFeVV0hjJ3A"/>
            <anchorage xmi:id="_fvPgsHnPEeOPFeVV0hjJ3A" graphEdge="_fvPgsXnPEeOPFeVV0hjJ3A _wxmOcHnPEeOPFeVV0hjJ3A"/>
            <semanticModel xsi:type="di:EMFSemanticModelBridge" xmi:id="_1xErMasxEeKAXYs_STX4dA" presentation="default">
              <element href="airbag1.sysml#_1xErMqsxEeKAXYs_STX4dA"/>
            </semanticModel>
          </contained>
          <contained xsi:type="di:GraphEdge" xmi:id="_7TwQoKsxEeKAXYs_STX4dA" anchor="_ohENsKsxEeKAXYs_STX4dA _7TnGsKsxEeKAXYs_STX4dA">
            <semanticModel xsi:type="di:EMFSemanticModelBridge" xmi:id="_7TwQoasxEeKAXYs_STX4dA" presentation="default">
              <element href="airbag1.sysml#_7TwQpKsxEeKAXYs_STX4dA"/>
            </semanticModel>
            <contained xsi:type="di:EdgeObjectOffset" xmi:id="_7TwQoqsxEeKAXYs_STX4dA" id="nameEdgeObject" offset="31,0"/>
            <contained xsi:type="di:EdgeObjectOffset" xmi:id="_7TwQo6sxEeKAXYs_STX4dA" visible="false" id="TransitionStereotypeEdgeObject"/>
          </contained>
          <contained xsi:type="di:GraphEdge" xmi:id="_LT0lYXnPEeOPFeVV0hjJ3A" anchor="_ohENsKsxEeKAXYs_STX4dA _LT0lYHnPEeOPFeVV0hjJ3A">
            <semanticModel xsi:type="di:EMFSemanticModelBridge" xmi:id="_LT0lYnnPEeOPFeVV0hjJ3A" presentation="default">
              <element href="airbag1.sysml#_LT0lZXnPEeOPFeVV0hjJ3A"/>
            </semanticModel>
            <contained xsi:type="di:EdgeObjectOffset" xmi:id="_LT0lY3nPEeOPFeVV0hjJ3A" id="nameEdgeObject" offset="-63,-15"/>
            <contained xsi:type="di:EdgeObjectOffset" xmi:id="_LT0lZHnPEeOPFeVV0hjJ3A" visible="false" id="TransitionStereotypeEdgeObject"/>
            <waypoints>[9, -45, 9, -45]</waypoints>
            <waypoints>[146, -45, 146, -45]</waypoints>
            <waypoints>[146, 0, 146, 0]</waypoints>
          </contained>
          <contained xsi:type="di:GraphEdge" xmi:id="_fvPgsXnPEeOPFeVV0hjJ3A" anchor="_7TnGsKsxEeKAXYs_STX4dA _fvPgsHnPEeOPFeVV0hjJ3A">
            <semanticModel xsi:type="di:EMFSemanticModelBridge" xmi:id="_fvPgsnnPEeOPFeVV0hjJ3A" presentation="default">
              <element href="airbag1.sysml#_fvPgtXnPEeOPFeVV0hjJ3A"/>
            </semanticModel>
            <contained xsi:type="di:EdgeObjectOffset" xmi:id="_fvPgs3nPEeOPFeVV0hjJ3A" id="nameEdgeObject" offset="-18,-67"/>
            <contained xsi:type="di:EdgeObjectOffset" xmi:id="_fvPgtHnPEeOPFeVV0hjJ3A" visible="false" id="TransitionStereotypeEdgeObject"/>
            <waypoints>[136, 0, 136, 0]</waypoints>
            <waypoints>[136, 52, 136, 52]</waypoints>
            <waypoints>[0, 52, 0, 52]</waypoints>
          </contained>
          <contained xsi:type="di:GraphEdge" xmi:id="_wxmOcHnPEeOPFeVV0hjJ3A" anchor="_7TnGsKsxEeKAXYs_STX4dA _fvPgsHnPEeOPFeVV0hjJ3A">
            <semanticModel xsi:type="di:EMFSemanticModelBridge" xmi:id="_wxmOcXnPEeOPFeVV0hjJ3A" presentation="default">
              <element href="airbag1.sysml#_wxmOdHnPEeOPFeVV0hjJ3A"/>
            </semanticModel>
            <contained xsi:type="di:EdgeObjectOffset" xmi:id="_wxmOcnnPEeOPFeVV0hjJ3A" id="nameEdgeObject" offset="17,-25"/>
            <contained xsi:type="di:EdgeObjectOffset" xmi:id="_wxmOc3nPEeOPFeVV0hjJ3A" visible="false" id="TransitionStereotypeEdgeObject"/>
            <waypoints>[-145, -8, -145, -8]</waypoints>
            <waypoints>[-145, 8, -145, 8]</waypoints>
          </contained>
        </contained>
      </diagrams>