<?xml version="1.0" encoding="UTF-8"?><diagrams xmlns:xmi="http://www.omg.org/XMI" xmlns:xsi="http://www.w3.org/2001/XMLSchema-instance" xmlns:di="http://www.topcased.org/DI/1.0" xmlns:diagrams="http://www.topcased.org/Diagrams/1.0" xmi:id="_uh9m4Ks2EeKAXYs_STX4dA" position="0,0" size="100,100" name="TSR_p1" zoom="0.75" viewport="0,469">
      <property xmi:id="_ujc0oKs2EeKAXYs_STX4dA" key="pageFormatName" value="A3"/>
      <property xmi:id="_ujvvkKs2EeKAXYs_STX4dA" key="diagramWidth" value="1188"/>
      <property xmi:id="_uj5gkKs2EeKAXYs_STX4dA" key="diagramHeight" value="1680"/>
      <property xmi:id="_ukMbgKs2EeKAXYs_STX4dA" key="pageMarginName" value=""/>
      <property xmi:id="_ukWMgKs2EeKAXYs_STX4dA" key="diagramTopMargin" value="20"/>
      <property xmi:id="_ukpHcKs2EeKAXYs_STX4dA" key="diagramBottomMargin" value="20"/>
      <property xmi:id="_ukyRYKs2EeKAXYs_STX4dA" key="diagramLeftMargin" value="20"/>
      <property xmi:id="_ulFzYKs2EeKAXYs_STX4dA" key="diagramRightMargin" value="20"/>
      <property xmi:id="_ulO9UKs2EeKAXYs_STX4dA" key="orientation" value="portrait"/>
      <semanticModel xsi:type="di:EMFSemanticModelBridge" xmi:id="_uh9m4as2EeKAXYs_STX4dA" presentation="org.topcased.modeler.sysml.requirementdiagram">
        <element href="airbag1.sysml#idPackage"/>
      </semanticModel>
      <contained xsi:type="di:GraphNode" xmi:id="_8u24kIsQEeO6vI6VTIg-DA" position="113,34" size="667,-1">
        <anchorage xmi:id="_JMBHYYsSEeO6vI6VTIg-DA" graphEdge="_JMBHYosSEeO6vI6VTIg-DA"/>
        <semanticModel xsi:type="di:EMFSemanticModelBridge" xmi:id="_8u24kYsQEeO6vI6VTIg-DA" presentation="default">
          <element href="airbag1.sysml#_bNRVEIsMEeO6vI6VTIg-DA"/>
        </semanticModel>
      </contained>
      <contained xsi:type="di:GraphNode" xmi:id="_E5h-gIsSEeO6vI6VTIg-DA" position="111,176" size="671,-1">
        <anchorage xmi:id="_JMBHYIsSEeO6vI6VTIg-DA" graphEdge="_JMBHYosSEeO6vI6VTIg-DA _Or9lUY9ZEeOfsO5PIlXvBQ _Zs1VgY_MEeOWUNI5RltWDA _yLTaEI_NEeOWUNI5RltWDA"/>
        <semanticModel xsi:type="di:EMFSemanticModelBridge" xmi:id="_E5h-gYsSEeO6vI6VTIg-DA" presentation="default">
          <element href="airbag1.sysml#_xehXUIsREeO6vI6VTIg-DA"/>
        </semanticModel>
      </contained>
      <contained xsi:type="di:GraphEdge" xmi:id="_JMBHYosSEeO6vI6VTIg-DA" anchor="_JMBHYIsSEeO6vI6VTIg-DA _JMBHYYsSEeO6vI6VTIg-DA">
        <semanticModel xsi:type="di:EMFSemanticModelBridge" xmi:id="_JMBHY4sSEeO6vI6VTIg-DA" presentation="default">
          <element href="airbag1.sysml#_JMdMQIsSEeO6vI6VTIg-DA"/>
        </semanticModel>
        <contained xsi:type="di:EdgeObjectOffset" xmi:id="_JMBHZIsSEeO6vI6VTIg-DA" id="stereotypeEdgeObject"/>
      </contained>
      <contained xsi:type="di:GraphNode" xmi:id="_7H59YIzHEeOrj5Ot3iU2Sg" position="9,352" size="408,-1">
        <anchorage xmi:id="_Or9lUI9ZEeOfsO5PIlXvBQ" graphEdge="_Or9lUY9ZEeOfsO5PIlXvBQ _dpzuUZJyEeOxXciWaJrA3g _XTQmgZJzEeOxXciWaJrA3g"/>
        <semanticModel xsi:type="di:EMFSemanticModelBridge" xmi:id="_7H59YYzHEeOrj5Ot3iU2Sg" presentation="default">
          <element href="airbag1.sysml#_7IDHUIzHEeOrj5Ot3iU2Sg"/>
        </semanticModel>
      </contained>
      <contained xsi:type="di:GraphEdge" xmi:id="_Or9lUY9ZEeOfsO5PIlXvBQ" anchor="_Or9lUI9ZEeOfsO5PIlXvBQ _JMBHYIsSEeO6vI6VTIg-DA">
        <semanticModel xsi:type="di:EMFSemanticModelBridge" xmi:id="_Or9lUo9ZEeOfsO5PIlXvBQ" presentation="default">
          <element href="airbag1.sysml#_OsQgQI9ZEeOfsO5PIlXvBQ"/>
        </semanticModel>
        <contained xsi:type="di:EdgeObjectOffset" xmi:id="_Or9lU49ZEeOfsO5PIlXvBQ" id="stereotypeEdgeObject"/>
      </contained>
      <contained xsi:type="di:GraphNode" xmi:id="_0n3qgI_KEeOWUNI5RltWDA" position="811,333" size="231,-1">
        <anchorage xmi:id="_Zs1VgI_MEeOWUNI5RltWDA" graphEdge="_Zs1VgY_MEeOWUNI5RltWDA"/>
        <semanticModel xsi:type="di:EMFSemanticModelBridge" xmi:id="_0n3qgY_KEeOWUNI5RltWDA" presentation="default">
          <element href="airbag1.sysml#_0oUWcI_KEeOWUNI5RltWDA"/>
        </semanticModel>
      </contained>
      <contained xsi:type="di:GraphEdge" xmi:id="_Zs1VgY_MEeOWUNI5RltWDA" anchor="_Zs1VgI_MEeOWUNI5RltWDA _JMBHYIsSEeO6vI6VTIg-DA">
        <semanticModel xsi:type="di:EMFSemanticModelBridge" xmi:id="_Zs1Vgo_MEeOWUNI5RltWDA" presentation="default">
          <element href="airbag1.sysml#_ZtSBcI_MEeOWUNI5RltWDA"/>
        </semanticModel>
        <contained xsi:type="di:EdgeObjectOffset" xmi:id="_Zs1Vg4_MEeOWUNI5RltWDA" id="stereotypeEdgeObject"/>
      </contained>
      <contained xsi:type="di:GraphNode" xmi:id="_VkfxsI_NEeOWUNI5RltWDA" position="431,353" size="356,-1">
        <anchorage xmi:id="_yLJpEI_NEeOWUNI5RltWDA" graphEdge="_yLTaEI_NEeOWUNI5RltWDA"/>
        <semanticModel xsi:type="di:EMFSemanticModelBridge" xmi:id="_VkfxsY_NEeOWUNI5RltWDA" presentation="default">
          <element href="airbag1.sysml#_Vk8doI_NEeOWUNI5RltWDA"/>
        </semanticModel>
      </contained>
      <contained xsi:type="di:GraphEdge" xmi:id="_yLTaEI_NEeOWUNI5RltWDA" anchor="_yLJpEI_NEeOWUNI5RltWDA _JMBHYIsSEeO6vI6VTIg-DA">
        <semanticModel xsi:type="di:EMFSemanticModelBridge" xmi:id="_yLTaEY_NEeOWUNI5RltWDA" presentation="default">
          <element href="airbag1.sysml#_yLwGAI_NEeOWUNI5RltWDA"/>
        </semanticModel>
        <contained xsi:type="di:EdgeObjectOffset" xmi:id="_yLTaEo_NEeOWUNI5RltWDA" id="stereotypeEdgeObject"/>
      </contained>
      <contained xsi:type="di:GraphNode" xmi:id="_h1x8UJJuEeOxXciWaJrA3g" position="3,537" size="403,-1">
        <anchorage xmi:id="_dpzuUJJyEeOxXciWaJrA3g" graphEdge="_dpzuUZJyEeOxXciWaJrA3g _SOSNgZgVEeOuA--HTLcmKg _TFVKQZgVEeOuA--HTLcmKg _9y-4IdJvEeSmYZQ6osQPtg"/>
        <semanticModel xsi:type="di:EMFSemanticModelBridge" xmi:id="_h1x8UZJuEeOxXciWaJrA3g" presentation="default">
          <element href="airbag1.sysml#_h2XyMJJuEeOxXciWaJrA3g"/>
        </semanticModel>
      </contained>
      <contained xsi:type="di:GraphNode" xmi:id="_ArtHoJJvEeOxXciWaJrA3g" position="462,505" size="427,-1">
        <anchorage xmi:id="_XTQmgJJzEeOxXciWaJrA3g" graphEdge="_XTQmgZJzEeOxXciWaJrA3g"/>
        <semanticModel xsi:type="di:EMFSemanticModelBridge" xmi:id="_ArtHoZJvEeOxXciWaJrA3g" presentation="default">
          <element href="airbag1.sysml#_AsJzkJJvEeOxXciWaJrA3g"/>
        </semanticModel>
      </contained>
      <contained xsi:type="di:GraphEdge" xmi:id="_dpzuUZJyEeOxXciWaJrA3g" anchor="_dpzuUJJyEeOxXciWaJrA3g _Or9lUI9ZEeOfsO5PIlXvBQ">
        <semanticModel xsi:type="di:EMFSemanticModelBridge" xmi:id="_dpzuUpJyEeOxXciWaJrA3g" presentation="default">
          <element href="airbag1.sysml#_dqQaQJJyEeOxXciWaJrA3g"/>
        </semanticModel>
        <contained xsi:type="di:EdgeObjectOffset" xmi:id="_dpzuU5JyEeOxXciWaJrA3g" id="stereotypeEdgeObject"/>
      </contained>
      <contained xsi:type="di:GraphEdge" xmi:id="_XTQmgZJzEeOxXciWaJrA3g" anchor="_XTQmgJJzEeOxXciWaJrA3g _Or9lUI9ZEeOfsO5PIlXvBQ">
        <semanticModel xsi:type="di:EMFSemanticModelBridge" xmi:id="_XTQmgpJzEeOxXciWaJrA3g" presentation="default">
          <element href="airbag1.sysml#_XT2cYJJzEeOxXciWaJrA3g"/>
        </semanticModel>
        <contained xsi:type="di:EdgeObjectOffset" xmi:id="_XTQmg5JzEeOxXciWaJrA3g" id="stereotypeEdgeObject"/>
      </contained>
      <contained xsi:type="di:GraphNode" xmi:id="_hlXxQJL8EeOonalRpHtFwQ" position="7,688" size="228,-1">
        <anchorage xmi:id="_SOSNgJgVEeOuA--HTLcmKg" graphEdge="_SOSNgZgVEeOuA--HTLcmKg _9ExHMZ0kEeOK_uvNdgNkAg"/>
        <semanticModel xsi:type="di:EMFSemanticModelBridge" xmi:id="_hlXxQZL8EeOonalRpHtFwQ" presentation="default">
          <element href="airbag1.sysml#_hmHYIJL8EeOonalRpHtFwQ"/>
        </semanticModel>
      </contained>
      <contained xsi:type="di:GraphNode" xmi:id="_DOCfEJL_EeOonalRpHtFwQ" position="272,692" size="284,-1">
        <anchorage xmi:id="_TFVKQJgVEeOuA--HTLcmKg" graphEdge="_TFVKQZgVEeOuA--HTLcmKg _EaJZUJ0lEeOK_uvNdgNkAg _E7Lp0Z0lEeOK_uvNdgNkAg"/>
        <semanticModel xsi:type="di:EMFSemanticModelBridge" xmi:id="_DOCfEZL_EeOonalRpHtFwQ" presentation="default">
          <element href="airbag1.sysml#_DOoU8JL_EeOonalRpHtFwQ"/>
        </semanticModel>
      </contained>
      <contained xsi:type="di:GraphEdge" xmi:id="_SOSNgZgVEeOuA--HTLcmKg" anchor="_SOSNgJgVEeOuA--HTLcmKg _dpzuUJJyEeOxXciWaJrA3g">
        <semanticModel xsi:type="di:EMFSemanticModelBridge" xmi:id="_SOSNgpgVEeOuA--HTLcmKg" presentation="default">
          <element href="airbag1.sysml#_SPB0YJgVEeOuA--HTLcmKg"/>
        </semanticModel>
        <contained xsi:type="di:EdgeObjectOffset" xmi:id="_SOSNg5gVEeOuA--HTLcmKg" id="stereotypeEdgeObject"/>
      </contained>
      <contained xsi:type="di:GraphEdge" xmi:id="_TFVKQZgVEeOuA--HTLcmKg" anchor="_TFVKQJgVEeOuA--HTLcmKg _dpzuUJJyEeOxXciWaJrA3g">
        <semanticModel xsi:type="di:EMFSemanticModelBridge" xmi:id="_TFVKQpgVEeOuA--HTLcmKg" presentation="default">
          <element href="airbag1.sysml#_TGExIJgVEeOuA--HTLcmKg"/>
        </semanticModel>
        <contained xsi:type="di:EdgeObjectOffset" xmi:id="_TFVKQ5gVEeOuA--HTLcmKg" id="stereotypeEdgeObject"/>
      </contained>
      <contained xsi:type="di:GraphNode" xmi:id="_0fM_kJ0kEeOK_uvNdgNkAg" position="506,936" size="95,56">
        <anchorage xmi:id="_E7Lp0J0lEeOK_uvNdgNkAg" graphEdge="_E7Lp0Z0lEeOK_uvNdgNkAg _eGDW4NJwEeSmYZQ6osQPtg"/>
        <semanticModel xsi:type="di:EMFSemanticModelBridge" xmi:id="_0fM_kZ0kEeOK_uvNdgNkAg" presentation="default">
          <element href="airbag1.sysml#_RjkecHnKEeOPFeVV0hjJ3A"/>
        </semanticModel>
      </contained>
      <contained xsi:type="di:GraphNode" xmi:id="_1cpfQJ0kEeOK_uvNdgNkAg" position="341,934" size="95,56">
        <anchorage xmi:id="_9ExHMJ0kEeOK_uvNdgNkAg" graphEdge="_9ExHMZ0kEeOK_uvNdgNkAg _EaJZUJ0lEeOK_uvNdgNkAg"/>
        <semanticModel xsi:type="di:EMFSemanticModelBridge" xmi:id="_1cpfQZ0kEeOK_uvNdgNkAg" presentation="default">
          <element href="airbag1.sysml#_MXOWUJ7JEeKjC9zfFNGw9A"/>
        </semanticModel>
      </contained>
      <contained xsi:type="di:GraphEdge" xmi:id="_9ExHMZ0kEeOK_uvNdgNkAg" anchor="_9ExHMJ0kEeOK_uvNdgNkAg _SOSNgJgVEeOuA--HTLcmKg">
        <semanticModel xsi:type="di:EMFSemanticModelBridge" xmi:id="_9ExHMp0kEeOK_uvNdgNkAg" presentation="default">
          <element href="airbag1.sysml#_9FECIJ0kEeOK_uvNdgNkAg"/>
        </semanticModel>
        <contained xsi:type="di:EdgeObjectOffset" xmi:id="_9ExHM50kEeOK_uvNdgNkAg" id="stereotypeEdgeObject"/>
      </contained>
      <contained xsi:type="di:GraphEdge" xmi:id="_EaJZUJ0lEeOK_uvNdgNkAg" anchor="_9ExHMJ0kEeOK_uvNdgNkAg _TFVKQJgVEeOuA--HTLcmKg">
        <semanticModel xsi:type="di:EMFSemanticModelBridge" xmi:id="_EaJZUZ0lEeOK_uvNdgNkAg" presentation="default">
          <element href="airbag1.sysml#_EamFQJ0lEeOK_uvNdgNkAg"/>
        </semanticModel>
        <contained xsi:type="di:EdgeObjectOffset" xmi:id="_EaJZUp0lEeOK_uvNdgNkAg" id="stereotypeEdgeObject"/>
      </contained>
      <contained xsi:type="di:GraphEdge" xmi:id="_E7Lp0Z0lEeOK_uvNdgNkAg" anchor="_E7Lp0J0lEeOK_uvNdgNkAg _TFVKQJgVEeOuA--HTLcmKg">
        <semanticModel xsi:type="di:EMFSemanticModelBridge" xmi:id="_E7Lp0p0lEeOK_uvNdgNkAg" presentation="default">
          <element href="airbag1.sysml#_E7nusJ0lEeOK_uvNdgNkAg"/>
        </semanticModel>
        <contained xsi:type="di:EdgeObjectOffset" xmi:id="_E7Lp050lEeOK_uvNdgNkAg" id="stereotypeEdgeObject"/>
      </contained>
      <contained xsi:type="di:GraphNode" xmi:id="_NUqXkM-iEeSMN_LOZR19Kw" position="604,693" size="231,-1">
        <anchorage xmi:id="_9y-4INJvEeSmYZQ6osQPtg" graphEdge="_9y-4IdJvEeSmYZQ6osQPtg _eGDW4NJwEeSmYZQ6osQPtg"/>
        <semanticModel xsi:type="di:EMFSemanticModelBridge" xmi:id="_NUqXkc-iEeSMN_LOZR19Kw" presentation="default">
          <element href="airbag1.sysml#_NU-goM-iEeSMN_LOZR19Kw"/>
        </semanticModel>
      </contained>
      <contained xsi:type="di:GraphEdge" xmi:id="_9y-4IdJvEeSmYZQ6osQPtg" anchor="_9y-4INJvEeSmYZQ6osQPtg _dpzuUJJyEeOxXciWaJrA3g">
        <semanticModel xsi:type="di:EMFSemanticModelBridge" xmi:id="_9y-4ItJvEeSmYZQ6osQPtg" presentation="default">
          <element href="airbag1.sysml#_9zkuANJvEeSmYZQ6osQPtg"/>
        </semanticModel>
        <contained xsi:type="di:EdgeObjectOffset" xmi:id="_9y-4I9JvEeSmYZQ6osQPtg" id="stereotypeEdgeObject"/>
        <waypoints>[-172, -112, 343, 74]</waypoints>
      </contained>
      <contained xsi:type="di:GraphEdge" xmi:id="_eGDW4NJwEeSmYZQ6osQPtg" anchor="_E7Lp0J0lEeOK_uvNdgNkAg _9y-4INJvEeSmYZQ6osQPtg">
        <semanticModel xsi:type="di:EMFSemanticModelBridge" xmi:id="_eGDW4dJwEeSmYZQ6osQPtg" presentation="default">
          <element href="airbag1.sysml#_eGfbwNJwEeSmYZQ6osQPtg"/>
        </semanticModel>
        <contained xsi:type="di:EdgeObjectOffset" xmi:id="_eGDW4tJwEeSmYZQ6osQPtg" id="stereotypeEdgeObject"/>
      </contained>
    </diagrams>