<?xml version="1.0" encoding="UTF-8"?><diagrams xmlns:xmi="http://www.omg.org/XMI" xmlns:xsi="http://www.w3.org/2001/XMLSchema-instance" xmlns:di="http://www.topcased.org/DI/1.0" xmlns:diagrams="http://www.topcased.org/Diagrams/1.0" xmi:id="_Epq6I5MAEeOonalRpHtFwQ" position="0,0" size="100,100" name="No_both_sw_closed_in_diag_mode" viewport="0,378">
        <property xmi:id="_EqahApMAEeOonalRpHtFwQ" key="pageFormatName" value="A4"/>
        <property xmi:id="_EqahA5MAEeOonalRpHtFwQ" key="diagramWidth" value="840"/>
        <property xmi:id="_EqahBJMAEeOonalRpHtFwQ" key="diagramHeight" value="1188"/>
        <property xmi:id="_EqahBZMAEeOonalRpHtFwQ" key="pageMarginName" value="Small Margin"/>
        <property xmi:id="_EqahBpMAEeOonalRpHtFwQ" key="diagramTopMargin" value="20"/>
        <property xmi:id="_EqahB5MAEeOonalRpHtFwQ" key="diagramBottomMargin" value="20"/>
        <property xmi:id="_EqahCJMAEeOonalRpHtFwQ" key="diagramLeftMargin" value="20"/>
        <property xmi:id="_EqahCZMAEeOonalRpHtFwQ" key="diagramRightMargin" value="20"/>
        <property xmi:id="_EqahCpMAEeOonalRpHtFwQ" key="orientation" value="portrait"/>
        <semanticModel xsi:type="di:EMFSemanticModelBridge" xmi:id="_Epq6JJMAEeOonalRpHtFwQ" presentation="org.topcased.modeler.sysml.statemachinediagram">
          <element href="airbag1.sysml#_Epq6IJMAEeOonalRpHtFwQ"/>
        </semanticModel>
        <contained xsi:type="di:GraphNode" xmi:id="_EqahAJMAEeOonalRpHtFwQ" size="-1,-1">
          <semanticModel xsi:type="di:EMFSemanticModelBridge" xmi:id="_EqahAZMAEeOonalRpHtFwQ" presentation="default">
            <element href="airbag1.sysml#_Epq6IZMAEeOonalRpHtFwQ"/>
          </semanticModel>
          <contained xsi:type="di:GraphNode" xmi:id="_3RUxAJiGEeOvY4TV1SRGNQ" position="59,74" size="689,539">
            <anchorage xmi:id="_8Bkz8ZiGEeOvY4TV1SRGNQ" graphEdge="_8Bkz8piGEeOvY4TV1SRGNQ _AbMfkZiHEeOvY4TV1SRGNQ _VlzfUJiLEeOvY4TV1SRGNQ _Ya3A4JiLEeOvY4TV1SRGNQ"/>
            <anchorage xmi:id="_AbMfkJiHEeOvY4TV1SRGNQ" graphEdge="_AbMfkZiHEeOvY4TV1SRGNQ"/>
            <semanticModel xsi:type="di:EMFSemanticModelBridge" xmi:id="_3RUxAZiGEeOvY4TV1SRGNQ" presentation="default">
              <element href="airbag1.sysml#_3Rxc8JiGEeOvY4TV1SRGNQ"/>
            </semanticModel>
            <contained xsi:type="di:GraphNode" xmi:id="_3RUxApiGEeOvY4TV1SRGNQ">
              <semanticModel xsi:type="di:EMFSemanticModelBridge" xmi:id="_3RUxA5iGEeOvY4TV1SRGNQ" presentation="default">
                <element href="airbag1.sysml#_3Rxc8ZiGEeOvY4TV1SRGNQ"/>
              </semanticModel>
              <contained xsi:type="di:GraphNode" xmi:id="_KrJFYJiHEeOvY4TV1SRGNQ" position="256,11" size="197,162">
                <anchorage xmi:id="_kMh08ZiHEeOvY4TV1SRGNQ" graphEdge="_kMh08piHEeOvY4TV1SRGNQ"/>
                <semanticModel xsi:type="di:EMFSemanticModelBridge" xmi:id="_KrJFYZiHEeOvY4TV1SRGNQ" presentation="default">
                  <element href="airbag1.sysml#_KrJFZJiHEeOvY4TV1SRGNQ"/>
                </semanticModel>
                <contained xsi:type="di:GraphNode" xmi:id="_KrJFYpiHEeOvY4TV1SRGNQ">
                  <semanticModel xsi:type="di:EMFSemanticModelBridge" xmi:id="_KrJFY5iHEeOvY4TV1SRGNQ" presentation="default">
                    <element href="airbag1.sysml#_KrJFZZiHEeOvY4TV1SRGNQ"/>
                  </semanticModel>
                  <contained xsi:type="di:GraphNode" xmi:id="_MtUYgJiHEeOvY4TV1SRGNQ" position="46,1" size="50,34">
                    <anchorage xmi:id="_YZRz4JiIEeOvY4TV1SRGNQ" graphEdge="_YZRz4ZiIEeOvY4TV1SRGNQ _b85roJiIEeOvY4TV1SRGNQ _Ji0rEJiKEeOvY4TV1SRGNQ _R1Mw8JiKEeOvY4TV1SRGNQ _xGWfsJiKEeOvY4TV1SRGNQ _5r7OYJiKEeOvY4TV1SRGNQ"/>
                    <semanticModel xsi:type="di:EMFSemanticModelBridge" xmi:id="_MtUYgZiHEeOvY4TV1SRGNQ" presentation="default">
                      <element href="airbag1.sysml#_MtUYgpiHEeOvY4TV1SRGNQ"/>
                    </semanticModel>
                  </contained>
                  <contained xsi:type="di:GraphNode" xmi:id="_P9mdgJiHEeOvY4TV1SRGNQ" position="45,66" size="52,33">
                    <anchorage xmi:id="_ZbjlsZiHEeOvY4TV1SRGNQ" graphEdge="_ZbjlspiHEeOvY4TV1SRGNQ _YZRz4ZiIEeOvY4TV1SRGNQ _b85roJiIEeOvY4TV1SRGNQ _VklMwJiKEeOvY4TV1SRGNQ _YbRtEJiKEeOvY4TV1SRGNQ _BDPaMJiLEeOvY4TV1SRGNQ _FIL2UJiLEeOvY4TV1SRGNQ"/>
                    <semanticModel xsi:type="di:EMFSemanticModelBridge" xmi:id="_P9mdgZiHEeOvY4TV1SRGNQ" presentation="default">
                      <element href="airbag1.sysml#_P9wOgJiHEeOvY4TV1SRGNQ"/>
                    </semanticModel>
                  </contained>
                  <contained xsi:type="di:GraphNode" xmi:id="_XA-ZoJiHEeOvY4TV1SRGNQ" position="10,68" size="-1,-1">
                    <property xmi:id="_XA-ZopiHEeOvY4TV1SRGNQ" key="name" value="visible"/>
                    <anchorage xmi:id="_ZbjlsJiHEeOvY4TV1SRGNQ" graphEdge="_ZbjlspiHEeOvY4TV1SRGNQ"/>
                    <semanticModel xsi:type="di:EMFSemanticModelBridge" xmi:id="_XA-ZoZiHEeOvY4TV1SRGNQ" presentation="default">
                      <element href="airbag1.sysml#_XBIKoJiHEeOvY4TV1SRGNQ"/>
                    </semanticModel>
                  </contained>
                  <contained xsi:type="di:GraphEdge" xmi:id="_ZbjlspiHEeOvY4TV1SRGNQ" anchor="_ZbjlsJiHEeOvY4TV1SRGNQ _ZbjlsZiHEeOvY4TV1SRGNQ">
                    <semanticModel xsi:type="di:EMFSemanticModelBridge" xmi:id="_Zbjls5iHEeOvY4TV1SRGNQ" presentation="default">
                      <element href="airbag1.sysml#_ZbjltpiHEeOvY4TV1SRGNQ"/>
                    </semanticModel>
                    <contained xsi:type="di:EdgeObjectOffset" xmi:id="_ZbjltJiHEeOvY4TV1SRGNQ" id="nameEdgeObject" offset="-1,-15"/>
                    <contained xsi:type="di:EdgeObjectOffset" xmi:id="_ZbjltZiHEeOvY4TV1SRGNQ" visible="false" id="TransitionStereotypeEdgeObject"/>
                  </contained>
                  <contained xsi:type="di:GraphEdge" xmi:id="_YZRz4ZiIEeOvY4TV1SRGNQ" anchor="_YZRz4JiIEeOvY4TV1SRGNQ _ZbjlsZiHEeOvY4TV1SRGNQ">
                    <semanticModel xsi:type="di:EMFSemanticModelBridge" xmi:id="_YZRz4piIEeOvY4TV1SRGNQ" presentation="default">
                      <element href="airbag1.sysml#_YZRz5ZiIEeOvY4TV1SRGNQ"/>
                    </semanticModel>
                    <contained xsi:type="di:EdgeObjectOffset" xmi:id="_YZRz45iIEeOvY4TV1SRGNQ" id="nameEdgeObject"/>
                    <contained xsi:type="di:EdgeObjectOffset" xmi:id="_YZRz5JiIEeOvY4TV1SRGNQ" visible="false" id="TransitionStereotypeEdgeObject"/>
                  </contained>
                  <contained xsi:type="di:GraphEdge" xmi:id="_b85roJiIEeOvY4TV1SRGNQ" anchor="_ZbjlsZiHEeOvY4TV1SRGNQ _YZRz4JiIEeOvY4TV1SRGNQ">
                    <semanticModel xsi:type="di:EMFSemanticModelBridge" xmi:id="_b85roZiIEeOvY4TV1SRGNQ" presentation="default">
                      <element href="airbag1.sysml#_b85rpJiIEeOvY4TV1SRGNQ"/>
                    </semanticModel>
                    <contained xsi:type="di:EdgeObjectOffset" xmi:id="_b85ropiIEeOvY4TV1SRGNQ" id="nameEdgeObject" offset="28,0"/>
                    <contained xsi:type="di:EdgeObjectOffset" xmi:id="_b85ro5iIEeOvY4TV1SRGNQ" visible="false" id="TransitionStereotypeEdgeObject"/>
                    <waypoints>[56, 0, 56, 64]</waypoints>
                    <waypoints>[56, -64, 56, 0]</waypoints>
                  </contained>
                </contained>
              </contained>
              <contained xsi:type="di:GraphNode" xmi:id="_gmOcoJiHEeOvY4TV1SRGNQ" position="152,11" size="-1,-1">
                <property xmi:id="_gmOcopiHEeOvY4TV1SRGNQ" key="name" value="visible"/>
                <anchorage xmi:id="_kMh08JiHEeOvY4TV1SRGNQ" graphEdge="_kMh08piHEeOvY4TV1SRGNQ"/>
                <semanticModel xsi:type="di:EMFSemanticModelBridge" xmi:id="_gmOcoZiHEeOvY4TV1SRGNQ" presentation="default">
                  <element href="airbag1.sysml#_gmOco5iHEeOvY4TV1SRGNQ"/>
                </semanticModel>
              </contained>
              <contained xsi:type="di:GraphEdge" xmi:id="_kMh08piHEeOvY4TV1SRGNQ" anchor="_kMh08JiHEeOvY4TV1SRGNQ _kMh08ZiHEeOvY4TV1SRGNQ">
                <semanticModel xsi:type="di:EMFSemanticModelBridge" xmi:id="_kMh085iHEeOvY4TV1SRGNQ" presentation="default">
                  <element href="airbag1.sysml#_kMh09piHEeOvY4TV1SRGNQ"/>
                </semanticModel>
                <contained xsi:type="di:EdgeObjectOffset" xmi:id="_kMh09JiHEeOvY4TV1SRGNQ" id="nameEdgeObject" offset="-5,-14"/>
                <contained xsi:type="di:EdgeObjectOffset" xmi:id="_kMh09ZiHEeOvY4TV1SRGNQ" visible="false" id="TransitionStereotypeEdgeObject"/>
              </contained>
              <contained xsi:type="di:GraphNode" xmi:id="_0JHNcJiHEeOvY4TV1SRGNQ" position="291,418" size="97,50">
                <anchorage xmi:id="_fpEJcJiKEeOvY4TV1SRGNQ" graphEdge="_fpEJcZiKEeOvY4TV1SRGNQ _kgADMJiKEeOvY4TV1SRGNQ _nm6w0JiKEeOvY4TV1SRGNQ _qsVpoJiKEeOvY4TV1SRGNQ"/>
                <semanticModel xsi:type="di:EMFSemanticModelBridge" xmi:id="_0JHNcZiHEeOvY4TV1SRGNQ" presentation="default">
                  <element href="airbag1.sysml#_0JHNcpiHEeOvY4TV1SRGNQ"/>
                </semanticModel>
              </contained>
              <contained xsi:type="di:GraphNode" xmi:id="_C82HgJiIEeOvY4TV1SRGNQ" position="13,201" size="199,174">
                <semanticModel xsi:type="di:EMFSemanticModelBridge" xmi:id="_C82HgZiIEeOvY4TV1SRGNQ" presentation="default">
                  <element href="airbag1.sysml#_C8_RcJiIEeOvY4TV1SRGNQ"/>
                </semanticModel>
                <contained xsi:type="di:GraphNode" xmi:id="_C82HgpiIEeOvY4TV1SRGNQ">
                  <semanticModel xsi:type="di:EMFSemanticModelBridge" xmi:id="_C82Hg5iIEeOvY4TV1SRGNQ" presentation="default">
                    <element href="airbag1.sysml#_C8_RcZiIEeOvY4TV1SRGNQ"/>
                  </semanticModel>
                  <contained xsi:type="di:GraphNode" xmi:id="_JtLL0JiIEeOvY4TV1SRGNQ" position="41,2" size="60,36">
                    <anchorage xmi:id="_mbua8JiIEeOvY4TV1SRGNQ" graphEdge="_mbua8ZiIEeOvY4TV1SRGNQ _pvbAUJiIEeOvY4TV1SRGNQ _Ji0rEJiKEeOvY4TV1SRGNQ _R1Mw8JiKEeOvY4TV1SRGNQ"/>
                    <semanticModel xsi:type="di:EMFSemanticModelBridge" xmi:id="_JtLL0ZiIEeOvY4TV1SRGNQ" presentation="default">
                      <element href="airbag1.sysml#_JtU80JiIEeOvY4TV1SRGNQ"/>
                    </semanticModel>
                  </contained>
                  <contained xsi:type="di:GraphNode" xmi:id="_Lk7-sJiIEeOvY4TV1SRGNQ" position="44,84" size="58,39">
                    <anchorage xmi:id="_Uf7jwZiIEeOvY4TV1SRGNQ" graphEdge="_UgFUwJiIEeOvY4TV1SRGNQ _mbua8ZiIEeOvY4TV1SRGNQ _pvbAUJiIEeOvY4TV1SRGNQ _VklMwJiKEeOvY4TV1SRGNQ _YbRtEJiKEeOvY4TV1SRGNQ _fpEJcZiKEeOvY4TV1SRGNQ _kgADMJiKEeOvY4TV1SRGNQ"/>
                    <semanticModel xsi:type="di:EMFSemanticModelBridge" xmi:id="_Lk7-sZiIEeOvY4TV1SRGNQ" presentation="default">
                      <element href="airbag1.sysml#_LlFvsJiIEeOvY4TV1SRGNQ"/>
                    </semanticModel>
                  </contained>
                  <contained xsi:type="di:GraphNode" xmi:id="_QT190JiIEeOvY4TV1SRGNQ" position="6,88" size="-1,-1">
                    <property xmi:id="_QT190piIEeOvY4TV1SRGNQ" key="name" value="visible"/>
                    <anchorage xmi:id="_Uf7jwJiIEeOvY4TV1SRGNQ" graphEdge="_UgFUwJiIEeOvY4TV1SRGNQ"/>
                    <semanticModel xsi:type="di:EMFSemanticModelBridge" xmi:id="_QT190ZiIEeOvY4TV1SRGNQ" presentation="default">
                      <element href="airbag1.sysml#_QT1905iIEeOvY4TV1SRGNQ"/>
                    </semanticModel>
                  </contained>
                  <contained xsi:type="di:GraphEdge" xmi:id="_UgFUwJiIEeOvY4TV1SRGNQ" anchor="_Uf7jwJiIEeOvY4TV1SRGNQ _Uf7jwZiIEeOvY4TV1SRGNQ">
                    <semanticModel xsi:type="di:EMFSemanticModelBridge" xmi:id="_UgFUwZiIEeOvY4TV1SRGNQ" presentation="default">
                      <element href="airbag1.sysml#_UgFUxJiIEeOvY4TV1SRGNQ"/>
                    </semanticModel>
                    <contained xsi:type="di:EdgeObjectOffset" xmi:id="_UgFUwpiIEeOvY4TV1SRGNQ" id="nameEdgeObject" offset="-1,-12"/>
                    <contained xsi:type="di:EdgeObjectOffset" xmi:id="_UgFUw5iIEeOvY4TV1SRGNQ" visible="false" id="TransitionStereotypeEdgeObject"/>
                  </contained>
                  <contained xsi:type="di:GraphEdge" xmi:id="_mbua8ZiIEeOvY4TV1SRGNQ" anchor="_mbua8JiIEeOvY4TV1SRGNQ _Uf7jwZiIEeOvY4TV1SRGNQ">
                    <semanticModel xsi:type="di:EMFSemanticModelBridge" xmi:id="_mbua8piIEeOvY4TV1SRGNQ" presentation="default">
                      <element href="airbag1.sysml#_mbua9ZiIEeOvY4TV1SRGNQ"/>
                    </semanticModel>
                    <contained xsi:type="di:EdgeObjectOffset" xmi:id="_mbua85iIEeOvY4TV1SRGNQ" id="nameEdgeObject"/>
                    <contained xsi:type="di:EdgeObjectOffset" xmi:id="_mbua9JiIEeOvY4TV1SRGNQ" visible="false" id="TransitionStereotypeEdgeObject"/>
                  </contained>
                  <contained xsi:type="di:GraphEdge" xmi:id="_pvbAUJiIEeOvY4TV1SRGNQ" anchor="_Uf7jwZiIEeOvY4TV1SRGNQ _mbua8JiIEeOvY4TV1SRGNQ">
                    <semanticModel xsi:type="di:EMFSemanticModelBridge" xmi:id="_pvbAUZiIEeOvY4TV1SRGNQ" presentation="default">
                      <element href="airbag1.sysml#_pvbAVJiIEeOvY4TV1SRGNQ"/>
                    </semanticModel>
                    <contained xsi:type="di:EdgeObjectOffset" xmi:id="_pvbAUpiIEeOvY4TV1SRGNQ" id="nameEdgeObject" offset="29,-2"/>
                    <contained xsi:type="di:EdgeObjectOffset" xmi:id="_pvbAU5iIEeOvY4TV1SRGNQ" visible="false" id="TransitionStereotypeEdgeObject"/>
                    <waypoints>[59, 0, 61, 83]</waypoints>
                    <waypoints>[59, -83, 61, 0]</waypoints>
                  </contained>
                </contained>
              </contained>
              <contained xsi:type="di:GraphNode" xmi:id="_Osxc4JiJEeOvY4TV1SRGNQ" position="466,201" size="201,181">
                <semanticModel xsi:type="di:EMFSemanticModelBridge" xmi:id="_Osxc4ZiJEeOvY4TV1SRGNQ" presentation="default">
                  <element href="airbag1.sysml#_15g-oJiIEeOvY4TV1SRGNQ"/>
                </semanticModel>
                <contained xsi:type="di:GraphNode" xmi:id="_Osxc4piJEeOvY4TV1SRGNQ">
                  <semanticModel xsi:type="di:EMFSemanticModelBridge" xmi:id="_Osxc45iJEeOvY4TV1SRGNQ" presentation="default">
                    <element href="airbag1.sysml#_15g-oZiIEeOvY4TV1SRGNQ"/>
                  </semanticModel>
                  <contained xsi:type="di:GraphNode" xmi:id="_R985wJiJEeOvY4TV1SRGNQ" position="53,2" size="57,36">
                    <anchorage xmi:id="_TAAMoZiJEeOvY4TV1SRGNQ" graphEdge="_TAAMopiJEeOvY4TV1SRGNQ _TAAMppiJEeOvY4TV1SRGNQ _xGWfsJiKEeOvY4TV1SRGNQ _5r7OYJiKEeOvY4TV1SRGNQ"/>
                    <semanticModel xsi:type="di:EMFSemanticModelBridge" xmi:id="_R985wZiJEeOvY4TV1SRGNQ" presentation="default">
                      <element href="airbag1.sysml#_15g-opiIEeOvY4TV1SRGNQ"/>
                    </semanticModel>
                  </contained>
                  <contained xsi:type="di:GraphNode" xmi:id="_S_3CsJiJEeOvY4TV1SRGNQ" position="50,83" size="68,36">
                    <anchorage xmi:id="_TAAMoJiJEeOvY4TV1SRGNQ" graphEdge="_TAAMopiJEeOvY4TV1SRGNQ _TAAMppiJEeOvY4TV1SRGNQ _2-3nsZiJEeOvY4TV1SRGNQ _nm6w0JiKEeOvY4TV1SRGNQ _qsVpoJiKEeOvY4TV1SRGNQ _BDPaMJiLEeOvY4TV1SRGNQ _FIL2UJiLEeOvY4TV1SRGNQ"/>
                    <semanticModel xsi:type="di:EMFSemanticModelBridge" xmi:id="_S_3CsZiJEeOvY4TV1SRGNQ" presentation="default">
                      <element href="airbag1.sysml#_15g-o5iIEeOvY4TV1SRGNQ"/>
                    </semanticModel>
                  </contained>
                  <contained xsi:type="di:GraphEdge" xmi:id="_TAAMopiJEeOvY4TV1SRGNQ" anchor="_TAAMoJiJEeOvY4TV1SRGNQ _TAAMoZiJEeOvY4TV1SRGNQ">
                    <semanticModel xsi:type="di:EMFSemanticModelBridge" xmi:id="_TAAMo5iJEeOvY4TV1SRGNQ" presentation="default">
                      <element href="airbag1.sysml#_15g-p5iIEeOvY4TV1SRGNQ"/>
                    </semanticModel>
                    <contained xsi:type="di:EdgeObjectOffset" xmi:id="_TAAMpJiJEeOvY4TV1SRGNQ" id="nameEdgeObject" offset="27,-6"/>
                    <contained xsi:type="di:EdgeObjectOffset" xmi:id="_TAAMpZiJEeOvY4TV1SRGNQ" visible="false" id="TransitionStereotypeEdgeObject"/>
                    <waypoints>[45, 9, 57, 85]</waypoints>
                    <waypoints>[45, -84, 57, -8]</waypoints>
                  </contained>
                  <contained xsi:type="di:GraphEdge" xmi:id="_TAAMppiJEeOvY4TV1SRGNQ" anchor="_TAAMoZiJEeOvY4TV1SRGNQ _TAAMoJiJEeOvY4TV1SRGNQ">
                    <semanticModel xsi:type="di:EMFSemanticModelBridge" xmi:id="_TAAMp5iJEeOvY4TV1SRGNQ" presentation="default">
                      <element href="airbag1.sysml#_15g-ppiIEeOvY4TV1SRGNQ"/>
                    </semanticModel>
                    <contained xsi:type="di:EdgeObjectOffset" xmi:id="_TAAMqJiJEeOvY4TV1SRGNQ" id="nameEdgeObject" offset="-7,9"/>
                    <contained xsi:type="di:EdgeObjectOffset" xmi:id="_TAAMqZiJEeOvY4TV1SRGNQ" visible="false" id="TransitionStereotypeEdgeObject"/>
                    <waypoints>[1, 36, 5, -57]</waypoints>
                  </contained>
                  <contained xsi:type="di:GraphNode" xmi:id="_1NzSsJiJEeOvY4TV1SRGNQ" position="7,91" size="-1,-1">
                    <property xmi:id="_1NzSspiJEeOvY4TV1SRGNQ" key="name" value="visible"/>
                    <anchorage xmi:id="_2-3nsJiJEeOvY4TV1SRGNQ" graphEdge="_2-3nsZiJEeOvY4TV1SRGNQ"/>
                    <semanticModel xsi:type="di:EMFSemanticModelBridge" xmi:id="_1NzSsZiJEeOvY4TV1SRGNQ" presentation="default">
                      <element href="airbag1.sysml#_1N9DsJiJEeOvY4TV1SRGNQ"/>
                    </semanticModel>
                  </contained>
                  <contained xsi:type="di:GraphEdge" xmi:id="_2-3nsZiJEeOvY4TV1SRGNQ" anchor="_2-3nsJiJEeOvY4TV1SRGNQ _TAAMoJiJEeOvY4TV1SRGNQ">
                    <semanticModel xsi:type="di:EMFSemanticModelBridge" xmi:id="_2-3nspiJEeOvY4TV1SRGNQ" presentation="default">
                      <element href="airbag1.sysml#_2-3ntZiJEeOvY4TV1SRGNQ"/>
                    </semanticModel>
                    <contained xsi:type="di:EdgeObjectOffset" xmi:id="_2-3ns5iJEeOvY4TV1SRGNQ" id="nameEdgeObject" offset="-2,-13"/>
                    <contained xsi:type="di:EdgeObjectOffset" xmi:id="_2-3ntJiJEeOvY4TV1SRGNQ" visible="false" id="TransitionStereotypeEdgeObject"/>
                  </contained>
                </contained>
              </contained>
              <contained xsi:type="di:GraphEdge" xmi:id="_Ji0rEJiKEeOvY4TV1SRGNQ" anchor="_YZRz4JiIEeOvY4TV1SRGNQ _mbua8JiIEeOvY4TV1SRGNQ">
                <semanticModel xsi:type="di:EMFSemanticModelBridge" xmi:id="_Ji0rEZiKEeOvY4TV1SRGNQ" presentation="default">
                  <element href="airbag1.sysml#_Ji0rFJiKEeOvY4TV1SRGNQ"/>
                </semanticModel>
                <contained xsi:type="di:EdgeObjectOffset" xmi:id="_Ji0rEpiKEeOvY4TV1SRGNQ" id="nameEdgeObject" offset="-43,-5"/>
                <contained xsi:type="di:EdgeObjectOffset" xmi:id="_Ji0rE5iKEeOvY4TV1SRGNQ" visible="false" id="TransitionStereotypeEdgeObject"/>
                <waypoints>[-165, 64, 78, -128]</waypoints>
              </contained>
              <contained xsi:type="di:GraphEdge" xmi:id="_R1Mw8JiKEeOvY4TV1SRGNQ" anchor="_mbua8JiIEeOvY4TV1SRGNQ _YZRz4JiIEeOvY4TV1SRGNQ">
                <semanticModel xsi:type="di:EMFSemanticModelBridge" xmi:id="_R1Mw8ZiKEeOvY4TV1SRGNQ" presentation="default">
                  <element href="airbag1.sysml#_R1Mw9JiKEeOvY4TV1SRGNQ"/>
                </semanticModel>
                <contained xsi:type="di:EdgeObjectOffset" xmi:id="_R1Mw8piKEeOvY4TV1SRGNQ" id="nameEdgeObject"/>
                <contained xsi:type="di:EdgeObjectOffset" xmi:id="_R1Mw85iKEeOvY4TV1SRGNQ" visible="false" id="TransitionStereotypeEdgeObject"/>
              </contained>
              <contained xsi:type="di:GraphEdge" xmi:id="_VklMwJiKEeOvY4TV1SRGNQ" anchor="_ZbjlsZiHEeOvY4TV1SRGNQ _Uf7jwZiIEeOvY4TV1SRGNQ">
                <semanticModel xsi:type="di:EMFSemanticModelBridge" xmi:id="_VklMwZiKEeOvY4TV1SRGNQ" presentation="default">
                  <element href="airbag1.sysml#_VklMxJiKEeOvY4TV1SRGNQ"/>
                </semanticModel>
                <contained xsi:type="di:EdgeObjectOffset" xmi:id="_VklMwpiKEeOvY4TV1SRGNQ" id="nameEdgeObject" offset="52,-32"/>
                <contained xsi:type="di:EdgeObjectOffset" xmi:id="_VklMw5iKEeOvY4TV1SRGNQ" visible="false" id="TransitionStereotypeEdgeObject"/>
              </contained>
              <contained xsi:type="di:GraphEdge" xmi:id="_YbRtEJiKEeOvY4TV1SRGNQ" anchor="_Uf7jwZiIEeOvY4TV1SRGNQ _ZbjlsZiHEeOvY4TV1SRGNQ">
                <semanticModel xsi:type="di:EMFSemanticModelBridge" xmi:id="_YbRtEZiKEeOvY4TV1SRGNQ" presentation="default">
                  <element href="airbag1.sysml#_YbRtFJiKEeOvY4TV1SRGNQ"/>
                </semanticModel>
                <contained xsi:type="di:EdgeObjectOffset" xmi:id="_YbRtEpiKEeOvY4TV1SRGNQ" id="nameEdgeObject" offset="-12,16"/>
                <contained xsi:type="di:EdgeObjectOffset" xmi:id="_YbRtE5iKEeOvY4TV1SRGNQ" visible="false" id="TransitionStereotypeEdgeObject"/>
                <waypoints>[207, -94, -34, 117]</waypoints>
              </contained>
              <contained xsi:type="di:GraphEdge" xmi:id="_fpEJcZiKEeOvY4TV1SRGNQ" anchor="_Uf7jwZiIEeOvY4TV1SRGNQ _fpEJcJiKEeOvY4TV1SRGNQ">
                <semanticModel xsi:type="di:EMFSemanticModelBridge" xmi:id="_fpEJcpiKEeOvY4TV1SRGNQ" presentation="default">
                  <element href="airbag1.sysml#_fpEJdZiKEeOvY4TV1SRGNQ"/>
                </semanticModel>
                <contained xsi:type="di:EdgeObjectOffset" xmi:id="_fpEJc5iKEeOvY4TV1SRGNQ" id="nameEdgeObject" offset="17,13"/>
                <contained xsi:type="di:EdgeObjectOffset" xmi:id="_fpEJdJiKEeOvY4TV1SRGNQ" visible="false" id="TransitionStereotypeEdgeObject"/>
                <waypoints>[0, 104, -248, 0]</waypoints>
              </contained>
              <contained xsi:type="di:GraphEdge" xmi:id="_kgADMJiKEeOvY4TV1SRGNQ" anchor="_fpEJcJiKEeOvY4TV1SRGNQ _Uf7jwZiIEeOvY4TV1SRGNQ">
                <semanticModel xsi:type="di:EMFSemanticModelBridge" xmi:id="_kgADMZiKEeOvY4TV1SRGNQ" presentation="default">
                  <element href="airbag1.sysml#_kgADNJiKEeOvY4TV1SRGNQ"/>
                </semanticModel>
                <contained xsi:type="di:EdgeObjectOffset" xmi:id="_kgADMpiKEeOvY4TV1SRGNQ" id="nameEdgeObject" offset="17,10"/>
                <contained xsi:type="di:EdgeObjectOffset" xmi:id="_kgADM5iKEeOvY4TV1SRGNQ" visible="false" id="TransitionStereotypeEdgeObject"/>
              </contained>
              <contained xsi:type="di:GraphEdge" xmi:id="_nm6w0JiKEeOvY4TV1SRGNQ" anchor="_fpEJcJiKEeOvY4TV1SRGNQ _TAAMoJiJEeOvY4TV1SRGNQ">
                <semanticModel xsi:type="di:EMFSemanticModelBridge" xmi:id="_nm6w0ZiKEeOvY4TV1SRGNQ" presentation="default">
                  <element href="airbag1.sysml#_nm6w1JiKEeOvY4TV1SRGNQ"/>
                </semanticModel>
                <contained xsi:type="di:EdgeObjectOffset" xmi:id="_nm6w0piKEeOvY4TV1SRGNQ" id="nameEdgeObject" offset="-24,15"/>
                <contained xsi:type="di:EdgeObjectOffset" xmi:id="_nm6w05iKEeOvY4TV1SRGNQ" visible="false" id="TransitionStereotypeEdgeObject"/>
              </contained>
              <contained xsi:type="di:GraphEdge" xmi:id="_qsVpoJiKEeOvY4TV1SRGNQ" anchor="_TAAMoJiJEeOvY4TV1SRGNQ _fpEJcJiKEeOvY4TV1SRGNQ">
                <semanticModel xsi:type="di:EMFSemanticModelBridge" xmi:id="_qsVpoZiKEeOvY4TV1SRGNQ" presentation="default">
                  <element href="airbag1.sysml#_qsVppJiKEeOvY4TV1SRGNQ"/>
                </semanticModel>
                <contained xsi:type="di:EdgeObjectOffset" xmi:id="_qsVpopiKEeOvY4TV1SRGNQ" id="nameEdgeObject" offset="-90,15"/>
                <contained xsi:type="di:EdgeObjectOffset" xmi:id="_qsVpo5iKEeOvY4TV1SRGNQ" visible="false" id="TransitionStereotypeEdgeObject"/>
                <waypoints>[0, 106, 216, 0]</waypoints>
              </contained>
              <contained xsi:type="di:GraphEdge" xmi:id="_xGWfsJiKEeOvY4TV1SRGNQ" anchor="_YZRz4JiIEeOvY4TV1SRGNQ _TAAMoZiJEeOvY4TV1SRGNQ">
                <semanticModel xsi:type="di:EMFSemanticModelBridge" xmi:id="_xGWfsZiKEeOvY4TV1SRGNQ" presentation="default">
                  <element href="airbag1.sysml#_xGWftJiKEeOvY4TV1SRGNQ"/>
                </semanticModel>
                <contained xsi:type="di:EdgeObjectOffset" xmi:id="_xGWfspiKEeOvY4TV1SRGNQ" id="nameEdgeObject" offset="42,-8"/>
                <contained xsi:type="di:EdgeObjectOffset" xmi:id="_xGWfs5iKEeOvY4TV1SRGNQ" visible="false" id="TransitionStereotypeEdgeObject"/>
                <waypoints>[188, 41, -32, -151]</waypoints>
              </contained>
              <contained xsi:type="di:GraphEdge" xmi:id="_5r7OYJiKEeOvY4TV1SRGNQ" anchor="_TAAMoZiJEeOvY4TV1SRGNQ _YZRz4JiIEeOvY4TV1SRGNQ">
                <semanticModel xsi:type="di:EMFSemanticModelBridge" xmi:id="_5r7OYZiKEeOvY4TV1SRGNQ" presentation="default">
                  <element href="airbag1.sysml#_5r7OZJiKEeOvY4TV1SRGNQ"/>
                </semanticModel>
                <contained xsi:type="di:EdgeObjectOffset" xmi:id="_5r7OYpiKEeOvY4TV1SRGNQ" id="nameEdgeObject" offset="44,19"/>
                <contained xsi:type="di:EdgeObjectOffset" xmi:id="_5r7OY5iKEeOvY4TV1SRGNQ" visible="false" id="TransitionStereotypeEdgeObject"/>
              </contained>
              <contained xsi:type="di:GraphEdge" xmi:id="_BDPaMJiLEeOvY4TV1SRGNQ" anchor="_ZbjlsZiHEeOvY4TV1SRGNQ _TAAMoJiJEeOvY4TV1SRGNQ">
                <semanticModel xsi:type="di:EMFSemanticModelBridge" xmi:id="_BDPaMZiLEeOvY4TV1SRGNQ" presentation="default">
                  <element href="airbag1.sysml#_BDPaNJiLEeOvY4TV1SRGNQ"/>
                </semanticModel>
                <contained xsi:type="di:EdgeObjectOffset" xmi:id="_BDPaMpiLEeOvY4TV1SRGNQ" id="nameEdgeObject" offset="-26,-33"/>
                <contained xsi:type="di:EdgeObjectOffset" xmi:id="_BDPaM5iLEeOvY4TV1SRGNQ" visible="false" id="TransitionStereotypeEdgeObject"/>
              </contained>
              <contained xsi:type="di:GraphEdge" xmi:id="_FIL2UJiLEeOvY4TV1SRGNQ" anchor="_TAAMoJiJEeOvY4TV1SRGNQ _ZbjlsZiHEeOvY4TV1SRGNQ">
                <semanticModel xsi:type="di:EMFSemanticModelBridge" xmi:id="_FIL2UZiLEeOvY4TV1SRGNQ" presentation="default">
                  <element href="airbag1.sysml#_FIL2VJiLEeOvY4TV1SRGNQ"/>
                </semanticModel>
                <contained xsi:type="di:EdgeObjectOffset" xmi:id="_FIL2UpiLEeOvY4TV1SRGNQ" id="nameEdgeObject" offset="25,19"/>
                <contained xsi:type="di:EdgeObjectOffset" xmi:id="_FIL2U5iLEeOvY4TV1SRGNQ" visible="false" id="TransitionStereotypeEdgeObject"/>
                <waypoints>[-177, -90, 46, 119]</waypoints>
              </contained>
            </contained>
          </contained>
          <contained xsi:type="di:GraphNode" xmi:id="_6tqVAJiGEeOvY4TV1SRGNQ" position="14,20" size="-1,-1">
            <property xmi:id="_6tqVApiGEeOvY4TV1SRGNQ" key="name" value="visible"/>
            <anchorage xmi:id="_8Bkz8JiGEeOvY4TV1SRGNQ" graphEdge="_8Bkz8piGEeOvY4TV1SRGNQ"/>
            <semanticModel xsi:type="di:EMFSemanticModelBridge" xmi:id="_6tqVAZiGEeOvY4TV1SRGNQ" presentation="default">
              <element href="airbag1.sysml#_6t0GAJiGEeOvY4TV1SRGNQ"/>
            </semanticModel>
          </contained>
          <contained xsi:type="di:GraphEdge" xmi:id="_8Bkz8piGEeOvY4TV1SRGNQ" anchor="_8Bkz8JiGEeOvY4TV1SRGNQ _8Bkz8ZiGEeOvY4TV1SRGNQ">
            <semanticModel xsi:type="di:EMFSemanticModelBridge" xmi:id="_8Bkz85iGEeOvY4TV1SRGNQ" presentation="default">
              <element href="airbag1.sysml#_8Bkz9piGEeOvY4TV1SRGNQ"/>
            </semanticModel>
            <contained xsi:type="di:EdgeObjectOffset" xmi:id="_8Bkz9JiGEeOvY4TV1SRGNQ" id="nameEdgeObject" offset="0,-11"/>
            <contained xsi:type="di:EdgeObjectOffset" xmi:id="_8Bkz9ZiGEeOvY4TV1SRGNQ" visible="false" id="TransitionStereotypeEdgeObject"/>
          </contained>
          <contained xsi:type="di:GraphEdge" xmi:id="_AbMfkZiHEeOvY4TV1SRGNQ" anchor="_8Bkz8ZiGEeOvY4TV1SRGNQ _AbMfkJiHEeOvY4TV1SRGNQ">
            <semanticModel xsi:type="di:EMFSemanticModelBridge" xmi:id="_AbMfkpiHEeOvY4TV1SRGNQ" presentation="default">
              <element href="airbag1.sysml#_AbMflZiHEeOvY4TV1SRGNQ"/>
            </semanticModel>
            <contained xsi:type="di:EdgeObjectOffset" xmi:id="_AbMfk5iHEeOvY4TV1SRGNQ" id="nameEdgeObject" offset="-6,20"/>
            <contained xsi:type="di:EdgeObjectOffset" xmi:id="_AbMflJiHEeOvY4TV1SRGNQ" visible="false" id="TransitionStereotypeEdgeObject"/>
            <waypoints>[59, 293, 59, 293]</waypoints>
            <waypoints>[0, 293, 0, 293]</waypoints>
          </contained>
          <contained xsi:type="di:GraphNode" xmi:id="_SYf10JiLEeOvY4TV1SRGNQ" position="71,693" size="287,50">
            <anchorage xmi:id="_VlpuUJiLEeOvY4TV1SRGNQ" graphEdge="_VlzfUJiLEeOvY4TV1SRGNQ _Ya3A4JiLEeOvY4TV1SRGNQ _E4x2cZiNEeOvY4TV1SRGNQ _MCjVgJiNEeOvY4TV1SRGNQ _SoLlsJiNEeOvY4TV1SRGNQ _V6Y9UJiNEeOvY4TV1SRGNQ _c9LDkJiNEeOvY4TV1SRGNQ _fk_aYJiNEeOvY4TV1SRGNQ"/>
            <anchorage xmi:id="_E4x2cJiNEeOvY4TV1SRGNQ" graphEdge="_E4x2cZiNEeOvY4TV1SRGNQ _MCjVgJiNEeOvY4TV1SRGNQ _SoLlsJiNEeOvY4TV1SRGNQ _V6Y9UJiNEeOvY4TV1SRGNQ _c9LDkJiNEeOvY4TV1SRGNQ _fk_aYJiNEeOvY4TV1SRGNQ"/>
            <semanticModel xsi:type="di:EMFSemanticModelBridge" xmi:id="_SYf10ZiLEeOvY4TV1SRGNQ" presentation="default">
              <element href="airbag1.sysml#_SYo_wJiLEeOvY4TV1SRGNQ"/>
            </semanticModel>
          </contained>
          <contained xsi:type="di:GraphEdge" xmi:id="_VlzfUJiLEeOvY4TV1SRGNQ" anchor="_8Bkz8ZiGEeOvY4TV1SRGNQ _VlpuUJiLEeOvY4TV1SRGNQ">
            <semanticModel xsi:type="di:EMFSemanticModelBridge" xmi:id="_VlzfUZiLEeOvY4TV1SRGNQ" presentation="default">
              <element href="airbag1.sysml#_VlzfVJiLEeOvY4TV1SRGNQ"/>
            </semanticModel>
            <contained xsi:type="di:EdgeObjectOffset" xmi:id="_VlzfUpiLEeOvY4TV1SRGNQ" id="nameEdgeObject" offset="23,4"/>
            <contained xsi:type="di:EdgeObjectOffset" xmi:id="_VlzfU5iLEeOvY4TV1SRGNQ" visible="false" id="TransitionStereotypeEdgeObject"/>
          </contained>
          <contained xsi:type="di:GraphEdge" xmi:id="_Ya3A4JiLEeOvY4TV1SRGNQ" anchor="_VlpuUJiLEeOvY4TV1SRGNQ _8Bkz8ZiGEeOvY4TV1SRGNQ">
            <semanticModel xsi:type="di:EMFSemanticModelBridge" xmi:id="_Ya3A4ZiLEeOvY4TV1SRGNQ" presentation="default">
              <element href="airbag1.sysml#_Ya3A5JiLEeOvY4TV1SRGNQ"/>
            </semanticModel>
            <contained xsi:type="di:EdgeObjectOffset" xmi:id="_Ya3A4piLEeOvY4TV1SRGNQ" id="nameEdgeObject" offset="-22,2"/>
            <contained xsi:type="di:EdgeObjectOffset" xmi:id="_Ya3A45iLEeOvY4TV1SRGNQ" visible="false" id="TransitionStereotypeEdgeObject"/>
            <waypoints>[-23, -68, -191, 307]</waypoints>
          </contained>
          <contained xsi:type="di:GraphEdge" xmi:id="_E4x2cZiNEeOvY4TV1SRGNQ" anchor="_E4x2cJiNEeOvY4TV1SRGNQ _VlpuUJiLEeOvY4TV1SRGNQ">
            <semanticModel xsi:type="di:EMFSemanticModelBridge" xmi:id="_E4x2cpiNEeOvY4TV1SRGNQ" presentation="default">
              <element href="airbag1.sysml#_E4x2dZiNEeOvY4TV1SRGNQ"/>
            </semanticModel>
            <contained xsi:type="di:EdgeObjectOffset" xmi:id="_E4x2c5iNEeOvY4TV1SRGNQ" id="nameEdgeObject" offset="24,14"/>
            <contained xsi:type="di:EdgeObjectOffset" xmi:id="_E4x2dJiNEeOvY4TV1SRGNQ" visible="false" id="TransitionStereotypeEdgeObject"/>
            <waypoints>[0, 67, 0, 67]</waypoints>
            <waypoints>[7, 67, 7, 67]</waypoints>
          </contained>
          <contained xsi:type="di:GraphEdge" xmi:id="_MCjVgJiNEeOvY4TV1SRGNQ" anchor="_VlpuUJiLEeOvY4TV1SRGNQ _E4x2cJiNEeOvY4TV1SRGNQ">
            <semanticModel xsi:type="di:EMFSemanticModelBridge" xmi:id="_MCjVgZiNEeOvY4TV1SRGNQ" presentation="default">
              <element href="airbag1.sysml#_MCjVhJiNEeOvY4TV1SRGNQ"/>
            </semanticModel>
            <contained xsi:type="di:EdgeObjectOffset" xmi:id="_MCjVgpiNEeOvY4TV1SRGNQ" id="nameEdgeObject" offset="-13,17"/>
            <contained xsi:type="di:EdgeObjectOffset" xmi:id="_MCjVg5iNEeOvY4TV1SRGNQ" visible="false" id="TransitionStereotypeEdgeObject"/>
            <waypoints>[-31, 58, -31, 58]</waypoints>
            <waypoints>[-18, 67, -18, 67]</waypoints>
          </contained>
          <contained xsi:type="di:GraphEdge" xmi:id="_SoLlsJiNEeOvY4TV1SRGNQ" anchor="_VlpuUJiLEeOvY4TV1SRGNQ _E4x2cJiNEeOvY4TV1SRGNQ">
            <semanticModel xsi:type="di:EMFSemanticModelBridge" xmi:id="_SoLlsZiNEeOvY4TV1SRGNQ" presentation="default">
              <element href="airbag1.sysml#_SoLltJiNEeOvY4TV1SRGNQ"/>
            </semanticModel>
            <contained xsi:type="di:EdgeObjectOffset" xmi:id="_SoLlspiNEeOvY4TV1SRGNQ" id="nameEdgeObject" offset="1,20"/>
            <contained xsi:type="di:EdgeObjectOffset" xmi:id="_SoLls5iNEeOvY4TV1SRGNQ" visible="false" id="TransitionStereotypeEdgeObject"/>
            <waypoints>[189, 0, 189, 0]</waypoints>
            <waypoints>[189, 18, 189, 18]</waypoints>
          </contained>
          <contained xsi:type="di:GraphEdge" xmi:id="_V6Y9UJiNEeOvY4TV1SRGNQ" anchor="_VlpuUJiLEeOvY4TV1SRGNQ _E4x2cJiNEeOvY4TV1SRGNQ">
            <semanticModel xsi:type="di:EMFSemanticModelBridge" xmi:id="_V6Y9UZiNEeOvY4TV1SRGNQ" presentation="default">
              <element href="airbag1.sysml#_V6Y9VJiNEeOvY4TV1SRGNQ"/>
            </semanticModel>
            <contained xsi:type="di:EdgeObjectOffset" xmi:id="_V6Y9UpiNEeOvY4TV1SRGNQ" id="nameEdgeObject" offset="42,18"/>
            <contained xsi:type="di:EdgeObjectOffset" xmi:id="_V6Y9U5iNEeOvY4TV1SRGNQ" visible="false" id="TransitionStereotypeEdgeObject"/>
            <waypoints>[66, 58, 66, 58]</waypoints>
            <waypoints>[121, 58, 121, 58]</waypoints>
          </contained>
          <contained xsi:type="di:GraphEdge" xmi:id="_c9LDkJiNEeOvY4TV1SRGNQ" anchor="_VlpuUJiLEeOvY4TV1SRGNQ _E4x2cJiNEeOvY4TV1SRGNQ">
            <semanticModel xsi:type="di:EMFSemanticModelBridge" xmi:id="_c9LDkZiNEeOvY4TV1SRGNQ" presentation="default">
              <element href="airbag1.sysml#_c9LDlJiNEeOvY4TV1SRGNQ"/>
            </semanticModel>
            <contained xsi:type="di:EdgeObjectOffset" xmi:id="_c9LDkpiNEeOvY4TV1SRGNQ" id="nameEdgeObject" offset="24,25"/>
            <contained xsi:type="di:EdgeObjectOffset" xmi:id="_c9LDk5iNEeOvY4TV1SRGNQ" visible="false" id="TransitionStereotypeEdgeObject"/>
            <waypoints>[-176, 23, -176, 23]</waypoints>
            <waypoints>[-184, 6, -184, 6]</waypoints>
          </contained>
          <contained xsi:type="di:GraphEdge" xmi:id="_fk_aYJiNEeOvY4TV1SRGNQ" anchor="_VlpuUJiLEeOvY4TV1SRGNQ _E4x2cJiNEeOvY4TV1SRGNQ">
            <semanticModel xsi:type="di:EMFSemanticModelBridge" xmi:id="_fk_aYZiNEeOvY4TV1SRGNQ" presentation="default">
              <element href="airbag1.sysml#_flJLYJiNEeOvY4TV1SRGNQ"/>
            </semanticModel>
            <contained xsi:type="di:EdgeObjectOffset" xmi:id="_fk_aYpiNEeOvY4TV1SRGNQ" id="nameEdgeObject" offset="-20,16"/>
            <contained xsi:type="di:EdgeObjectOffset" xmi:id="_fk_aY5iNEeOvY4TV1SRGNQ" visible="false" id="TransitionStereotypeEdgeObject"/>
            <waypoints>[-120, 55, -120, 55]</waypoints>
            <waypoints>[-92, 63, -92, 63]</waypoints>
          </contained>
        </contained>
      </diagrams>