<?xml version="1.0" encoding="UTF-8"?><diagrams xmlns:xmi="http://www.omg.org/XMI" xmlns:xsi="http://www.w3.org/2001/XMLSchema-instance" xmlns:di="http://www.topcased.org/DI/1.0" xmlns:diagrams="http://www.topcased.org/Diagrams/1.0" xmi:id="_cvmIYJ7IEeKjC9zfFNGw9A" position="0,0" size="100,100" name="item system model" viewport="0,10">
      <property xmi:id="_cwMlUJ7IEeKjC9zfFNGw9A" key="pageFormatName" value="A4"/>
      <property xmi:id="_cwMlUZ7IEeKjC9zfFNGw9A" key="diagramWidth" value="840"/>
      <property xmi:id="_cwMlUp7IEeKjC9zfFNGw9A" key="diagramHeight" value="1188"/>
      <property xmi:id="_cwMlU57IEeKjC9zfFNGw9A" key="pageMarginName" value="Small Margin"/>
      <property xmi:id="_cwVvQJ7IEeKjC9zfFNGw9A" key="diagramTopMargin" value="20"/>
      <property xmi:id="_cwVvQZ7IEeKjC9zfFNGw9A" key="diagramBottomMargin" value="20"/>
      <property xmi:id="_cwVvQp7IEeKjC9zfFNGw9A" key="diagramLeftMargin" value="20"/>
      <property xmi:id="_cwVvQ57IEeKjC9zfFNGw9A" key="diagramRightMargin" value="20"/>
      <property xmi:id="_cwVvRJ7IEeKjC9zfFNGw9A" key="orientation" value="portrait"/>
      <semanticModel xsi:type="di:EMFSemanticModelBridge" xmi:id="_cvmIYZ7IEeKjC9zfFNGw9A" presentation="org.topcased.modeler.sysml.blockdefinitiondiagram">
        <element href="airbag1.sysml#idPackage"/>
      </semanticModel>
      <contained xsi:type="di:GraphNode" xmi:id="_vD8CcJ7IEeKjC9zfFNGw9A" position="164,47" size="206,-1">
        <property xmi:id="_6KBmEJ7IEeKjC9zfFNGw9A" key="showOperationParameterDefaultValue" value="false"/>
        <property xmi:id="_6KBmEZ7IEeKjC9zfFNGw9A" key="showOperationParameterType" value="false"/>
        <property xmi:id="_6KBmEp7IEeKjC9zfFNGw9A" key="showOperationParameters" value="false"/>
        <property xmi:id="_6KBmE57IEeKjC9zfFNGw9A" key="showOperationReturnType" value="false"/>
        <property xmi:id="_6KBmFJ7IEeKjC9zfFNGw9A" key="showPropertyDefaultValue" value="false"/>
        <property xmi:id="_6KBmFZ7IEeKjC9zfFNGw9A" key="showPropertyType" value="false"/>
        <anchorage xmi:id="_PM4U0J7JEeKjC9zfFNGw9A" graphEdge="_PM4U0p7JEeKjC9zfFNGw9A _Razk8Z7JEeKjC9zfFNGw9A"/>
        <semanticModel xsi:type="di:EMFSemanticModelBridge" xmi:id="_vD8CcZ7IEeKjC9zfFNGw9A" presentation="default">
          <element href="airbag1.sysml#_vEFMYJ7IEeKjC9zfFNGw9A"/>
        </semanticModel>
        <contained xsi:type="di:GraphNode" xmi:id="_vD8Ccp7IEeKjC9zfFNGw9A">
          <property xmi:id="_vD8Cc57IEeKjC9zfFNGw9A" key="eStructuralFeatureID" value="12"/>
          <semanticModel xsi:type="di:EMFSemanticModelBridge" xmi:id="_vD8CdJ7IEeKjC9zfFNGw9A" presentation="constraints">
            <element href="airbag1.sysml#_vEFMYJ7IEeKjC9zfFNGw9A"/>
          </semanticModel>
        </contained>
        <contained xsi:type="di:GraphNode" xmi:id="_vD8CdZ7IEeKjC9zfFNGw9A">
          <property xmi:id="_vD8Cdp7IEeKjC9zfFNGw9A" key="eStructuralFeatureID" value="47 50 "/>
          <semanticModel xsi:type="di:EMFSemanticModelBridge" xmi:id="_vD8Cd57IEeKjC9zfFNGw9A" presentation="operations">
            <element href="airbag1.sysml#_vEFMYJ7IEeKjC9zfFNGw9A"/>
          </semanticModel>
        </contained>
        <contained xsi:type="di:GraphNode" xmi:id="_vD8CeJ7IEeKjC9zfFNGw9A">
          <property xmi:id="_vD8CeZ7IEeKjC9zfFNGw9A" key="eStructuralFeatureID" value="37"/>
          <semanticModel xsi:type="di:EMFSemanticModelBridge" xmi:id="_vD8Cep7IEeKjC9zfFNGw9A" presentation="default">
            <element href="airbag1.sysml#_vEFMYJ7IEeKjC9zfFNGw9A"/>
          </semanticModel>
        </contained>
      </contained>
      <contained xsi:type="di:GraphNode" xmi:id="__PGpgJ7IEeKjC9zfFNGw9A" position="32,259" size="100,-1">
        <anchorage xmi:id="_PM4U0Z7JEeKjC9zfFNGw9A" graphEdge="_PM4U0p7JEeKjC9zfFNGw9A"/>
        <semanticModel xsi:type="di:EMFSemanticModelBridge" xmi:id="__PGpgZ7IEeKjC9zfFNGw9A" presentation="default">
          <element href="airbag1.sysml#__PPzcJ7IEeKjC9zfFNGw9A"/>
        </semanticModel>
        <contained xsi:type="di:GraphNode" xmi:id="__PGpgp7IEeKjC9zfFNGw9A">
          <property xmi:id="__PGpg57IEeKjC9zfFNGw9A" key="eStructuralFeatureID" value="12"/>
          <semanticModel xsi:type="di:EMFSemanticModelBridge" xmi:id="__PGphJ7IEeKjC9zfFNGw9A" presentation="constraints">
            <element href="airbag1.sysml#__PPzcJ7IEeKjC9zfFNGw9A"/>
          </semanticModel>
        </contained>
        <contained xsi:type="di:GraphNode" xmi:id="__PGphZ7IEeKjC9zfFNGw9A">
          <property xmi:id="__PGphp7IEeKjC9zfFNGw9A" key="eStructuralFeatureID" value="47 50 "/>
          <semanticModel xsi:type="di:EMFSemanticModelBridge" xmi:id="__PGph57IEeKjC9zfFNGw9A" presentation="operations">
            <element href="airbag1.sysml#__PPzcJ7IEeKjC9zfFNGw9A"/>
          </semanticModel>
        </contained>
        <contained xsi:type="di:GraphNode" xmi:id="__PGpiJ7IEeKjC9zfFNGw9A">
          <property xmi:id="__PGpiZ7IEeKjC9zfFNGw9A" key="eStructuralFeatureID" value="37"/>
          <semanticModel xsi:type="di:EMFSemanticModelBridge" xmi:id="__PGpip7IEeKjC9zfFNGw9A" presentation="default">
            <element href="airbag1.sysml#__PPzcJ7IEeKjC9zfFNGw9A"/>
          </semanticModel>
        </contained>
      </contained>
      <contained xsi:type="di:GraphNode" xmi:id="_HrltoJ7JEeKjC9zfFNGw9A" position="229,258" size="312,-1">
        <anchorage xmi:id="_Razk8J7JEeKjC9zfFNGw9A" graphEdge="_Razk8Z7JEeKjC9zfFNGw9A _aGLZoZ7JEeKjC9zfFNGw9A _a9OWYZ7JEeKjC9zfFNGw9A _-XyKgZ7JEeKjC9zfFNGw9A"/>
        <semanticModel xsi:type="di:EMFSemanticModelBridge" xmi:id="_HrltoZ7JEeKjC9zfFNGw9A" presentation="default">
          <element href="airbag1.sysml#_HrveoJ7JEeKjC9zfFNGw9A"/>
        </semanticModel>
        <contained xsi:type="di:GraphNode" xmi:id="_Hrltop7JEeKjC9zfFNGw9A">
          <property xmi:id="_Hrlto57JEeKjC9zfFNGw9A" key="eStructuralFeatureID" value="12"/>
          <semanticModel xsi:type="di:EMFSemanticModelBridge" xmi:id="_HrltpJ7JEeKjC9zfFNGw9A" presentation="constraints">
            <element href="airbag1.sysml#_HrveoJ7JEeKjC9zfFNGw9A"/>
          </semanticModel>
        </contained>
        <contained xsi:type="di:GraphNode" xmi:id="_HrltpZ7JEeKjC9zfFNGw9A">
          <property xmi:id="_Hrltpp7JEeKjC9zfFNGw9A" key="eStructuralFeatureID" value="47 50 "/>
          <semanticModel xsi:type="di:EMFSemanticModelBridge" xmi:id="_Hrltp57JEeKjC9zfFNGw9A" presentation="operations">
            <element href="airbag1.sysml#_HrveoJ7JEeKjC9zfFNGw9A"/>
          </semanticModel>
        </contained>
        <contained xsi:type="di:GraphNode" xmi:id="_HrltqJ7JEeKjC9zfFNGw9A">
          <property xmi:id="_HrltqZ7JEeKjC9zfFNGw9A" key="eStructuralFeatureID" value="37"/>
          <semanticModel xsi:type="di:EMFSemanticModelBridge" xmi:id="_Hrltqp7JEeKjC9zfFNGw9A" presentation="default">
            <element href="airbag1.sysml#_HrveoJ7JEeKjC9zfFNGw9A"/>
          </semanticModel>
        </contained>
      </contained>
      <contained xsi:type="di:GraphNode" xmi:id="_J5Xz0J7JEeKjC9zfFNGw9A" position="234,470" size="210,-1">
        <anchorage xmi:id="_aGLZoJ7JEeKjC9zfFNGw9A" graphEdge="_aGLZoZ7JEeKjC9zfFNGw9A _YLktMXnKEeOPFeVV0hjJ3A _ZVEE0HnKEeOPFeVV0hjJ3A"/>
        <semanticModel xsi:type="di:EMFSemanticModelBridge" xmi:id="_J5Xz0Z7JEeKjC9zfFNGw9A" presentation="default">
          <element href="airbag1.sysml#_J5quwJ7JEeKjC9zfFNGw9A"/>
        </semanticModel>
        <contained xsi:type="di:GraphNode" xmi:id="_J5Xz0p7JEeKjC9zfFNGw9A">
          <property xmi:id="_J5Xz057JEeKjC9zfFNGw9A" key="eStructuralFeatureID" value="12"/>
          <semanticModel xsi:type="di:EMFSemanticModelBridge" xmi:id="_J5Xz1J7JEeKjC9zfFNGw9A" presentation="constraints">
            <element href="airbag1.sysml#_J5quwJ7JEeKjC9zfFNGw9A"/>
          </semanticModel>
        </contained>
        <contained xsi:type="di:GraphNode" xmi:id="_J5Xz1Z7JEeKjC9zfFNGw9A">
          <property xmi:id="_J5Xz1p7JEeKjC9zfFNGw9A" key="eStructuralFeatureID" value="47 50 "/>
          <semanticModel xsi:type="di:EMFSemanticModelBridge" xmi:id="_J5Xz157JEeKjC9zfFNGw9A" presentation="operations">
            <element href="airbag1.sysml#_J5quwJ7JEeKjC9zfFNGw9A"/>
          </semanticModel>
        </contained>
        <contained xsi:type="di:GraphNode" xmi:id="_J5Xz2J7JEeKjC9zfFNGw9A">
          <property xmi:id="_J5Xz2Z7JEeKjC9zfFNGw9A" key="eStructuralFeatureID" value="37"/>
          <semanticModel xsi:type="di:EMFSemanticModelBridge" xmi:id="_J5Xz2p7JEeKjC9zfFNGw9A" presentation="default">
            <element href="airbag1.sysml#_J5quwJ7JEeKjC9zfFNGw9A"/>
          </semanticModel>
        </contained>
      </contained>
      <contained xsi:type="di:GraphNode" xmi:id="_MW7bYJ7JEeKjC9zfFNGw9A" position="459,471" size="331,-1">
        <anchorage xmi:id="_a9OWYJ7JEeKjC9zfFNGw9A" graphEdge="_a9OWYZ7JEeKjC9zfFNGw9A _fFOp0NGbEeKDDfZl36mumg _fucl8dGbEeKDDfZl36mumg _gPxKUdGbEeKDDfZl36mumg"/>
        <semanticModel xsi:type="di:EMFSemanticModelBridge" xmi:id="_MW7bYZ7JEeKjC9zfFNGw9A" presentation="default">
          <element href="airbag1.sysml#_MXOWUJ7JEeKjC9zfFNGw9A"/>
        </semanticModel>
        <contained xsi:type="di:GraphNode" xmi:id="_MW7bYp7JEeKjC9zfFNGw9A">
          <property xmi:id="_MW7bY57JEeKjC9zfFNGw9A" key="eStructuralFeatureID" value="12"/>
          <semanticModel xsi:type="di:EMFSemanticModelBridge" xmi:id="_MW7bZJ7JEeKjC9zfFNGw9A" presentation="constraints">
            <element href="airbag1.sysml#_MXOWUJ7JEeKjC9zfFNGw9A"/>
          </semanticModel>
        </contained>
        <contained xsi:type="di:GraphNode" xmi:id="_MW7bZZ7JEeKjC9zfFNGw9A">
          <property xmi:id="_MW7bZp7JEeKjC9zfFNGw9A" key="eStructuralFeatureID" value="47 50 "/>
          <semanticModel xsi:type="di:EMFSemanticModelBridge" xmi:id="_MW7bZ57JEeKjC9zfFNGw9A" presentation="operations">
            <element href="airbag1.sysml#_MXOWUJ7JEeKjC9zfFNGw9A"/>
          </semanticModel>
        </contained>
        <contained xsi:type="di:GraphNode" xmi:id="_MW7baJ7JEeKjC9zfFNGw9A">
          <property xmi:id="_MW7baZ7JEeKjC9zfFNGw9A" key="eStructuralFeatureID" value="37"/>
          <semanticModel xsi:type="di:EMFSemanticModelBridge" xmi:id="_MW7bap7JEeKjC9zfFNGw9A" presentation="default">
            <element href="airbag1.sysml#_MXOWUJ7JEeKjC9zfFNGw9A"/>
          </semanticModel>
        </contained>
      </contained>
      <contained xsi:type="di:GraphEdge" xmi:id="_PM4U0p7JEeKjC9zfFNGw9A" anchor="_PM4U0J7JEeKjC9zfFNGw9A _PM4U0Z7JEeKjC9zfFNGw9A">
        <semanticModel xsi:type="di:SimpleSemanticModelElement" xmi:id="_PM4U057JEeKjC9zfFNGw9A" presentation="default" typeInfo="ContainmentLink"/>
        <waypoints>[-75, 107, 117, -108]</waypoints>
        <waypoints>[-183, 107, 9, -108]</waypoints>
      </contained>
      <contained xsi:type="di:GraphEdge" xmi:id="_Razk8Z7JEeKjC9zfFNGw9A" anchor="_PM4U0J7JEeKjC9zfFNGw9A _Razk8J7JEeKjC9zfFNGw9A">
        <semanticModel xsi:type="di:SimpleSemanticModelElement" xmi:id="_Razk8p7JEeKjC9zfFNGw9A" presentation="default" typeInfo="ContainmentLink"/>
        <waypoints>[71, 107, -72, -104]</waypoints>
        <waypoints>[143, 107, 0, -104]</waypoints>
      </contained>
      <contained xsi:type="di:GraphEdge" xmi:id="_aGLZoZ7JEeKjC9zfFNGw9A" anchor="_Razk8J7JEeKjC9zfFNGw9A _aGLZoJ7JEeKjC9zfFNGw9A">
        <semanticModel xsi:type="di:SimpleSemanticModelElement" xmi:id="_aGLZop7JEeKjC9zfFNGw9A" presentation="default" typeInfo="ContainmentLink"/>
        <waypoints>[9, 113, -4, -101]</waypoints>
      </contained>
      <contained xsi:type="di:GraphEdge" xmi:id="_a9OWYZ7JEeKjC9zfFNGw9A" anchor="_Razk8J7JEeKjC9zfFNGw9A _a9OWYJ7JEeKjC9zfFNGw9A">
        <semanticModel xsi:type="di:SimpleSemanticModelElement" xmi:id="_a9OWYp7JEeKjC9zfFNGw9A" presentation="default" typeInfo="ContainmentLink"/>
        <waypoints>[100, 114, -62, -101]</waypoints>
        <waypoints>[162, 114, 0, -101]</waypoints>
      </contained>
      <contained xsi:type="di:GraphNode" xmi:id="_-XVekJ7JEeKjC9zfFNGw9A" position="5,467" size="206,-1">
        <anchorage xmi:id="_-XyKgJ7JEeKjC9zfFNGw9A" graphEdge="_-XyKgZ7JEeKjC9zfFNGw9A _V9XX4Z7OEeKjC9zfFNGw9A _WYcKUJ7OEeKjC9zfFNGw9A"/>
        <semanticModel xsi:type="di:EMFSemanticModelBridge" xmi:id="_-XVekZ7JEeKjC9zfFNGw9A" presentation="default">
          <element href="airbag1.sysml#_A-06sJ7JEeKjC9zfFNGw9A"/>
        </semanticModel>
        <contained xsi:type="di:GraphNode" xmi:id="_-XVekp7JEeKjC9zfFNGw9A">
          <property xmi:id="_-XVek57JEeKjC9zfFNGw9A" key="eStructuralFeatureID" value="12"/>
          <semanticModel xsi:type="di:EMFSemanticModelBridge" xmi:id="_-XVelJ7JEeKjC9zfFNGw9A" presentation="constraints">
            <element href="airbag1.sysml#_A-06sJ7JEeKjC9zfFNGw9A"/>
          </semanticModel>
        </contained>
        <contained xsi:type="di:GraphNode" xmi:id="_-XVelZ7JEeKjC9zfFNGw9A">
          <property xmi:id="_-XVelp7JEeKjC9zfFNGw9A" key="eStructuralFeatureID" value="47 50 "/>
          <semanticModel xsi:type="di:EMFSemanticModelBridge" xmi:id="_-XVel57JEeKjC9zfFNGw9A" presentation="operations">
            <element href="airbag1.sysml#_A-06sJ7JEeKjC9zfFNGw9A"/>
          </semanticModel>
        </contained>
        <contained xsi:type="di:GraphNode" xmi:id="_-XVemJ7JEeKjC9zfFNGw9A">
          <property xmi:id="_-XVemZ7JEeKjC9zfFNGw9A" key="eStructuralFeatureID" value="37"/>
          <semanticModel xsi:type="di:EMFSemanticModelBridge" xmi:id="_-XVemp7JEeKjC9zfFNGw9A" presentation="default">
            <element href="airbag1.sysml#_A-06sJ7JEeKjC9zfFNGw9A"/>
          </semanticModel>
        </contained>
      </contained>
      <contained xsi:type="di:GraphEdge" xmi:id="_-XyKgZ7JEeKjC9zfFNGw9A" anchor="_Razk8J7JEeKjC9zfFNGw9A _-XyKgJ7JEeKjC9zfFNGw9A">
        <semanticModel xsi:type="di:SimpleSemanticModelElement" xmi:id="_-XyKgp7JEeKjC9zfFNGw9A" presentation="default" typeInfo="ContainmentLink"/>
        <waypoints>[-109, 109, 193, -100]</waypoints>
        <waypoints>[-301, 109, 1, -100]</waypoints>
      </contained>
      <contained xsi:type="di:GraphNode" xmi:id="_ShLk4J7OEeKjC9zfFNGw9A" position="5,683" size="100,-1">
        <anchorage xmi:id="_V9XX4J7OEeKjC9zfFNGw9A" graphEdge="_V9XX4Z7OEeKjC9zfFNGw9A"/>
        <semanticModel xsi:type="di:EMFSemanticModelBridge" xmi:id="_ShLk4Z7OEeKjC9zfFNGw9A" presentation="default">
          <element href="airbag1.sysml#_Shef0J7OEeKjC9zfFNGw9A"/>
        </semanticModel>
        <contained xsi:type="di:GraphNode" xmi:id="_ShLk4p7OEeKjC9zfFNGw9A">
          <property xmi:id="_ShLk457OEeKjC9zfFNGw9A" key="eStructuralFeatureID" value="12"/>
          <semanticModel xsi:type="di:EMFSemanticModelBridge" xmi:id="_ShLk5J7OEeKjC9zfFNGw9A" presentation="constraints">
            <element href="airbag1.sysml#_Shef0J7OEeKjC9zfFNGw9A"/>
          </semanticModel>
        </contained>
        <contained xsi:type="di:GraphNode" xmi:id="_ShLk5Z7OEeKjC9zfFNGw9A">
          <property xmi:id="_ShLk5p7OEeKjC9zfFNGw9A" key="eStructuralFeatureID" value="47 50 "/>
          <semanticModel xsi:type="di:EMFSemanticModelBridge" xmi:id="_ShLk557OEeKjC9zfFNGw9A" presentation="operations">
            <element href="airbag1.sysml#_Shef0J7OEeKjC9zfFNGw9A"/>
          </semanticModel>
        </contained>
        <contained xsi:type="di:GraphNode" xmi:id="_ShLk6J7OEeKjC9zfFNGw9A">
          <property xmi:id="_ShLk6Z7OEeKjC9zfFNGw9A" key="eStructuralFeatureID" value="37"/>
          <semanticModel xsi:type="di:EMFSemanticModelBridge" xmi:id="_ShLk6p7OEeKjC9zfFNGw9A" presentation="default">
            <element href="airbag1.sysml#_Shef0J7OEeKjC9zfFNGw9A"/>
          </semanticModel>
        </contained>
      </contained>
      <contained xsi:type="di:GraphNode" xmi:id="_T36uUJ7OEeKjC9zfFNGw9A" position="112,683" size="100,-1">
        <anchorage xmi:id="_WYTAYJ7OEeKjC9zfFNGw9A" graphEdge="_WYcKUJ7OEeKjC9zfFNGw9A"/>
        <semanticModel xsi:type="di:EMFSemanticModelBridge" xmi:id="_T36uUZ7OEeKjC9zfFNGw9A" presentation="default">
          <element href="airbag1.sysml#_T4NpQJ7OEeKjC9zfFNGw9A"/>
        </semanticModel>
        <contained xsi:type="di:GraphNode" xmi:id="_T36uUp7OEeKjC9zfFNGw9A">
          <property xmi:id="_T36uU57OEeKjC9zfFNGw9A" key="eStructuralFeatureID" value="12"/>
          <semanticModel xsi:type="di:EMFSemanticModelBridge" xmi:id="_T36uVJ7OEeKjC9zfFNGw9A" presentation="constraints">
            <element href="airbag1.sysml#_T4NpQJ7OEeKjC9zfFNGw9A"/>
          </semanticModel>
        </contained>
        <contained xsi:type="di:GraphNode" xmi:id="_T36uVZ7OEeKjC9zfFNGw9A">
          <property xmi:id="_T36uVp7OEeKjC9zfFNGw9A" key="eStructuralFeatureID" value="47 50 "/>
          <semanticModel xsi:type="di:EMFSemanticModelBridge" xmi:id="_T36uV57OEeKjC9zfFNGw9A" presentation="operations">
            <element href="airbag1.sysml#_T4NpQJ7OEeKjC9zfFNGw9A"/>
          </semanticModel>
        </contained>
        <contained xsi:type="di:GraphNode" xmi:id="_T36uWJ7OEeKjC9zfFNGw9A">
          <property xmi:id="_T36uWZ7OEeKjC9zfFNGw9A" key="eStructuralFeatureID" value="37"/>
          <semanticModel xsi:type="di:EMFSemanticModelBridge" xmi:id="_T36uWp7OEeKjC9zfFNGw9A" presentation="default">
            <element href="airbag1.sysml#_T4NpQJ7OEeKjC9zfFNGw9A"/>
          </semanticModel>
        </contained>
      </contained>
      <contained xsi:type="di:GraphEdge" xmi:id="_V9XX4Z7OEeKjC9zfFNGw9A" anchor="_-XyKgJ7JEeKjC9zfFNGw9A _V9XX4J7OEeKjC9zfFNGw9A">
        <semanticModel xsi:type="di:SimpleSemanticModelElement" xmi:id="_V9XX4p7OEeKjC9zfFNGw9A" presentation="default" typeInfo="ContainmentLink"/>
        <waypoints>[-30, 111, 0, -105]</waypoints>
      </contained>
      <contained xsi:type="di:GraphEdge" xmi:id="_WYcKUJ7OEeKjC9zfFNGw9A" anchor="_-XyKgJ7JEeKjC9zfFNGw9A _WYTAYJ7OEeKjC9zfFNGw9A">
        <semanticModel xsi:type="di:SimpleSemanticModelElement" xmi:id="_WYcKUZ7OEeKjC9zfFNGw9A" presentation="default" typeInfo="ContainmentLink"/>
      </contained>
      <contained xsi:type="di:GraphNode" xmi:id="_DDxKMNGbEeKDDfZl36mumg" position="463,685" size="114,-1">
        <anchorage xmi:id="_fFFf4NGbEeKDDfZl36mumg" graphEdge="_fFOp0NGbEeKDDfZl36mumg"/>
        <semanticModel xsi:type="di:EMFSemanticModelBridge" xmi:id="_DDxKMdGbEeKDDfZl36mumg" presentation="default">
          <element href="airbag1.sysml#_DEXAENGbEeKDDfZl36mumg"/>
        </semanticModel>
        <contained xsi:type="di:GraphNode" xmi:id="_DDxKMtGbEeKDDfZl36mumg">
          <property xmi:id="_DDxKM9GbEeKDDfZl36mumg" key="eStructuralFeatureID" value="12"/>
          <semanticModel xsi:type="di:EMFSemanticModelBridge" xmi:id="_DDxKNNGbEeKDDfZl36mumg" presentation="constraints">
            <element href="airbag1.sysml#_DEXAENGbEeKDDfZl36mumg"/>
          </semanticModel>
        </contained>
        <contained xsi:type="di:GraphNode" xmi:id="_DDxKNdGbEeKDDfZl36mumg">
          <property xmi:id="_DDxKNtGbEeKDDfZl36mumg" key="eStructuralFeatureID" value="47 50 "/>
          <semanticModel xsi:type="di:EMFSemanticModelBridge" xmi:id="_DDxKN9GbEeKDDfZl36mumg" presentation="operations">
            <element href="airbag1.sysml#_DEXAENGbEeKDDfZl36mumg"/>
          </semanticModel>
        </contained>
        <contained xsi:type="di:GraphNode" xmi:id="_DDxKONGbEeKDDfZl36mumg">
          <property xmi:id="_DDxKOdGbEeKDDfZl36mumg" key="eStructuralFeatureID" value="37"/>
          <semanticModel xsi:type="di:EMFSemanticModelBridge" xmi:id="_DDxKOtGbEeKDDfZl36mumg" presentation="default">
            <element href="airbag1.sysml#_DEXAENGbEeKDDfZl36mumg"/>
          </semanticModel>
        </contained>
      </contained>
      <contained xsi:type="di:GraphNode" xmi:id="_G2RLcNGbEeKDDfZl36mumg" position="585,685" size="100,-1">
        <anchorage xmi:id="_fucl8NGbEeKDDfZl36mumg" graphEdge="_fucl8dGbEeKDDfZl36mumg"/>
        <semanticModel xsi:type="di:EMFSemanticModelBridge" xmi:id="_G2RLcdGbEeKDDfZl36mumg" presentation="default">
          <element href="airbag1.sysml#_G23oYNGbEeKDDfZl36mumg"/>
        </semanticModel>
        <contained xsi:type="di:GraphNode" xmi:id="_G2RLctGbEeKDDfZl36mumg">
          <property xmi:id="_G2RLc9GbEeKDDfZl36mumg" key="eStructuralFeatureID" value="12"/>
          <semanticModel xsi:type="di:EMFSemanticModelBridge" xmi:id="_G2RLdNGbEeKDDfZl36mumg" presentation="constraints">
            <element href="airbag1.sysml#_G23oYNGbEeKDDfZl36mumg"/>
          </semanticModel>
        </contained>
        <contained xsi:type="di:GraphNode" xmi:id="_G2RLddGbEeKDDfZl36mumg">
          <property xmi:id="_G2RLdtGbEeKDDfZl36mumg" key="eStructuralFeatureID" value="47 50 "/>
          <semanticModel xsi:type="di:EMFSemanticModelBridge" xmi:id="_G2RLd9GbEeKDDfZl36mumg" presentation="operations">
            <element href="airbag1.sysml#_G23oYNGbEeKDDfZl36mumg"/>
          </semanticModel>
        </contained>
        <contained xsi:type="di:GraphNode" xmi:id="_G2RLeNGbEeKDDfZl36mumg">
          <property xmi:id="_G2RLedGbEeKDDfZl36mumg" key="eStructuralFeatureID" value="37"/>
          <semanticModel xsi:type="di:EMFSemanticModelBridge" xmi:id="_G2RLetGbEeKDDfZl36mumg" presentation="default">
            <element href="airbag1.sysml#_G23oYNGbEeKDDfZl36mumg"/>
          </semanticModel>
        </contained>
      </contained>
      <contained xsi:type="di:GraphNode" xmi:id="_LsUUYNGbEeKDDfZl36mumg" position="692,686" size="100,-1">
        <anchorage xmi:id="_gPxKUNGbEeKDDfZl36mumg" graphEdge="_gPxKUdGbEeKDDfZl36mumg"/>
        <semanticModel xsi:type="di:EMFSemanticModelBridge" xmi:id="_LsUUYdGbEeKDDfZl36mumg" presentation="default">
          <element href="airbag1.sysml#_LswZQNGbEeKDDfZl36mumg"/>
        </semanticModel>
        <contained xsi:type="di:GraphNode" xmi:id="_LsUUYtGbEeKDDfZl36mumg">
          <property xmi:id="_LsUUY9GbEeKDDfZl36mumg" key="eStructuralFeatureID" value="12"/>
          <semanticModel xsi:type="di:EMFSemanticModelBridge" xmi:id="_LsUUZNGbEeKDDfZl36mumg" presentation="constraints">
            <element href="airbag1.sysml#_LswZQNGbEeKDDfZl36mumg"/>
          </semanticModel>
        </contained>
        <contained xsi:type="di:GraphNode" xmi:id="_LsUUZdGbEeKDDfZl36mumg">
          <property xmi:id="_LsUUZtGbEeKDDfZl36mumg" key="eStructuralFeatureID" value="47 50 "/>
          <semanticModel xsi:type="di:EMFSemanticModelBridge" xmi:id="_LsUUZ9GbEeKDDfZl36mumg" presentation="operations">
            <element href="airbag1.sysml#_LswZQNGbEeKDDfZl36mumg"/>
          </semanticModel>
        </contained>
        <contained xsi:type="di:GraphNode" xmi:id="_LsUUaNGbEeKDDfZl36mumg">
          <property xmi:id="_LsUUadGbEeKDDfZl36mumg" key="eStructuralFeatureID" value="37"/>
          <semanticModel xsi:type="di:EMFSemanticModelBridge" xmi:id="_LsUUatGbEeKDDfZl36mumg" presentation="default">
            <element href="airbag1.sysml#_LswZQNGbEeKDDfZl36mumg"/>
          </semanticModel>
        </contained>
      </contained>
      <contained xsi:type="di:GraphEdge" xmi:id="_fFOp0NGbEeKDDfZl36mumg" anchor="_a9OWYJ7JEeKjC9zfFNGw9A _fFFf4NGbEeKDDfZl36mumg">
        <semanticModel xsi:type="di:SimpleSemanticModelElement" xmi:id="_fFOp0dGbEeKDDfZl36mumg" presentation="default" typeInfo="ContainmentLink"/>
        <waypoints>[-41, 107, 69, -107]</waypoints>
        <waypoints>[-106, 107, 4, -107]</waypoints>
      </contained>
      <contained xsi:type="di:GraphEdge" xmi:id="_fucl8dGbEeKDDfZl36mumg" anchor="_a9OWYJ7JEeKjC9zfFNGw9A _fucl8NGbEeKDDfZl36mumg">
        <semanticModel xsi:type="di:SimpleSemanticModelElement" xmi:id="_fucl8tGbEeKDDfZl36mumg" presentation="default" typeInfo="ContainmentLink"/>
      </contained>
      <contained xsi:type="di:GraphEdge" xmi:id="_gPxKUdGbEeKDDfZl36mumg" anchor="_a9OWYJ7JEeKjC9zfFNGw9A _gPxKUNGbEeKDDfZl36mumg">
        <semanticModel xsi:type="di:SimpleSemanticModelElement" xmi:id="_gPxKUtGbEeKDDfZl36mumg" presentation="default" typeInfo="ContainmentLink"/>
        <waypoints>[46, 108, -82, -108]</waypoints>
        <waypoints>[122, 108, -6, -108]</waypoints>
      </contained>
      <contained xsi:type="di:GraphNode" xmi:id="_L14i4HnKEeOPFeVV0hjJ3A" position="234,683" size="100,-1">
        <anchorage xmi:id="_YLktMHnKEeOPFeVV0hjJ3A" graphEdge="_YLktMXnKEeOPFeVV0hjJ3A"/>
        <semanticModel xsi:type="di:EMFSemanticModelBridge" xmi:id="_L14i4XnKEeOPFeVV0hjJ3A" presentation="default">
          <element href="airbag1.sysml#_L2CT4HnKEeOPFeVV0hjJ3A"/>
        </semanticModel>
        <contained xsi:type="di:GraphNode" xmi:id="_L14i4nnKEeOPFeVV0hjJ3A">
          <property xmi:id="_L14i43nKEeOPFeVV0hjJ3A" key="eStructuralFeatureID" value="12"/>
          <semanticModel xsi:type="di:EMFSemanticModelBridge" xmi:id="_L14i5HnKEeOPFeVV0hjJ3A" presentation="constraints">
            <element href="airbag1.sysml#_L2CT4HnKEeOPFeVV0hjJ3A"/>
          </semanticModel>
        </contained>
        <contained xsi:type="di:GraphNode" xmi:id="_L14i5XnKEeOPFeVV0hjJ3A">
          <property xmi:id="_L14i5nnKEeOPFeVV0hjJ3A" key="eStructuralFeatureID" value="47 50 "/>
          <semanticModel xsi:type="di:EMFSemanticModelBridge" xmi:id="_L14i53nKEeOPFeVV0hjJ3A" presentation="operations">
            <element href="airbag1.sysml#_L2CT4HnKEeOPFeVV0hjJ3A"/>
          </semanticModel>
        </contained>
        <contained xsi:type="di:GraphNode" xmi:id="_L14i6HnKEeOPFeVV0hjJ3A">
          <property xmi:id="_L14i6XnKEeOPFeVV0hjJ3A" key="eStructuralFeatureID" value="37"/>
          <semanticModel xsi:type="di:EMFSemanticModelBridge" xmi:id="_L14i6nnKEeOPFeVV0hjJ3A" presentation="default">
            <element href="airbag1.sysml#_L2CT4HnKEeOPFeVV0hjJ3A"/>
          </semanticModel>
        </contained>
      </contained>
      <contained xsi:type="di:GraphNode" xmi:id="_Ri-BgHnKEeOPFeVV0hjJ3A" position="339,682" size="100,-1">
        <anchorage xmi:id="_ZU664HnKEeOPFeVV0hjJ3A" graphEdge="_ZVEE0HnKEeOPFeVV0hjJ3A _WlsfEXnLEeOPFeVV0hjJ3A _XMq_gXnLEeOPFeVV0hjJ3A _XvCswHnLEeOPFeVV0hjJ3A"/>
        <semanticModel xsi:type="di:EMFSemanticModelBridge" xmi:id="_Ri-BgXnKEeOPFeVV0hjJ3A" presentation="default">
          <element href="airbag1.sysml#_RjkecHnKEeOPFeVV0hjJ3A"/>
        </semanticModel>
        <contained xsi:type="di:GraphNode" xmi:id="_Ri-BgnnKEeOPFeVV0hjJ3A">
          <property xmi:id="_Ri-Bg3nKEeOPFeVV0hjJ3A" key="eStructuralFeatureID" value="12"/>
          <semanticModel xsi:type="di:EMFSemanticModelBridge" xmi:id="_Ri-BhHnKEeOPFeVV0hjJ3A" presentation="constraints">
            <element href="airbag1.sysml#_RjkecHnKEeOPFeVV0hjJ3A"/>
          </semanticModel>
        </contained>
        <contained xsi:type="di:GraphNode" xmi:id="_Ri-BhXnKEeOPFeVV0hjJ3A">
          <property xmi:id="_Ri-BhnnKEeOPFeVV0hjJ3A" key="eStructuralFeatureID" value="47 50 "/>
          <semanticModel xsi:type="di:EMFSemanticModelBridge" xmi:id="_Ri-Bh3nKEeOPFeVV0hjJ3A" presentation="operations">
            <element href="airbag1.sysml#_RjkecHnKEeOPFeVV0hjJ3A"/>
          </semanticModel>
        </contained>
        <contained xsi:type="di:GraphNode" xmi:id="_Ri-BiHnKEeOPFeVV0hjJ3A">
          <property xmi:id="_Ri-BiXnKEeOPFeVV0hjJ3A" key="eStructuralFeatureID" value="37"/>
          <semanticModel xsi:type="di:EMFSemanticModelBridge" xmi:id="_Ri-BinnKEeOPFeVV0hjJ3A" presentation="default">
            <element href="airbag1.sysml#_RjkecHnKEeOPFeVV0hjJ3A"/>
          </semanticModel>
        </contained>
      </contained>
      <contained xsi:type="di:GraphEdge" xmi:id="_YLktMXnKEeOPFeVV0hjJ3A" anchor="_aGLZoJ7JEeKjC9zfFNGw9A _YLktMHnKEeOPFeVV0hjJ3A">
        <semanticModel xsi:type="di:SimpleSemanticModelElement" xmi:id="_YLktMnnKEeOPFeVV0hjJ3A" presentation="default" typeInfo="ContainmentLink"/>
      </contained>
      <contained xsi:type="di:GraphEdge" xmi:id="_ZVEE0HnKEeOPFeVV0hjJ3A" anchor="_aGLZoJ7JEeKjC9zfFNGw9A _ZU664HnKEeOPFeVV0hjJ3A">
        <semanticModel xsi:type="di:SimpleSemanticModelElement" xmi:id="_ZVEE0XnKEeOPFeVV0hjJ3A" presentation="default" typeInfo="ContainmentLink"/>
      </contained>
      <contained xsi:type="di:GraphNode" xmi:id="_IguIcHnLEeOPFeVV0hjJ3A" position="341,897" size="100,-1">
        <anchorage xmi:id="_WlsfEHnLEeOPFeVV0hjJ3A" graphEdge="_WlsfEXnLEeOPFeVV0hjJ3A"/>
        <semanticModel xsi:type="di:EMFSemanticModelBridge" xmi:id="_IguIcXnLEeOPFeVV0hjJ3A" presentation="default">
          <element href="airbag1.sysml#_IhK0YHnLEeOPFeVV0hjJ3A"/>
        </semanticModel>
        <contained xsi:type="di:GraphNode" xmi:id="_IguIcnnLEeOPFeVV0hjJ3A">
          <property xmi:id="_IguIc3nLEeOPFeVV0hjJ3A" key="eStructuralFeatureID" value="12"/>
          <semanticModel xsi:type="di:EMFSemanticModelBridge" xmi:id="_IguIdHnLEeOPFeVV0hjJ3A" presentation="constraints">
            <element href="airbag1.sysml#_IhK0YHnLEeOPFeVV0hjJ3A"/>
          </semanticModel>
        </contained>
        <contained xsi:type="di:GraphNode" xmi:id="_IguIdXnLEeOPFeVV0hjJ3A">
          <property xmi:id="_IguIdnnLEeOPFeVV0hjJ3A" key="eStructuralFeatureID" value="47 50 "/>
          <semanticModel xsi:type="di:EMFSemanticModelBridge" xmi:id="_IguId3nLEeOPFeVV0hjJ3A" presentation="operations">
            <element href="airbag1.sysml#_IhK0YHnLEeOPFeVV0hjJ3A"/>
          </semanticModel>
        </contained>
        <contained xsi:type="di:GraphNode" xmi:id="_IguIeHnLEeOPFeVV0hjJ3A">
          <property xmi:id="_IguIeXnLEeOPFeVV0hjJ3A" key="eStructuralFeatureID" value="37"/>
          <semanticModel xsi:type="di:EMFSemanticModelBridge" xmi:id="_IguIennLEeOPFeVV0hjJ3A" presentation="default">
            <element href="airbag1.sysml#_IhK0YHnLEeOPFeVV0hjJ3A"/>
          </semanticModel>
        </contained>
      </contained>
      <contained xsi:type="di:GraphNode" xmi:id="_OBd0MHnLEeOPFeVV0hjJ3A" position="465,898" size="100,-1">
        <anchorage xmi:id="_Xu47wHnLEeOPFeVV0hjJ3A" graphEdge="_XvCswHnLEeOPFeVV0hjJ3A"/>
        <semanticModel xsi:type="di:EMFSemanticModelBridge" xmi:id="_OBd0MXnLEeOPFeVV0hjJ3A" presentation="default">
          <element href="airbag1.sysml#_OCNbEHnLEeOPFeVV0hjJ3A"/>
        </semanticModel>
        <contained xsi:type="di:GraphNode" xmi:id="_OBd0MnnLEeOPFeVV0hjJ3A">
          <property xmi:id="_OBd0M3nLEeOPFeVV0hjJ3A" key="eStructuralFeatureID" value="12"/>
          <semanticModel xsi:type="di:EMFSemanticModelBridge" xmi:id="_OBd0NHnLEeOPFeVV0hjJ3A" presentation="constraints">
            <element href="airbag1.sysml#_OCNbEHnLEeOPFeVV0hjJ3A"/>
          </semanticModel>
        </contained>
        <contained xsi:type="di:GraphNode" xmi:id="_OBd0NXnLEeOPFeVV0hjJ3A">
          <property xmi:id="_OBd0NnnLEeOPFeVV0hjJ3A" key="eStructuralFeatureID" value="47 50 "/>
          <semanticModel xsi:type="di:EMFSemanticModelBridge" xmi:id="_OBd0N3nLEeOPFeVV0hjJ3A" presentation="operations">
            <element href="airbag1.sysml#_OCNbEHnLEeOPFeVV0hjJ3A"/>
          </semanticModel>
        </contained>
        <contained xsi:type="di:GraphNode" xmi:id="_OBd0OHnLEeOPFeVV0hjJ3A">
          <property xmi:id="_OBd0OXnLEeOPFeVV0hjJ3A" key="eStructuralFeatureID" value="37"/>
          <semanticModel xsi:type="di:EMFSemanticModelBridge" xmi:id="_OBd0OnnLEeOPFeVV0hjJ3A" presentation="default">
            <element href="airbag1.sysml#_OCNbEHnLEeOPFeVV0hjJ3A"/>
          </semanticModel>
        </contained>
      </contained>
      <contained xsi:type="di:GraphNode" xmi:id="_Q61OAHnLEeOPFeVV0hjJ3A" position="219,897" size="100,-1">
        <anchorage xmi:id="_XMq_gHnLEeOPFeVV0hjJ3A" graphEdge="_XMq_gXnLEeOPFeVV0hjJ3A"/>
        <semanticModel xsi:type="di:EMFSemanticModelBridge" xmi:id="_Q61OAXnLEeOPFeVV0hjJ3A" presentation="default">
          <element href="airbag1.sysml#_Q7R58HnLEeOPFeVV0hjJ3A"/>
        </semanticModel>
        <contained xsi:type="di:GraphNode" xmi:id="_Q61OAnnLEeOPFeVV0hjJ3A">
          <property xmi:id="_Q61OA3nLEeOPFeVV0hjJ3A" key="eStructuralFeatureID" value="12"/>
          <semanticModel xsi:type="di:EMFSemanticModelBridge" xmi:id="_Q61OBHnLEeOPFeVV0hjJ3A" presentation="constraints">
            <element href="airbag1.sysml#_Q7R58HnLEeOPFeVV0hjJ3A"/>
          </semanticModel>
        </contained>
        <contained xsi:type="di:GraphNode" xmi:id="_Q61OBXnLEeOPFeVV0hjJ3A">
          <property xmi:id="_Q61OBnnLEeOPFeVV0hjJ3A" key="eStructuralFeatureID" value="47 50 "/>
          <semanticModel xsi:type="di:EMFSemanticModelBridge" xmi:id="_Q61OB3nLEeOPFeVV0hjJ3A" presentation="operations">
            <element href="airbag1.sysml#_Q7R58HnLEeOPFeVV0hjJ3A"/>
          </semanticModel>
        </contained>
        <contained xsi:type="di:GraphNode" xmi:id="_Q61OCHnLEeOPFeVV0hjJ3A">
          <property xmi:id="_Q61OCXnLEeOPFeVV0hjJ3A" key="eStructuralFeatureID" value="37"/>
          <semanticModel xsi:type="di:EMFSemanticModelBridge" xmi:id="_Q61OCnnLEeOPFeVV0hjJ3A" presentation="default">
            <element href="airbag1.sysml#_Q7R58HnLEeOPFeVV0hjJ3A"/>
          </semanticModel>
        </contained>
      </contained>
      <contained xsi:type="di:GraphEdge" xmi:id="_WlsfEXnLEeOPFeVV0hjJ3A" anchor="_ZU664HnKEeOPFeVV0hjJ3A _WlsfEHnLEeOPFeVV0hjJ3A">
        <semanticModel xsi:type="di:SimpleSemanticModelElement" xmi:id="_WlsfEnnLEeOPFeVV0hjJ3A" presentation="default" typeInfo="ContainmentLink"/>
      </contained>
      <contained xsi:type="di:GraphEdge" xmi:id="_XMq_gXnLEeOPFeVV0hjJ3A" anchor="_ZU664HnKEeOPFeVV0hjJ3A _XMq_gHnLEeOPFeVV0hjJ3A">
        <semanticModel xsi:type="di:SimpleSemanticModelElement" xmi:id="_XMq_gnnLEeOPFeVV0hjJ3A" presentation="default" typeInfo="ContainmentLink"/>
        <waypoints>[-44, 107, 76, -108]</waypoints>
        <waypoints>[-121, 107, -1, -108]</waypoints>
      </contained>
      <contained xsi:type="di:GraphEdge" xmi:id="_XvCswHnLEeOPFeVV0hjJ3A" anchor="_ZU664HnKEeOPFeVV0hjJ3A _Xu47wHnLEeOPFeVV0hjJ3A">
        <semanticModel xsi:type="di:SimpleSemanticModelElement" xmi:id="_XvCswXnLEeOPFeVV0hjJ3A" presentation="default" typeInfo="ContainmentLink"/>
        <waypoints>[45, 108, -81, -108]</waypoints>
        <waypoints>[120, 108, -6, -108]</waypoints>
      </contained>
    </diagrams>