<?xml version="1.0" encoding="UTF-8"?><diagrams xmlns:xmi="http://www.omg.org/XMI" xmlns:xsi="http://www.w3.org/2001/XMLSchema-instance" xmlns:di="http://www.topcased.org/DI/1.0" xmlns:diagrams="http://www.topcased.org/Diagrams/1.0" xmi:id="_Bkln0akJEeKktu4qQz8ePA" position="0,0" size="100,100" name="Airbag safety function" viewport="0,324">
        <property xmi:id="_Ble_sKkJEeKktu4qQz8ePA" key="pageFormatName" value="A4"/>
        <property xmi:id="_BloJoKkJEeKktu4qQz8ePA" key="diagramWidth" value="840"/>
        <property xmi:id="_Blx6oKkJEeKktu4qQz8ePA" key="diagramHeight" value="1188"/>
        <property xmi:id="_Bl7roKkJEeKktu4qQz8ePA" key="pageMarginName" value="Small Margin"/>
        <property xmi:id="_BmE1kKkJEeKktu4qQz8ePA" key="diagramTopMargin" value="20"/>
        <property xmi:id="_BmOmkKkJEeKktu4qQz8ePA" key="diagramBottomMargin" value="20"/>
        <property xmi:id="_BmOmkakJEeKktu4qQz8ePA" key="diagramLeftMargin" value="20"/>
        <property xmi:id="_BmXwgKkJEeKktu4qQz8ePA" key="diagramRightMargin" value="20"/>
        <property xmi:id="_BmhhgKkJEeKktu4qQz8ePA" key="orientation" value="portrait"/>
        <semanticModel xsi:type="di:EMFSemanticModelBridge" xmi:id="_Bkln0qkJEeKktu4qQz8ePA" presentation="org.topcased.modeler.sysml.internalblockdiagram">
          <element href="airbag1.sysml#_xERbIJ7LEeKjC9zfFNGw9A"/>
        </semanticModel>
        <contained xsi:type="di:GraphNode" xmi:id="_zCfeEKkNEeKktu4qQz8ePA" position="98,297" size="486,299">
          <property xmi:id="_zCpPEKkNEeKktu4qQz8ePA" key="routeSelected" value="Property1"/>
          <semanticModel xsi:type="di:EMFSemanticModelBridge" xmi:id="_zCfeEakNEeKktu4qQz8ePA" presentation="default">
            <element href="airbag1.sysml#_zCpPEakNEeKktu4qQz8ePA"/>
          </semanticModel>
          <contained xsi:type="di:GraphNode" xmi:id="__ghFAKkNEeKktu4qQz8ePA" position="-1,52" size="15,15">
            <property xmi:id="__ghFAakNEeKktu4qQz8ePA" key="portPosition" value="1"/>
            <anchorage xmi:id="_V_ev8akPEeKktu4qQz8ePA" graphEdge="_V_ev8qkPEeKktu4qQz8ePA"/>
            <semanticModel xsi:type="di:EMFSemanticModelBridge" xmi:id="__ghFAqkNEeKktu4qQz8ePA" presentation="default">
              <element href="airbag1.sysml#_q2rCsJ7GEeKjC9zfFNGw9A"/>
            </semanticModel>
          </contained>
          <contained xsi:type="di:GraphNode" xmi:id="_X1uVUKkOEeKktu4qQz8ePA" position="82,58" size="293,91">
            <property xmi:id="_X1uVUqkOEeKktu4qQz8ePA" key="routeSelected" value=""/>
            <semanticModel xsi:type="di:EMFSemanticModelBridge" xmi:id="_X1uVUakOEeKktu4qQz8ePA" presentation="default">
              <element href="airbag1.sysml#_X1uVU6kOEeKktu4qQz8ePA"/>
            </semanticModel>
          </contained>
          <contained xsi:type="di:GraphNode" xmi:id="_qO0zkKkOEeKktu4qQz8ePA" position="84,180" size="294,94">
            <property xmi:id="_qO0zkqkOEeKktu4qQz8ePA" key="routeSelected" value=""/>
            <semanticModel xsi:type="di:EMFSemanticModelBridge" xmi:id="_qO0zkakOEeKktu4qQz8ePA" presentation="default">
              <element href="airbag1.sysml#_qO0zk6kOEeKktu4qQz8ePA"/>
            </semanticModel>
          </contained>
        </contained>
        <contained xsi:type="di:GraphNode" xmi:id="_43ftIKkOEeKktu4qQz8ePA" position="103,58" size="474,210">
          <property xmi:id="_43zPIKkOEeKktu4qQz8ePA" key="routeSelected" value="Property2"/>
          <semanticModel xsi:type="di:EMFSemanticModelBridge" xmi:id="_43ftIakOEeKktu4qQz8ePA" presentation="default">
            <element href="airbag1.sysml#_43zPIakOEeKktu4qQz8ePA"/>
          </semanticModel>
          <contained xsi:type="di:GraphNode" xmi:id="_GhsMQKkPEeKktu4qQz8ePA" position="-10,158" size="15,15">
            <property xmi:id="_GhsMQakPEeKktu4qQz8ePA" key="portPosition" value="1"/>
            <anchorage xmi:id="_V_ev8KkPEeKktu4qQz8ePA" graphEdge="_V_ev8qkPEeKktu4qQz8ePA"/>
            <semanticModel xsi:type="di:EMFSemanticModelBridge" xmi:id="_GhsMQqkPEeKktu4qQz8ePA" presentation="default">
              <element href="airbag1.sysml#_ZPkCEJ7GEeKjC9zfFNGw9A"/>
            </semanticModel>
          </contained>
        </contained>
        <contained xsi:type="di:GraphEdge" xmi:id="_V_ev8qkPEeKktu4qQz8ePA" anchor="_V_ev8KkPEeKktu4qQz8ePA _V_ev8akPEeKktu4qQz8ePA">
          <semanticModel xsi:type="di:EMFSemanticModelBridge" xmi:id="_V_ev86kPEeKktu4qQz8ePA" presentation="default">
            <element href="airbag1.sysml#_V_7b4KkPEeKktu4qQz8ePA"/>
          </semanticModel>
          <contained xsi:type="di:EdgeObjectOffset" xmi:id="_V_ev9KkPEeKktu4qQz8ePA" id="connectorMiddleNameEdgeObject"/>
          <contained xsi:type="di:EdgeObjectUV" xmi:id="_V_ev9akPEeKktu4qQz8ePA" id="connectorSourceNameEdgeObject"/>
          <contained xsi:type="di:EdgeObjectUV" xmi:id="_V_ev9qkPEeKktu4qQz8ePA" id="connectorSourceCountEdgeObject"/>
          <contained xsi:type="di:EdgeObjectUV" xmi:id="_V_ev96kPEeKktu4qQz8ePA" id="connectorTargetCountEdgeObject"/>
          <contained xsi:type="di:EdgeObjectUV" xmi:id="_V_ev-KkPEeKktu4qQz8ePA" id="connectorTargetNameEdgeObject"/>
          <contained xsi:type="di:EdgeObjectOffset" xmi:id="_V_ev-akPEeKktu4qQz8ePA" visible="false" id="connectorStereotypeEdgeObject"/>
          <waypoints>[-94, 0, -89, -133]</waypoints>
          <waypoints>[-94, 133, -89, 0]</waypoints>
        </contained>
      </diagrams>