<?xml version="1.0" encoding="UTF-8"?><ownedBehavior xmlns:xmi="http://www.omg.org/XMI" xmlns:Allocations="http://www.eclipse.org/papyrus/0.7.0/SysML/Allocations" xmlns:ecore="http://www.eclipse.org/emf/2002/Ecore" xmlns:refMapProfile="http:///schemas/refMapProfile/_Wn_IAGZAEeKTUctFx_SZgg/7" xmlns:sysML="http://www.topcased.org/2.0/sysML" xmlns:uml="http://www.eclipse.org/uml2/3.0.0/UML" xmlns:xsi="http://www.w3.org/2001/XMLSchema-instance" name="stm_No_both_sw_closed_in_diag_mode" xmi:id="_Epq6IJMAEeOonalRpHtFwQ" xmi:type="uml:StateMachine">
          <region name="Region" xmi:id="_Epq6IZMAEeOonalRpHtFwQ" xmi:type="uml:Region">
            <subvertex name="State1" xmi:id="_3Rxc8JiGEeOvY4TV1SRGNQ" xmi:type="uml:State">
              <region name="Region1" xmi:id="_3Rxc8ZiGEeOvY4TV1SRGNQ" xmi:type="uml:Region">
                <subvertex name="BothOpen" xmi:id="_KrJFZJiHEeOvY4TV1SRGNQ" xmi:type="uml:State">
                  <region name="Region1" xmi:id="_KrJFZZiHEeOvY4TV1SRGNQ" xmi:type="uml:Region">
                    <subvertex name="diag" xmi:id="_MtUYgpiHEeOvY4TV1SRGNQ" xmi:type="uml:State"/>
                    <subvertex name="nodiag" xmi:id="_P9wOgJiHEeOvY4TV1SRGNQ" xmi:type="uml:State"/>
                    <subvertex name="I0" xmi:id="_XBIKoJiHEeOvY4TV1SRGNQ" xmi:type="uml:Pseudostate"/>
                    <transition kind="local" name="i" source="_XBIKoJiHEeOvY4TV1SRGNQ" target="_P9wOgJiHEeOvY4TV1SRGNQ" xmi:id="_ZbjltpiHEeOvY4TV1SRGNQ" xmi:type="uml:Transition"/>
                    <transition kind="local" name="diag_out" source="_MtUYgpiHEeOvY4TV1SRGNQ" target="_P9wOgJiHEeOvY4TV1SRGNQ" xmi:id="_YZRz5ZiIEeOvY4TV1SRGNQ" xmi:type="uml:Transition"/>
                    <transition kind="local" name="diag_in" source="_P9wOgJiHEeOvY4TV1SRGNQ" target="_MtUYgpiHEeOvY4TV1SRGNQ" xmi:id="_b85rpJiIEeOvY4TV1SRGNQ" xmi:type="uml:Transition"/>
                    <transition name="sw1_close" source="_MtUYgpiHEeOvY4TV1SRGNQ" target="_JtU80JiIEeOvY4TV1SRGNQ" xmi:id="_Ji0rFJiKEeOvY4TV1SRGNQ" xmi:type="uml:Transition"/>
                    <transition name="sw1_close" source="_P9wOgJiHEeOvY4TV1SRGNQ" target="_LlFvsJiIEeOvY4TV1SRGNQ" xmi:id="_VklMxJiKEeOvY4TV1SRGNQ" xmi:type="uml:Transition"/>
                    <transition name="sw2_close" source="_MtUYgpiHEeOvY4TV1SRGNQ" target="_15g-opiIEeOvY4TV1SRGNQ" xmi:id="_xGWftJiKEeOvY4TV1SRGNQ" xmi:type="uml:Transition"/>
                    <transition name="sw2_close" source="_P9wOgJiHEeOvY4TV1SRGNQ" target="_15g-o5iIEeOvY4TV1SRGNQ" xmi:id="_BDPaNJiLEeOvY4TV1SRGNQ" xmi:type="uml:Transition"/>
                  </region>
                </subvertex>
                <subvertex name="Iinit1" xmi:id="_gmOco5iHEeOvY4TV1SRGNQ" xmi:type="uml:Pseudostate"/>
                <subvertex name="BothClosed" xmi:id="_0JHNcpiHEeOvY4TV1SRGNQ" xmi:type="uml:State"/>
                <subvertex name="Only1Closed" xmi:id="_C8_RcJiIEeOvY4TV1SRGNQ" xmi:type="uml:State">
                  <region name="Region1" xmi:id="_C8_RcZiIEeOvY4TV1SRGNQ" xmi:type="uml:Region">
                    <subvertex name="diag" xmi:id="_JtU80JiIEeOvY4TV1SRGNQ" xmi:type="uml:State"/>
                    <subvertex name="nodiag" xmi:id="_LlFvsJiIEeOvY4TV1SRGNQ" xmi:type="uml:State"/>
                    <subvertex name="I1" xmi:id="_QT1905iIEeOvY4TV1SRGNQ" xmi:type="uml:Pseudostate"/>
                    <transition kind="local" name="i" source="_QT1905iIEeOvY4TV1SRGNQ" target="_LlFvsJiIEeOvY4TV1SRGNQ" xmi:id="_UgFUxJiIEeOvY4TV1SRGNQ" xmi:type="uml:Transition"/>
                    <transition kind="local" name="diag_out" source="_JtU80JiIEeOvY4TV1SRGNQ" target="_LlFvsJiIEeOvY4TV1SRGNQ" xmi:id="_mbua9ZiIEeOvY4TV1SRGNQ" xmi:type="uml:Transition"/>
                    <transition kind="local" name="diag_in" source="_LlFvsJiIEeOvY4TV1SRGNQ" target="_JtU80JiIEeOvY4TV1SRGNQ" xmi:id="_pvbAVJiIEeOvY4TV1SRGNQ" xmi:type="uml:Transition"/>
                    <transition name="sw1_open" source="_JtU80JiIEeOvY4TV1SRGNQ" target="_MtUYgpiHEeOvY4TV1SRGNQ" xmi:id="_R1Mw9JiKEeOvY4TV1SRGNQ" xmi:type="uml:Transition"/>
                    <transition name="sw1_open" source="_LlFvsJiIEeOvY4TV1SRGNQ" target="_P9wOgJiHEeOvY4TV1SRGNQ" xmi:id="_YbRtFJiKEeOvY4TV1SRGNQ" xmi:type="uml:Transition"/>
                    <transition name="sw2_close" source="_LlFvsJiIEeOvY4TV1SRGNQ" target="_0JHNcpiHEeOvY4TV1SRGNQ" xmi:id="_fpEJdZiKEeOvY4TV1SRGNQ" xmi:type="uml:Transition"/>
                  </region>
                </subvertex>
                <subvertex name="Only2Closed" xmi:id="_15g-oJiIEeOvY4TV1SRGNQ" xmi:type="uml:State">
                  <region name="Region1" xmi:id="_15g-oZiIEeOvY4TV1SRGNQ" xmi:type="uml:Region">
                    <subvertex name="diag" xmi:id="_15g-opiIEeOvY4TV1SRGNQ" xmi:type="uml:State"/>
                    <subvertex name="nodiag" xmi:id="_15g-o5iIEeOvY4TV1SRGNQ" xmi:type="uml:State"/>
                    <subvertex name="I2" xmi:id="_15g-pJiIEeOvY4TV1SRGNQ" xmi:type="uml:Pseudostate"/>
                    <subvertex name="I2" xmi:id="_1N9DsJiJEeOvY4TV1SRGNQ" xmi:type="uml:Pseudostate"/>
                    <transition kind="local" name="i" source="_15g-pJiIEeOvY4TV1SRGNQ" target="_15g-o5iIEeOvY4TV1SRGNQ" xmi:id="_15g-pZiIEeOvY4TV1SRGNQ" xmi:type="uml:Transition"/>
                    <transition kind="local" name="diag_out" source="_15g-opiIEeOvY4TV1SRGNQ" target="_15g-o5iIEeOvY4TV1SRGNQ" xmi:id="_15g-ppiIEeOvY4TV1SRGNQ" xmi:type="uml:Transition"/>
                    <transition kind="local" name="diag_in" source="_15g-o5iIEeOvY4TV1SRGNQ" target="_15g-opiIEeOvY4TV1SRGNQ" xmi:id="_15g-p5iIEeOvY4TV1SRGNQ" xmi:type="uml:Transition"/>
                    <transition kind="local" name="i" source="_1N9DsJiJEeOvY4TV1SRGNQ" target="_15g-o5iIEeOvY4TV1SRGNQ" xmi:id="_2-3ntZiJEeOvY4TV1SRGNQ" xmi:type="uml:Transition"/>
                    <transition name="sw1_close" source="_15g-o5iIEeOvY4TV1SRGNQ" target="_0JHNcpiHEeOvY4TV1SRGNQ" xmi:id="_qsVppJiKEeOvY4TV1SRGNQ" xmi:type="uml:Transition"/>
                    <transition name="sw2_open" source="_15g-opiIEeOvY4TV1SRGNQ" target="_MtUYgpiHEeOvY4TV1SRGNQ" xmi:id="_5r7OZJiKEeOvY4TV1SRGNQ" xmi:type="uml:Transition"/>
                    <transition name="sw2_open" source="_15g-o5iIEeOvY4TV1SRGNQ" target="_P9wOgJiHEeOvY4TV1SRGNQ" xmi:id="_FIL2VJiLEeOvY4TV1SRGNQ" xmi:type="uml:Transition"/>
                  </region>
                </subvertex>
                <transition kind="local" name="i" source="_gmOco5iHEeOvY4TV1SRGNQ" target="_KrJFZJiHEeOvY4TV1SRGNQ" xmi:id="_kMh09piHEeOvY4TV1SRGNQ" xmi:type="uml:Transition"/>
                <transition kind="local" name="sw2_open" source="_0JHNcpiHEeOvY4TV1SRGNQ" target="_LlFvsJiIEeOvY4TV1SRGNQ" xmi:id="_kgADNJiKEeOvY4TV1SRGNQ" xmi:type="uml:Transition"/>
                <transition kind="local" name="sw1_open" source="_0JHNcpiHEeOvY4TV1SRGNQ" target="_15g-o5iIEeOvY4TV1SRGNQ" xmi:id="_nm6w1JiKEeOvY4TV1SRGNQ" xmi:type="uml:Transition"/>
              </region>
            </subvertex>
            <subvertex name="Init" xmi:id="_6t0GAJiGEeOvY4TV1SRGNQ" xmi:type="uml:Pseudostate"/>
            <subvertex name="FaultState" xmi:id="_SYo_wJiLEeOvY4TV1SRGNQ" xmi:type="uml:State"/>
            <transition kind="local" name="i" source="_6t0GAJiGEeOvY4TV1SRGNQ" target="_3Rxc8JiGEeOvY4TV1SRGNQ" xmi:id="_8Bkz9piGEeOvY4TV1SRGNQ" xmi:type="uml:Transition"/>
            <transition kind="local" name="reset" source="_3Rxc8JiGEeOvY4TV1SRGNQ" target="_3Rxc8JiGEeOvY4TV1SRGNQ" xmi:id="_AbMflZiHEeOvY4TV1SRGNQ" xmi:type="uml:Transition"/>
            <transition kind="local" name="fault" source="_3Rxc8JiGEeOvY4TV1SRGNQ" target="_SYo_wJiLEeOvY4TV1SRGNQ" xmi:id="_VlzfVJiLEeOvY4TV1SRGNQ" xmi:type="uml:Transition"/>
            <transition kind="local" name="reset" source="_SYo_wJiLEeOvY4TV1SRGNQ" target="_3Rxc8JiGEeOvY4TV1SRGNQ" xmi:id="_Ya3A5JiLEeOvY4TV1SRGNQ" xmi:type="uml:Transition"/>
            <transition kind="local" name="diag_in" source="_SYo_wJiLEeOvY4TV1SRGNQ" target="_SYo_wJiLEeOvY4TV1SRGNQ" xmi:id="_E4x2dZiNEeOvY4TV1SRGNQ" xmi:type="uml:Transition"/>
            <transition kind="local" name="diag_out" source="_SYo_wJiLEeOvY4TV1SRGNQ" target="_SYo_wJiLEeOvY4TV1SRGNQ" xmi:id="_MCjVhJiNEeOvY4TV1SRGNQ" xmi:type="uml:Transition"/>
            <transition kind="local" name="sw1_open" source="_SYo_wJiLEeOvY4TV1SRGNQ" target="_SYo_wJiLEeOvY4TV1SRGNQ" xmi:id="_SoLltJiNEeOvY4TV1SRGNQ" xmi:type="uml:Transition"/>
            <transition kind="local" name="sw1_close" source="_SYo_wJiLEeOvY4TV1SRGNQ" target="_SYo_wJiLEeOvY4TV1SRGNQ" xmi:id="_V6Y9VJiNEeOvY4TV1SRGNQ" xmi:type="uml:Transition"/>
            <transition kind="local" name="sw2_open" source="_SYo_wJiLEeOvY4TV1SRGNQ" target="_SYo_wJiLEeOvY4TV1SRGNQ" xmi:id="_c9LDlJiNEeOvY4TV1SRGNQ" xmi:type="uml:Transition"/>
            <transition kind="local" name="sw2_close" source="_SYo_wJiLEeOvY4TV1SRGNQ" target="_SYo_wJiLEeOvY4TV1SRGNQ" xmi:id="_flJLYJiNEeOvY4TV1SRGNQ" xmi:type="uml:Transition"/>
          </region>
        </ownedBehavior>