<?xml version="1.0" encoding="UTF-8"?><ownedBehavior xmlns:xmi="http://www.omg.org/XMI" xmlns:Allocations="http://www.eclipse.org/papyrus/0.7.0/SysML/Allocations" xmlns:ecore="http://www.eclipse.org/emf/2002/Ecore" xmlns:refMapProfile="http:///schemas/refMapProfile/_Wn_IAGZAEeKTUctFx_SZgg/7" xmlns:sysML="http://www.topcased.org/2.0/sysML" xmlns:uml="http://www.eclipse.org/uml2/3.0.0/UML" xmlns:xsi="http://www.w3.org/2001/XMLSchema-instance" name="stm_No_false_detection" xmi:id="_3338cKstEeKAXYs_STX4dA" xmi:type="uml:StateMachine">
          <region name="Region" xmi:id="_3338castEeKAXYs_STX4dA" xmi:type="uml:Region">
            <subvertex name="No_critical_collision_started" xmi:id="_6EUl4qstEeKAXYs_STX4dA" xmi:type="uml:State"/>
            <subvertex name="Init" xmi:id="__En3AKstEeKAXYs_STX4dA" xmi:type="uml:Pseudostate"/>
            <subvertex name="Critical_collision_started" xmi:id="_EPDUgKsuEeKAXYs_STX4dA" xmi:type="uml:State"/>
            <subvertex name="Critical_collision_detected" xmi:id="_QQqFMqsuEeKAXYs_STX4dA" xmi:type="uml:State"/>
            <transition kind="local" name="i" source="__En3AKstEeKAXYs_STX4dA" target="_6EUl4qstEeKAXYs_STX4dA" xmi:id="_AdcrJKsuEeKAXYs_STX4dA" xmi:type="uml:Transition"/>
            <transition kind="local" name="cc_detected" source="_EPDUgKsuEeKAXYs_STX4dA" target="_QQqFMqsuEeKAXYs_STX4dA" xmi:id="_TW0k5asuEeKAXYs_STX4dA" xmi:type="uml:Transition"/>
            <transition kind="local" name="start_cc" source="_EPDUgKsuEeKAXYs_STX4dA" target="_EPDUgKsuEeKAXYs_STX4dA" xmi:id="_HAsldFh0EeOaA4iYXL9bKA" xmi:type="uml:Transition"/>
            <transition kind="local" name="start_cc" source="_QQqFMqsuEeKAXYs_STX4dA" target="_QQqFMqsuEeKAXYs_STX4dA" xmi:id="_c8-PhVh0EeOaA4iYXL9bKA" xmi:type="uml:Transition"/>
            <transition kind="local" name="start_cc" source="_6EUl4qstEeKAXYs_STX4dA" target="_EPDUgKsuEeKAXYs_STX4dA" xmi:id="_ViFgZFh2EeOaA4iYXL9bKA" xmi:type="uml:Transition"/>
            <transition kind="local" name="cc_detected" source="_QQqFMqsuEeKAXYs_STX4dA" target="_QQqFMqsuEeKAXYs_STX4dA" xmi:id="_n_ptJHnOEeOPFeVV0hjJ3A" xmi:type="uml:Transition"/>
          </region>
        </ownedBehavior>