<?xml version="1.0" encoding="UTF-8"?><ownedBehavior xmlns:xmi="http://www.omg.org/XMI" xmlns:Allocations="http://www.eclipse.org/papyrus/0.7.0/SysML/Allocations" xmlns:ecore="http://www.eclipse.org/emf/2002/Ecore" xmlns:refMapProfile="http:///schemas/refMapProfile/_Wn_IAGZAEeKTUctFx_SZgg/7" xmlns:sysML="http://www.topcased.org/2.0/sysML" xmlns:uml="http://www.eclipse.org/uml2/3.0.0/UML" xmlns:xsi="http://www.w3.org/2001/XMLSchema-instance" name="stm_No_unintended_deploy" xmi:id="_EHx5oJ4OEeKag5gLaCX0lg" xmi:type="uml:StateMachine">
          <region name="Region" xmi:id="_EHx5oZ4OEeKag5gLaCX0lg" xmi:type="uml:Region">
            <subvertex name="No_critical_collision_started" xmi:id="_FwOeIJ4OEeKag5gLaCX0lg" xmi:type="uml:State"/>
            <subvertex name="Critical_collision_started" xmi:id="_PL8xsJ4OEeKag5gLaCX0lg" xmi:type="uml:State"/>
            <subvertex name="Init" xmi:id="_ZYA9E54OEeKag5gLaCX0lg" xmi:type="uml:Pseudostate"/>
            <transition kind="local" name="" source="_ZYA9E54OEeKag5gLaCX0lg" target="_FwOeIJ4OEeKag5gLaCX0lg" xmi:id="_fVeaBp4OEeKag5gLaCX0lg" xmi:type="uml:Transition"/>
            <transition kind="local" name="start_cc" source="_FwOeIJ4OEeKag5gLaCX0lg" target="_PL8xsJ4OEeKag5gLaCX0lg" xmi:id="_pet65Z4OEeKag5gLaCX0lg" xmi:type="uml:Transition">
              <trigger name="start_cc" xmi:id="_rVJRAJ4OEeKag5gLaCX0lg" xmi:type="uml:Trigger"/>
            </transition>
            <transition kind="local" name="deploy" source="_PL8xsJ4OEeKag5gLaCX0lg" target="_PL8xsJ4OEeKag5gLaCX0lg" xmi:id="_IBT6hZ4PEeKag5gLaCX0lg" xmi:type="uml:Transition"/>
            <transition kind="local" name="start_cc" source="_PL8xsJ4OEeKag5gLaCX0lg" target="_PL8xsJ4OEeKag5gLaCX0lg" xmi:id="_7gA-FFhTEeOmr5U5Aqwqvw" xmi:type="uml:Transition"/>
          </region>
        </ownedBehavior>