<?xml version="1.0" encoding="UTF-8"?><ownedBehavior xmlns:xmi="http://www.omg.org/XMI" xmlns:Allocations="http://www.eclipse.org/papyrus/0.7.0/SysML/Allocations" xmlns:ecore="http://www.eclipse.org/emf/2002/Ecore" xmlns:refMapProfile="http:///schemas/refMapProfile/_Wn_IAGZAEeKTUctFx_SZgg/7" xmlns:sysML="http://www.topcased.org/2.0/sysML" xmlns:uml="http://www.eclipse.org/uml2/3.0.0/UML" xmlns:xsi="http://www.w3.org/2001/XMLSchema-instance" name="stm_No_deploy_without_detection" xmi:id="_eG24oKsxEeKAXYs_STX4dA" xmi:type="uml:StateMachine">
          <region name="Region" xmi:id="_eG24oasxEeKAXYs_STX4dA" xmi:type="uml:Region">
            <subvertex name="No_collision_detected" xmi:id="_e5vHEqsxEeKAXYs_STX4dA" xmi:type="uml:State"/>
            <subvertex name="Init" xmi:id="_hPs446sxEeKAXYs_STX4dA" xmi:type="uml:Pseudostate"/>
            <subvertex name="Collision_detected" xmi:id="_lxzyIqsxEeKAXYs_STX4dA" xmi:type="uml:State"/>
            <subvertex name="Airbag_deployed" xmi:id="_1xErMqsxEeKAXYs_STX4dA" xmi:type="uml:State"/>
            <transition kind="local" name="" source="_hPs446sxEeKAXYs_STX4dA" target="_e5vHEqsxEeKAXYs_STX4dA" xmi:id="_icUdBqsxEeKAXYs_STX4dA" xmi:type="uml:Transition"/>
            <transition kind="local" name="cc_detected" source="_e5vHEqsxEeKAXYs_STX4dA" target="_lxzyIqsxEeKAXYs_STX4dA" xmi:id="_ohENtasxEeKAXYs_STX4dA" xmi:type="uml:Transition"/>
            <transition kind="local" name="deploy" source="_lxzyIqsxEeKAXYs_STX4dA" target="_1xErMqsxEeKAXYs_STX4dA" xmi:id="_7TwQpKsxEeKAXYs_STX4dA" xmi:type="uml:Transition"/>
            <transition kind="local" name="cc_detected" source="_lxzyIqsxEeKAXYs_STX4dA" target="_lxzyIqsxEeKAXYs_STX4dA" xmi:id="_LT0lZXnPEeOPFeVV0hjJ3A" xmi:type="uml:Transition"/>
            <transition kind="local" name="deploy" source="_1xErMqsxEeKAXYs_STX4dA" target="_1xErMqsxEeKAXYs_STX4dA" xmi:id="_fvPgtXnPEeOPFeVV0hjJ3A" xmi:type="uml:Transition"/>
            <transition kind="local" name="cc_detected" source="_1xErMqsxEeKAXYs_STX4dA" target="_1xErMqsxEeKAXYs_STX4dA" xmi:id="_wxmOdHnPEeOPFeVV0hjJ3A" xmi:type="uml:Transition"/>
          </region>
        </ownedBehavior>