<?xml version="1.0" encoding="UTF-8"?><ownedBehavior xmlns:xmi="http://www.omg.org/XMI" xmlns:Allocations="http://www.eclipse.org/papyrus/0.7.0/SysML/Allocations" xmlns:ecore="http://www.eclipse.org/emf/2002/Ecore" xmlns:refMapProfile="http:///schemas/refMapProfile/_Wn_IAGZAEeKTUctFx_SZgg/7" xmlns:sysML="http://www.topcased.org/2.0/sysML" xmlns:uml="http://www.eclipse.org/uml2/3.0.0/UML" xmlns:xsi="http://www.w3.org/2001/XMLSchema-instance" name="stm_No_unintended_deploy_after_each_reset" xmi:id="_yMqG4FhUEeOmr5U5Aqwqvw" xmi:type="uml:StateMachine">
          <region name="Region" xmi:id="_yMqG4VhUEeOmr5U5Aqwqvw" xmi:type="uml:Region">
            <subvertex name="Init" xmi:id="_45H-4FhUEeOmr5U5Aqwqvw" xmi:type="uml:Pseudostate"/>
            <subvertex name="AfterReset" xmi:id="__JxdkFhUEeOmr5U5Aqwqvw" xmi:type="uml:State"/>
            <subvertex name="AfterCollisionStart" xmi:id="_KMI-0FhVEeOmr5U5Aqwqvw" xmi:type="uml:State"/>
            <subvertex name="Deployed" xmi:id="_mc768FhVEeOmr5U5Aqwqvw" xmi:type="uml:State"/>
            <transition kind="local" name="" source="_45H-4FhUEeOmr5U5Aqwqvw" target="__JxdkFhUEeOmr5U5Aqwqvw" xmi:id="_FakGNlhVEeOmr5U5Aqwqvw" xmi:type="uml:Transition"/>
            <transition kind="local" name="start_cc" source="__JxdkFhUEeOmr5U5Aqwqvw" target="_KMI-0FhVEeOmr5U5Aqwqvw" xmi:id="_OeCR1VhVEeOmr5U5Aqwqvw" xmi:type="uml:Transition"/>
            <transition kind="local" name="reset" source="_KMI-0FhVEeOmr5U5Aqwqvw" target="__JxdkFhUEeOmr5U5Aqwqvw" xmi:id="_WblXNFhVEeOmr5U5Aqwqvw" xmi:type="uml:Transition"/>
            <transition kind="local" name="deploy" source="_KMI-0FhVEeOmr5U5Aqwqvw" target="_mc768FhVEeOmr5U5Aqwqvw" xmi:id="_p5Q341hVEeOmr5U5Aqwqvw" xmi:type="uml:Transition"/>
            <transition kind="local" name="reset" source="_mc768FhVEeOmr5U5Aqwqvw" target="__JxdkFhUEeOmr5U5Aqwqvw" xmi:id="_sbSItFhVEeOmr5U5Aqwqvw" xmi:type="uml:Transition"/>
            <transition kind="local" name="start_cc" source="_KMI-0FhVEeOmr5U5Aqwqvw" target="_KMI-0FhVEeOmr5U5Aqwqvw" xmi:id="_4RbQRFhVEeOmr5U5Aqwqvw" xmi:type="uml:Transition"/>
            <transition kind="local" name="start_cc" source="_mc768FhVEeOmr5U5Aqwqvw" target="_mc768FhVEeOmr5U5Aqwqvw" xmi:id="_C-YiNVhWEeOmr5U5Aqwqvw" xmi:type="uml:Transition"/>
            <transition kind="local" name="reset" source="__JxdkFhUEeOmr5U5Aqwqvw" target="__JxdkFhUEeOmr5U5Aqwqvw" xmi:id="_bmyhRMSdEeSMN_NZowl1oA" xmi:type="uml:Transition"/>
          </region>
        </ownedBehavior>