<?xml version="1.0" encoding="UTF-8"?><ownedBehavior xmlns:xmi="http://www.omg.org/XMI" xmlns:Allocations="http://www.eclipse.org/papyrus/0.7.0/SysML/Allocations" xmlns:ecore="http://www.eclipse.org/emf/2002/Ecore" xmlns:refMapProfile="http:///schemas/refMapProfile/_Wn_IAGZAEeKTUctFx_SZgg/7" xmlns:sysML="http://www.topcased.org/2.0/sysML" xmlns:uml="http://www.eclipse.org/uml2/3.0.0/UML" xmlns:xsi="http://www.w3.org/2001/XMLSchema-instance" name="stm_TSR4" xmi:id="__XdRMDAREeSh9bjSiMhpxA" xmi:type="uml:StateMachine">
          <region name="Region" xmi:id="__XdRMTAREeSh9bjSiMhpxA" xmi:type="uml:Region">
            <subvertex name="Init" xmi:id="_AQvCkzASEeSh9bjSiMhpxA" xmi:type="uml:Pseudostate"/>
            <subvertex name="Valid" xmi:id="_DqZGAjASEeSh9bjSiMhpxA" xmi:type="uml:State"/>
            <subvertex name="Invalid" xmi:id="_Et8NsDASEeSh9bjSiMhpxA" xmi:type="uml:State"/>
            <transition kind="local" name="brake_pedal_sts_validity_FALSE" source="_DqZGAjASEeSh9bjSiMhpxA" target="_Et8NsDASEeSh9bjSiMhpxA" xmi:id="_PhSbhjASEeSh9bjSiMhpxA" xmi:type="uml:Transition"/>
            <transition kind="local" name="brake_pedal_sts_validity_TRUE" source="_Et8NsDASEeSh9bjSiMhpxA" target="_DqZGAjASEeSh9bjSiMhpxA" xmi:id="_VKNy5DASEeSh9bjSiMhpxA" xmi:type="uml:Transition"/>
            <transition kind="local" name="" source="_AQvCkzASEeSh9bjSiMhpxA" target="_DqZGAjASEeSh9bjSiMhpxA" xmi:id="_bWGGVTASEeSh9bjSiMhpxA" xmi:type="uml:Transition"/>
            <transition kind="local" name="BSM_BPS_valid" source="_DqZGAjASEeSh9bjSiMhpxA" target="_DqZGAjASEeSh9bjSiMhpxA" xmi:id="_jnSgdTASEeSh9bjSiMhpxA" xmi:type="uml:Transition"/>
            <transition kind="local" name="BSM_BPS_invalid" source="_Et8NsDASEeSh9bjSiMhpxA" target="_Et8NsDASEeSh9bjSiMhpxA" xmi:id="_zJ1oVTASEeSh9bjSiMhpxA" xmi:type="uml:Transition"/>
            <transition kind="local" name="brake_pedal_sts_validity_TRUE" source="_DqZGAjASEeSh9bjSiMhpxA" target="_DqZGAjASEeSh9bjSiMhpxA" xmi:id="_2Wi05DASEeSh9bjSiMhpxA" xmi:type="uml:Transition"/>
            <transition kind="local" name="brake_pedal_sts_validity_FALSE" source="_Et8NsDASEeSh9bjSiMhpxA" target="_Et8NsDASEeSh9bjSiMhpxA" xmi:id="_R4x2hDBCEeSnocBZhT3NBQ" xmi:type="uml:Transition"/>
          </region>
        </ownedBehavior>