<?xml version="1.0" encoding="UTF-8"?><ownedBehavior xmlns:xmi="http://www.omg.org/XMI" xmlns:Allocations="http://www.eclipse.org/papyrus/0.7.0/SysML/Allocations" xmlns:ecore="http://www.eclipse.org/emf/2002/Ecore" xmlns:refMapProfile="http:///schemas/refMapProfile/_Wn_IAGZAEeKTUctFx_SZgg/7" xmlns:sysML="http://www.topcased.org/2.0/sysML" xmlns:uml="http://www.eclipse.org/uml2/3.0.0/UML" xmlns:xsi="http://www.w3.org/2001/XMLSchema-instance" name="stm_TSR27" xmi:id="_bD0PgKJNEeSlHLP-P69lcw" xmi:type="uml:StateMachine">
          <region name="Region" xmi:id="_bD0PgaJNEeSlHLP-P69lcw" xmi:type="uml:Region">
            <subvertex name="Init" xmi:id="_EAaI0KJOEeSlHLP-P69lcw" xmi:type="uml:Pseudostate"/>
            <subvertex name="Initial" xmi:id="_GuW80KJOEeSlHLP-P69lcw" xmi:type="uml:State"/>
            <subvertex name="DvalStarted" xmi:id="_Obg1wKJOEeSlHLP-P69lcw" xmi:type="uml:State"/>
            <subvertex name="sw1Np" xmi:id="_g8VFkKJOEeSlHLP-P69lcw" xmi:type="uml:State"/>
            <subvertex name="sw1P" xmi:id="_jWs2QKJOEeSlHLP-P69lcw" xmi:type="uml:State"/>
            <subvertex name="sw2Np" xmi:id="_luYfUKJOEeSlHLP-P69lcw" xmi:type="uml:State"/>
            <subvertex name="sw2P" xmi:id="_oQpAsKJOEeSlHLP-P69lcw" xmi:type="uml:State"/>
            <subvertex name="OtherCases" xmi:id="_SUH0IKJQEeSlHLP-P69lcw" xmi:type="uml:State"/>
            <subvertex name="OneNpDSw" xmi:id="_chgYsKJREeSlHLP-P69lcw" xmi:type="uml:State"/>
            <subvertex name="Notified" xmi:id="_IPcYQKJSEeSlHLP-P69lcw" xmi:type="uml:State"/>
            <transition kind="local" name="" source="_EAaI0KJOEeSlHLP-P69lcw" target="_GuW80KJOEeSlHLP-P69lcw" xmi:id="_JMZslKJOEeSlHLP-P69lcw" xmi:type="uml:Transition"/>
            <transition kind="local" name="startDval" source="_GuW80KJOEeSlHLP-P69lcw" target="_Obg1wKJOEeSlHLP-P69lcw" xmi:id="_Q2-LkKJOEeSlHLP-P69lcw" xmi:type="uml:Transition"/>
            <transition kind="local" name="Dsw1_np" source="_Obg1wKJOEeSlHLP-P69lcw" target="_g8VFkKJOEeSlHLP-P69lcw" xmi:id="__EzVBKJOEeSlHLP-P69lcw" xmi:type="uml:Transition"/>
            <transition kind="local" name="Dsw2_np" source="_Obg1wKJOEeSlHLP-P69lcw" target="_luYfUKJOEeSlHLP-P69lcw" xmi:id="_I8NfBKJPEeSlHLP-P69lcw" xmi:type="uml:Transition"/>
            <transition kind="local" name="Dsw1_pl_on" source="_Obg1wKJOEeSlHLP-P69lcw" target="_jWs2QKJOEeSlHLP-P69lcw" xmi:id="_VX4VhKJPEeSlHLP-P69lcw" xmi:type="uml:Transition"/>
            <transition kind="local" name="Dsw1_pl_off" source="_Obg1wKJOEeSlHLP-P69lcw" target="_jWs2QKJOEeSlHLP-P69lcw" xmi:id="_bQ2UBKJPEeSlHLP-P69lcw" xmi:type="uml:Transition"/>
            <transition kind="local" name="Dsw2_pl_on" source="_Obg1wKJOEeSlHLP-P69lcw" target="_oQpAsKJOEeSlHLP-P69lcw" xmi:id="_jt2VhKJPEeSlHLP-P69lcw" xmi:type="uml:Transition"/>
            <transition kind="local" name="Dsw2_pl_off" source="_Obg1wKJOEeSlHLP-P69lcw" target="_oQpAsKJOEeSlHLP-P69lcw" xmi:id="_m34okKJPEeSlHLP-P69lcw" xmi:type="uml:Transition"/>
            <transition kind="local" name="startDval" source="_SUH0IKJQEeSlHLP-P69lcw" target="_Obg1wKJOEeSlHLP-P69lcw" xmi:id="_YgAHkKJQEeSlHLP-P69lcw" xmi:type="uml:Transition"/>
            <transition kind="local" name="Dsw2_pl_off" source="_jWs2QKJOEeSlHLP-P69lcw" target="_SUH0IKJQEeSlHLP-P69lcw" xmi:id="_gYJIhKJQEeSlHLP-P69lcw" xmi:type="uml:Transition"/>
            <transition kind="local" name="Dsw2_pl_on" source="_jWs2QKJOEeSlHLP-P69lcw" target="_SUH0IKJQEeSlHLP-P69lcw" xmi:id="_mWmrBKJQEeSlHLP-P69lcw" xmi:type="uml:Transition"/>
            <transition kind="local" name="Dsw2_np" source="_g8VFkKJOEeSlHLP-P69lcw" target="_SUH0IKJQEeSlHLP-P69lcw" xmi:id="_t0-hEKJQEeSlHLP-P69lcw" xmi:type="uml:Transition"/>
            <transition kind="local" name="Dsw1_pl_on" source="_oQpAsKJOEeSlHLP-P69lcw" target="_SUH0IKJQEeSlHLP-P69lcw" xmi:id="_GgjqBKJREeSlHLP-P69lcw" xmi:type="uml:Transition"/>
            <transition kind="local" name="Dsw1_pl_off" source="_oQpAsKJOEeSlHLP-P69lcw" target="_SUH0IKJQEeSlHLP-P69lcw" xmi:id="_J2frEKJREeSlHLP-P69lcw" xmi:type="uml:Transition"/>
            <transition kind="local" name="Dsw1_np" source="_luYfUKJOEeSlHLP-P69lcw" target="_SUH0IKJQEeSlHLP-P69lcw" xmi:id="_Tt-GgKJREeSlHLP-P69lcw" xmi:type="uml:Transition"/>
            <transition kind="local" name="Dsw2_pl_off" source="_g8VFkKJOEeSlHLP-P69lcw" target="_chgYsKJREeSlHLP-P69lcw" xmi:id="_kNqMEKJREeSlHLP-P69lcw" xmi:type="uml:Transition"/>
            <transition kind="local" name="Dsw2_pl_on" source="_g8VFkKJOEeSlHLP-P69lcw" target="_chgYsKJREeSlHLP-P69lcw" xmi:id="_nkNRJKJREeSlHLP-P69lcw" xmi:type="uml:Transition"/>
            <transition kind="local" name="Dsw2_np" source="_jWs2QKJOEeSlHLP-P69lcw" target="_chgYsKJREeSlHLP-P69lcw" xmi:id="_tjViBKJREeSlHLP-P69lcw" xmi:type="uml:Transition"/>
            <transition kind="local" name="Dsw1_np" source="_oQpAsKJOEeSlHLP-P69lcw" target="_chgYsKJREeSlHLP-P69lcw" xmi:id="_xKcLkKJREeSlHLP-P69lcw" xmi:type="uml:Transition"/>
            <transition kind="local" name="Dsw1_pl_on" source="_luYfUKJOEeSlHLP-P69lcw" target="_chgYsKJREeSlHLP-P69lcw" xmi:id="_0X-ekKJREeSlHLP-P69lcw" xmi:type="uml:Transition"/>
            <transition kind="local" name="Dsw2_pl_off" source="_luYfUKJOEeSlHLP-P69lcw" target="_chgYsKJREeSlHLP-P69lcw" xmi:id="_34HkhKJREeSlHLP-P69lcw" xmi:type="uml:Transition"/>
            <transition kind="local" name="mess_cluster" source="_chgYsKJREeSlHLP-P69lcw" target="_IPcYQKJSEeSlHLP-P69lcw" xmi:id="_K1IBEKJSEeSlHLP-P69lcw" xmi:type="uml:Transition"/>
            <transition kind="local" name="startDval" source="_IPcYQKJSEeSlHLP-P69lcw" target="_Obg1wKJOEeSlHLP-P69lcw" xmi:id="_NxpckKJSEeSlHLP-P69lcw" xmi:type="uml:Transition"/>
          </region>
        </ownedBehavior>