<?xml version="1.0" encoding="UTF-8"?><ownedBehavior xmlns:xmi="http://www.omg.org/XMI" xmlns:Allocations="http://www.eclipse.org/papyrus/0.7.0/SysML/Allocations" xmlns:ecore="http://www.eclipse.org/emf/2002/Ecore" xmlns:refMapProfile="http:///schemas/refMapProfile/_Wn_IAGZAEeKTUctFx_SZgg/7" xmlns:sysML="http://www.topcased.org/2.0/sysML" xmlns:uml="http://www.eclipse.org/uml2/3.0.0/UML" xmlns:xsi="http://www.w3.org/2001/XMLSchema-instance" name="stm_TSR7" xmi:id="_7FWFgDBCEeSnocBZhT3NBQ" xmi:type="uml:StateMachine">
          <region name="Region" xmi:id="_7FWFgTBCEeSnocBZhT3NBQ" xmi:type="uml:Region">
            <subvertex name="Init" xmi:id="_7pWKczBCEeSnocBZhT3NBQ" xmi:type="uml:Pseudostate"/>
            <subvertex name="State1" xmi:id="_9O9dYDBCEeSnocBZhT3NBQ" xmi:type="uml:State"/>
            <subvertex name="State2" xmi:id="__AK8UDBCEeSnocBZhT3NBQ" xmi:type="uml:State"/>
            <subvertex name="State3" xmi:id="_LSS1QDBDEeSnocBZhT3NBQ" xmi:type="uml:State"/>
            <subvertex name="State4" xmi:id="_u5y5MDBDEeSnocBZhT3NBQ" xmi:type="uml:State"/>
            <subvertex name="State5" xmi:id="_Al0PADBEEeSnocBZhT3NBQ" xmi:type="uml:State"/>
            <subvertex name="State6" xmi:id="_BylkIDBEEeSnocBZhT3NBQ" xmi:type="uml:State"/>
            <transition kind="local" name="B_incoherent" source="_9O9dYDBCEeSnocBZhT3NBQ" target="__AK8UDBCEeSnocBZhT3NBQ" xmi:id="_Ckia9DBDEeSnocBZhT3NBQ" xmi:type="uml:Transition"/>
            <transition kind="local" name="BSM_BPS_valid" source="__AK8UDBCEeSnocBZhT3NBQ" target="_LSS1QDBDEeSnocBZhT3NBQ" xmi:id="_QgSkJTBDEeSnocBZhT3NBQ" xmi:type="uml:Transition"/>
            <transition kind="local" name="" source="_7pWKczBCEeSnocBZhT3NBQ" target="_9O9dYDBCEeSnocBZhT3NBQ" xmi:id="_l-z7NTBDEeSnocBZhT3NBQ" xmi:type="uml:Transition"/>
            <transition kind="local" name="BSM_BPS_invalid" source="__AK8UDBCEeSnocBZhT3NBQ" target="_u5y5MDBDEeSnocBZhT3NBQ" xmi:id="_xdwDtTBDEeSnocBZhT3NBQ" xmi:type="uml:Transition"/>
            <transition kind="local" name="B_invalid" source="_u5y5MDBDEeSnocBZhT3NBQ" target="_9O9dYDBCEeSnocBZhT3NBQ" xmi:id="_6mIkhDBDEeSnocBZhT3NBQ" xmi:type="uml:Transition"/>
            <transition kind="local" name="BSM_BPS_on" source="_LSS1QDBDEeSnocBZhT3NBQ" target="_Al0PADBEEeSnocBZhT3NBQ" xmi:id="_Jo_ftTBEEeSnocBZhT3NBQ" xmi:type="uml:Transition"/>
            <transition kind="local" name="BSM_BPS_off" source="_LSS1QDBDEeSnocBZhT3NBQ" target="_BylkIDBEEeSnocBZhT3NBQ" xmi:id="_O0KkFTBEEeSnocBZhT3NBQ" xmi:type="uml:Transition"/>
            <transition kind="local" name="B_valid_pressed" source="_Al0PADBEEeSnocBZhT3NBQ" target="_9O9dYDBCEeSnocBZhT3NBQ" xmi:id="_SWTOFDBEEeSnocBZhT3NBQ" xmi:type="uml:Transition"/>
            <transition kind="local" name="B_valid_unpressed" source="_BylkIDBEEeSnocBZhT3NBQ" target="_9O9dYDBCEeSnocBZhT3NBQ" xmi:id="_dhmo5DBEEeSnocBZhT3NBQ" xmi:type="uml:Transition"/>
          </region>
        </ownedBehavior>