<?xml version="1.0" encoding="UTF-8"?><ownedBehavior xmlns:xmi="http://www.omg.org/XMI" xmlns:Allocations="http://www.eclipse.org/papyrus/0.7.0/SysML/Allocations" xmlns:ecore="http://www.eclipse.org/emf/2002/Ecore" xmlns:refMapProfile="http:///schemas/refMapProfile/_Wn_IAGZAEeKTUctFx_SZgg/7" xmlns:sysML="http://www.topcased.org/2.0/sysML" xmlns:uml="http://www.eclipse.org/uml2/3.0.0/UML" xmlns:xsi="http://www.w3.org/2001/XMLSchema-instance" name="stm_TSR5" xmi:id="_EmWUAC96EeSQPNUOoh7wVw" xmi:type="uml:StateMachine">
          <region name="Region" xmi:id="_EmWUAS96EeSQPNUOoh7wVw" xmi:type="uml:Region">
            <subvertex name="Init" xmi:id="_FcD0Ay96EeSQPNUOoh7wVw" xmi:type="uml:Pseudostate"/>
            <subvertex name="State1" xmi:id="_KMJe4C96EeSQPNUOoh7wVw" xmi:type="uml:State">
              <region name="Region1" xmi:id="_KMJe4S96EeSQPNUOoh7wVw" xmi:type="uml:Region">
                <subvertex name="ValInit" xmi:id="_YZdSIy96EeSQPNUOoh7wVw" xmi:type="uml:Pseudostate"/>
                <subvertex name="Acq" xmi:id="_i_kVMC96EeSQPNUOoh7wVw" xmi:type="uml:State"/>
                <subvertex name="ValStart" xmi:id="_CP-dEC97EeSQPNUOoh7wVw" xmi:type="uml:State"/>
                <subvertex name="NonPlausible" xmi:id="_RGESIC98EeSQPNUOoh7wVw" xmi:type="uml:State"/>
                <subvertex name="BvalFin" xmi:id="_VDlQkC98EeSQPNUOoh7wVw" xmi:type="uml:State"/>
                <subvertex name="B1Plausible" xmi:id="_aBzeEC98EeSQPNUOoh7wVw" xmi:type="uml:State"/>
                <subvertex name="Plausible" xmi:id="_oxxScC98EeSQPNUOoh7wVw" xmi:type="uml:State"/>
                <transition kind="local" name="start_Bacq" source="_YZdSIy96EeSQPNUOoh7wVw" target="_i_kVMC96EeSQPNUOoh7wVw" xmi:id="_zjR_Ji96EeSQPNUOoh7wVw" xmi:type="uml:Transition"/>
                <transition kind="local" name="start_Bval" source="_i_kVMC96EeSQPNUOoh7wVw" target="_CP-dEC97EeSQPNUOoh7wVw" xmi:id="_FkuLVS97EeSQPNUOoh7wVw" xmi:type="uml:Transition"/>
                <transition kind="local" name="B1sw_npl" source="_CP-dEC97EeSQPNUOoh7wVw" target="_RGESIC98EeSQPNUOoh7wVw" xmi:id="_xIwylS98EeSQPNUOoh7wVw" xmi:type="uml:Transition"/>
                <transition kind="local" name="B1sw_pl_on" source="_CP-dEC97EeSQPNUOoh7wVw" target="_aBzeEC98EeSQPNUOoh7wVw" xmi:id="_168IJS98EeSQPNUOoh7wVw" xmi:type="uml:Transition"/>
                <transition kind="local" name="B1sw_pl_off" source="_CP-dEC97EeSQPNUOoh7wVw" target="_aBzeEC98EeSQPNUOoh7wVw" xmi:id="_5ej_5C98EeSQPNUOoh7wVw" xmi:type="uml:Transition"/>
                <transition kind="local" name="B2sw_pl_on" source="_aBzeEC98EeSQPNUOoh7wVw" target="_oxxScC98EeSQPNUOoh7wVw" xmi:id="_Jd-p9S99EeSQPNUOoh7wVw" xmi:type="uml:Transition"/>
                <transition kind="local" name="B2sw_pl_off" source="_aBzeEC98EeSQPNUOoh7wVw" target="_oxxScC98EeSQPNUOoh7wVw" xmi:id="_Sx0M1C99EeSQPNUOoh7wVw" xmi:type="uml:Transition"/>
                <transition kind="local" name="B2sw_npl" source="_aBzeEC98EeSQPNUOoh7wVw" target="_RGESIC98EeSQPNUOoh7wVw" xmi:id="_V0Z0FC99EeSQPNUOoh7wVw" xmi:type="uml:Transition"/>
                <transition kind="local" name="B_invalid" source="_RGESIC98EeSQPNUOoh7wVw" target="_VDlQkC98EeSQPNUOoh7wVw" xmi:id="_aDLhpS99EeSQPNUOoh7wVw" xmi:type="uml:Transition"/>
                <transition kind="local" name="" source="_oxxScC98EeSQPNUOoh7wVw" target="_VDlQkC98EeSQPNUOoh7wVw" xmi:id="_lW9jBC99EeSQPNUOoh7wVw" xmi:type="uml:Transition"/>
                <transition kind="local" name="" source="_VDlQkC98EeSQPNUOoh7wVw" target="_u5a3sDGhEeS9G6s6D2JrUA" xmi:id="_1M5n9DGhEeS9G6s6D2JrUA" xmi:type="uml:Transition"/>
              </region>
              <region name="Region2" xmi:id="_NEoH4i96EeSQPNUOoh7wVw" xmi:type="uml:Region">
                <subvertex name="B1swInit" xmi:id="_Z5apAy96EeSQPNUOoh7wVw" xmi:type="uml:Pseudostate"/>
                <subvertex name="B1swAcq" xmi:id="_kJzTsC96EeSQPNUOoh7wVw" xmi:type="uml:State"/>
                <subvertex name="B1swAcqFin" xmi:id="_eUQnMC97EeSQPNUOoh7wVw" xmi:type="uml:State"/>
                <transition kind="local" name="start_Bacq" source="_Z5apAy96EeSQPNUOoh7wVw" target="_kJzTsC96EeSQPNUOoh7wVw" xmi:id="_4INi5i96EeSQPNUOoh7wVw" xmi:type="uml:Transition"/>
                <transition kind="local" name="B1sw_pl_on" source="_kJzTsC96EeSQPNUOoh7wVw" target="_eUQnMC97EeSQPNUOoh7wVw" xmi:id="_qHSJVS97EeSQPNUOoh7wVw" xmi:type="uml:Transition"/>
                <transition kind="local" name="B1sw_pl_off" source="_kJzTsC96EeSQPNUOoh7wVw" target="_eUQnMC97EeSQPNUOoh7wVw" xmi:id="_w6JkRC97EeSQPNUOoh7wVw" xmi:type="uml:Transition"/>
                <transition kind="local" name="B1sw_npl" source="_kJzTsC96EeSQPNUOoh7wVw" target="_eUQnMC97EeSQPNUOoh7wVw" xmi:id="_0lz9tC97EeSQPNUOoh7wVw" xmi:type="uml:Transition"/>
                <transition kind="local" name="" source="_eUQnMC97EeSQPNUOoh7wVw" target="_u5a3sDGhEeS9G6s6D2JrUA" xmi:id="_yumZhDGhEeS9G6s6D2JrUA" xmi:type="uml:Transition"/>
              </region>
              <region name="Region3" xmi:id="_NeqYgi96EeSQPNUOoh7wVw" xmi:type="uml:Region">
                <subvertex name="B2swInit" xmi:id="_bmw7oy96EeSQPNUOoh7wVw" xmi:type="uml:Pseudostate"/>
                <subvertex name="B2swAcq" xmi:id="_mMIX0C96EeSQPNUOoh7wVw" xmi:type="uml:State"/>
                <subvertex name="B2swAcqFin" xmi:id="_jVnBMC97EeSQPNUOoh7wVw" xmi:type="uml:State"/>
                <transition kind="local" name="start_Bacq" source="_bmw7oy96EeSQPNUOoh7wVw" target="_mMIX0C96EeSQPNUOoh7wVw" xmi:id="_6K1h9i96EeSQPNUOoh7wVw" xmi:type="uml:Transition"/>
                <transition kind="local" name="B2sw_pl_on" source="_mMIX0C96EeSQPNUOoh7wVw" target="_jVnBMC97EeSQPNUOoh7wVw" xmi:id="_6rcfNC97EeSQPNUOoh7wVw" xmi:type="uml:Transition"/>
                <transition kind="local" name="B2sw_pl_off" source="_mMIX0C96EeSQPNUOoh7wVw" target="_jVnBMC97EeSQPNUOoh7wVw" xmi:id="_98LQJC97EeSQPNUOoh7wVw" xmi:type="uml:Transition"/>
                <transition kind="local" name="B2sw_npl" source="_mMIX0C96EeSQPNUOoh7wVw" target="_jVnBMC97EeSQPNUOoh7wVw" xmi:id="_DfvmZC98EeSQPNUOoh7wVw" xmi:type="uml:Transition"/>
                <transition kind="local" name="" source="_jVnBMC97EeSQPNUOoh7wVw" target="_u5a3sDGhEeS9G6s6D2JrUA" xmi:id="_v3m-RTGhEeS9G6s6D2JrUA" xmi:type="uml:Transition"/>
              </region>
            </subvertex>
            <subvertex kind="join" name="Pseudostate1" xmi:id="_u5a3sDGhEeS9G6s6D2JrUA" xmi:type="uml:Pseudostate"/>
            <transition kind="local" name="" source="_FcD0Ay96EeSQPNUOoh7wVw" target="_KMJe4C96EeSQPNUOoh7wVw" xmi:id="_R3GYZi96EeSQPNUOoh7wVw" xmi:type="uml:Transition"/>
            <transition kind="local" name="" source="_u5a3sDGhEeS9G6s6D2JrUA" target="_KMJe4C96EeSQPNUOoh7wVw" xmi:id="_5OIBtDGhEeS9G6s6D2JrUA" xmi:type="uml:Transition"/>
          </region>
        </ownedBehavior>