<?xml version="1.0" encoding="UTF-8"?><ownedBehavior xmlns:xmi="http://www.omg.org/XMI" xmlns:Allocations="http://www.eclipse.org/papyrus/0.7.0/SysML/Allocations" xmlns:ecore="http://www.eclipse.org/emf/2002/Ecore" xmlns:refMapProfile="http:///schemas/refMapProfile/_Wn_IAGZAEeKTUctFx_SZgg/7" xmlns:sysML="http://www.topcased.org/2.0/sysML" xmlns:uml="http://www.eclipse.org/uml2/3.0.0/UML" xmlns:xsi="http://www.w3.org/2001/XMLSchema-instance" name="stm_TSR11" xmi:id="_HH5mgDBFEeSnocBZhT3NBQ" xmi:type="uml:StateMachine">
          <region name="Region" xmi:id="_HH5mgTBFEeSnocBZhT3NBQ" xmi:type="uml:Region">
            <subvertex name="Init" xmi:id="_H42iUzBFEeSnocBZhT3NBQ" xmi:type="uml:Pseudostate"/>
            <subvertex name="State1" xmi:id="_OzpPcDHgEeSUJZ7ApY0OFQ" xmi:type="uml:State">
              <region name="Region1" xmi:id="_OzpPcTHgEeSUJZ7ApY0OFQ" xmi:type="uml:Region">
                <subvertex name="PMode" xmi:id="_UU5cEDHhEeSUJZ7ApY0OFQ" xmi:type="uml:State">
                  <region name="Region1" xmi:id="_UU5cETHhEeSUJZ7ApY0OFQ" xmi:type="uml:Region">
                    <subvertex name="PInit" xmi:id="_ekEl0DHhEeSUJZ7ApY0OFQ" xmi:type="uml:Pseudostate"/>
                    <subvertex name="PState1" xmi:id="_jeGP0DHhEeSUJZ7ApY0OFQ" xmi:type="uml:State"/>
                    <subvertex name="PState2" xmi:id="_nS7MUDHhEeSUJZ7ApY0OFQ" xmi:type="uml:State"/>
                    <transition kind="local" name="" source="_ekEl0DHhEeSUJZ7ApY0OFQ" target="_jeGP0DHhEeSUJZ7ApY0OFQ" xmi:id="_lcfPIDHhEeSUJZ7ApY0OFQ" xmi:type="uml:Transition"/>
                    <transition kind="local" name="B_valid_pressed" source="_jeGP0DHhEeSUJZ7ApY0OFQ" target="_nS7MUDHhEeSUJZ7ApY0OFQ" xmi:id="_qp0PoDHhEeSUJZ7ApY0OFQ" xmi:type="uml:Transition"/>
                    <transition kind="local" name="B_valid_pressed" source="_nS7MUDHhEeSUJZ7ApY0OFQ" target="_nS7MUDHhEeSUJZ7ApY0OFQ" xmi:id="_17xsFDHhEeSUJZ7ApY0OFQ" xmi:type="uml:Transition"/>
                    <transition kind="local" name="B_invalid" source="_nS7MUDHhEeSUJZ7ApY0OFQ" target="_jeGP0DHhEeSUJZ7ApY0OFQ" xmi:id="_fX6oIDHiEeSUJZ7ApY0OFQ" xmi:type="uml:Transition"/>
                    <transition kind="local" name="B_valid_unpressed" source="_nS7MUDHhEeSUJZ7ApY0OFQ" target="_jeGP0DHhEeSUJZ7ApY0OFQ" xmi:id="_hcH7lDHiEeSUJZ7ApY0OFQ" xmi:type="uml:Transition"/>
                    <transition kind="local" name="B_valid_unpressed" source="_jeGP0DHhEeSUJZ7ApY0OFQ" target="_jeGP0DHhEeSUJZ7ApY0OFQ" xmi:id="_v1-9EzHiEeSUJZ7ApY0OFQ" xmi:type="uml:Transition"/>
                    <transition kind="local" name="B_invalid" source="_jeGP0DHhEeSUJZ7ApY0OFQ" target="_jeGP0DHhEeSUJZ7ApY0OFQ" xmi:id="_zRaiIDHiEeSUJZ7ApY0OFQ" xmi:type="uml:Transition"/>
                    <transition kind="local" name="shifter_pos_to_D" source="_nS7MUDHhEeSUJZ7ApY0OFQ" target="_nS7MUDHhEeSUJZ7ApY0OFQ" xmi:id="_9pGHoDHiEeSUJZ7ApY0OFQ" xmi:type="uml:Transition"/>
                  </region>
                </subvertex>
                <subvertex name="VCUInit" xmi:id="_VdhRADHhEeSUJZ7ApY0OFQ" xmi:type="uml:Pseudostate"/>
                <subvertex name="OtherMode" xmi:id="_LKLHADHjEeSUJZ7ApY0OFQ" xmi:type="uml:State"/>
                <transition kind="local" name="" source="_VdhRADHhEeSUJZ7ApY0OFQ" target="_UU5cEDHhEeSUJZ7ApY0OFQ" xmi:id="_Yh19oDHhEeSUJZ7ApY0OFQ" xmi:type="uml:Transition"/>
                <transition kind="local" name="P_in" source="_LKLHADHjEeSUJZ7ApY0OFQ" target="_UU5cEDHhEeSUJZ7ApY0OFQ" xmi:id="_RME_FDHjEeSUJZ7ApY0OFQ" xmi:type="uml:Transition"/>
                <transition kind="local" name="D_in" source="_UU5cEDHhEeSUJZ7ApY0OFQ" target="_LKLHADHjEeSUJZ7ApY0OFQ" xmi:id="_VurnlDHjEeSUJZ7ApY0OFQ" xmi:type="uml:Transition"/>
                <transition kind="local" name="R_in" source="_UU5cEDHhEeSUJZ7ApY0OFQ" target="_LKLHADHjEeSUJZ7ApY0OFQ" xmi:id="_YQzmFDHjEeSUJZ7ApY0OFQ" xmi:type="uml:Transition"/>
                <transition kind="local" name="N_in" source="_UU5cEDHhEeSUJZ7ApY0OFQ" target="_LKLHADHjEeSUJZ7ApY0OFQ" xmi:id="_bPdvlDHjEeSUJZ7ApY0OFQ" xmi:type="uml:Transition"/>
                <transition kind="local" name="P_in" source="_UU5cEDHhEeSUJZ7ApY0OFQ" target="_UU5cEDHhEeSUJZ7ApY0OFQ" xmi:id="_ompMFDHjEeSUJZ7ApY0OFQ" xmi:type="uml:Transition"/>
                <transition kind="local" name="D_in" source="_LKLHADHjEeSUJZ7ApY0OFQ" target="_LKLHADHjEeSUJZ7ApY0OFQ" xmi:id="_wir1lDHjEeSUJZ7ApY0OFQ" xmi:type="uml:Transition"/>
                <transition kind="local" name="R_in" source="_LKLHADHjEeSUJZ7ApY0OFQ" target="_LKLHADHjEeSUJZ7ApY0OFQ" xmi:id="_1Qu5FDHjEeSUJZ7ApY0OFQ" xmi:type="uml:Transition"/>
                <transition kind="local" name="N_in" source="_LKLHADHjEeSUJZ7ApY0OFQ" target="_LKLHADHjEeSUJZ7ApY0OFQ" xmi:id="_7f-pkDHjEeSUJZ7ApY0OFQ" xmi:type="uml:Transition"/>
              </region>
              <region name="Region2" xmi:id="_QWoFIDHgEeSUJZ7ApY0OFQ" xmi:type="uml:Region">
                <subvertex name="BInit" xmi:id="_R9TvEDHgEeSUJZ7ApY0OFQ" xmi:type="uml:Pseudostate"/>
                <subvertex name="Other" xmi:id="_UUZiQDHgEeSUJZ7ApY0OFQ" xmi:type="uml:State"/>
                <subvertex name="PressedAndValidated" xmi:id="_UuhScDHgEeSUJZ7ApY0OFQ" xmi:type="uml:State"/>
                <transition kind="local" name="changeBStatus" source="_UUZiQDHgEeSUJZ7ApY0OFQ" target="_UuhScDHgEeSUJZ7ApY0OFQ" xmi:id="_e91mJDHgEeSUJZ7ApY0OFQ" xmi:type="uml:Transition"/>
                <transition kind="local" name="changeBStatus" source="_UuhScDHgEeSUJZ7ApY0OFQ" target="_UUZiQDHgEeSUJZ7ApY0OFQ" xmi:id="_k-HtlDHgEeSUJZ7ApY0OFQ" xmi:type="uml:Transition"/>
                <transition kind="local" name="" source="_R9TvEDHgEeSUJZ7ApY0OFQ" target="_UUZiQDHgEeSUJZ7ApY0OFQ" xmi:id="_wq3okDHgEeSUJZ7ApY0OFQ" xmi:type="uml:Transition"/>
                <transition kind="local" name="B_valid_pressed" source="_UuhScDHgEeSUJZ7ApY0OFQ" target="_UuhScDHgEeSUJZ7ApY0OFQ" xmi:id="_6VxAlDHgEeSUJZ7ApY0OFQ" xmi:type="uml:Transition"/>
                <transition kind="local" name="B_valid_unpressed" source="_UUZiQDHgEeSUJZ7ApY0OFQ" target="_UUZiQDHgEeSUJZ7ApY0OFQ" xmi:id="_Bty-FDHhEeSUJZ7ApY0OFQ" xmi:type="uml:Transition"/>
                <transition kind="local" name="B_invalid" source="_UUZiQDHgEeSUJZ7ApY0OFQ" target="_UUZiQDHgEeSUJZ7ApY0OFQ" xmi:id="_Fd5LkDHhEeSUJZ7ApY0OFQ" xmi:type="uml:Transition"/>
              </region>
            </subvertex>
            <transition kind="local" name="" source="_H42iUzBFEeSnocBZhT3NBQ" target="_OzpPcDHgEeSUJZ7ApY0OFQ" xmi:id="_F3M8FDHkEeSUJZ7ApY0OFQ" xmi:type="uml:Transition"/>
          </region>
        </ownedBehavior>