<?xml version="1.0" encoding="UTF-8"?><ownedBehavior xmlns:xmi="http://www.omg.org/XMI" xmlns:Allocations="http://www.eclipse.org/papyrus/0.7.0/SysML/Allocations" xmlns:ecore="http://www.eclipse.org/emf/2002/Ecore" xmlns:refMapProfile="http:///schemas/refMapProfile/_Wn_IAGZAEeKTUctFx_SZgg/7" xmlns:sysML="http://www.topcased.org/2.0/sysML" xmlns:uml="http://www.eclipse.org/uml2/3.0.0/UML" xmlns:xsi="http://www.w3.org/2001/XMLSchema-instance" name="stm_TSR33" xmi:id="_StQbEBqDEeS2geI9OXLqnw" xmi:type="uml:StateMachine">
          <region name="Region" xmi:id="_StQbERqDEeS2geI9OXLqnw" xmi:type="uml:Region">
            <subvertex name="Init" xmi:id="_UMVBIBqDEeS2geI9OXLqnw" xmi:type="uml:Pseudostate"/>
            <subvertex name="PlugSignalsNotFaulty" xmi:id="_WUAfUBqDEeS2geI9OXLqnw" xmi:type="uml:State"/>
            <subvertex name="PlugSignalsFaulty" xmi:id="_aEuX4BqDEeS2geI9OXLqnw" xmi:type="uml:State"/>
            <transition kind="local" name="plug_faulty" source="_WUAfUBqDEeS2geI9OXLqnw" target="_aEuX4BqDEeS2geI9OXLqnw" xmi:id="_h-2V1hqDEeS2geI9OXLqnw" xmi:type="uml:Transition"/>
            <transition kind="local" name="P_valid_plugged" source="_aEuX4BqDEeS2geI9OXLqnw" target="_WUAfUBqDEeS2geI9OXLqnw" xmi:id="_xU551BqDEeS2geI9OXLqnw" xmi:type="uml:Transition"/>
            <transition kind="local" name="P_valid_unplugged" source="_aEuX4BqDEeS2geI9OXLqnw" target="_WUAfUBqDEeS2geI9OXLqnw" xmi:id="_0Mo79BqDEeS2geI9OXLqnw" xmi:type="uml:Transition"/>
            <transition kind="local" name="plug_incoherent" source="_aEuX4BqDEeS2geI9OXLqnw" target="_WUAfUBqDEeS2geI9OXLqnw" xmi:id="_5XqPVBqDEeS2geI9OXLqnw" xmi:type="uml:Transition"/>
            <transition kind="local" name="plug_faulty" source="_aEuX4BqDEeS2geI9OXLqnw" target="_aEuX4BqDEeS2geI9OXLqnw" xmi:id="_-xtdMBqDEeS2geI9OXLqnw" xmi:type="uml:Transition"/>
            <transition kind="local" name="" source="_UMVBIBqDEeS2geI9OXLqnw" target="_WUAfUBqDEeS2geI9OXLqnw" xmi:id="_LCpDVRqEEeS2geI9OXLqnw" xmi:type="uml:Transition"/>
            <transition kind="local" name="shifter_pos_to_D" source="_WUAfUBqDEeS2geI9OXLqnw" target="_WUAfUBqDEeS2geI9OXLqnw" xmi:id="_PsVLRRqEEeS2geI9OXLqnw" xmi:type="uml:Transition"/>
            <transition kind="local" name="plug_incoherent" source="_WUAfUBqDEeS2geI9OXLqnw" target="_WUAfUBqDEeS2geI9OXLqnw" xmi:id="_hlSw5BqEEeS2geI9OXLqnw" xmi:type="uml:Transition"/>
            <transition kind="local" name="P_valid_unplugged" source="_WUAfUBqDEeS2geI9OXLqnw" target="_WUAfUBqDEeS2geI9OXLqnw" xmi:id="_nzta9BqEEeS2geI9OXLqnw" xmi:type="uml:Transition"/>
            <transition kind="local" name="P_valid_plugged" source="_WUAfUBqDEeS2geI9OXLqnw" target="_WUAfUBqDEeS2geI9OXLqnw" xmi:id="_v4slFBqEEeS2geI9OXLqnw" xmi:type="uml:Transition"/>
          </region>
        </ownedBehavior>