<?xml version="1.0" encoding="UTF-8"?><ownedBehavior xmlns:xmi="http://www.omg.org/XMI" xmlns:Allocations="http://www.eclipse.org/papyrus/0.7.0/SysML/Allocations" xmlns:ecore="http://www.eclipse.org/emf/2002/Ecore" xmlns:refMapProfile="http:///schemas/refMapProfile/_Wn_IAGZAEeKTUctFx_SZgg/7" xmlns:sysML="http://www.topcased.org/2.0/sysML" xmlns:uml="http://www.eclipse.org/uml2/3.0.0/UML" xmlns:xsi="http://www.w3.org/2001/XMLSchema-instance" name="stm_FSR5" xmi:id="_clVfwAeFEeS1EOa_rhDbNA" xmi:type="uml:StateMachine">
          <region name="Region" xmi:id="_clVfwQeFEeS1EOa_rhDbNA" xmi:type="uml:Region">
            <subvertex name="Init" xmi:id="_dXBbYweFEeS1EOa_rhDbNA" xmi:type="uml:Pseudostate"/>
            <subvertex name="Unconnected" xmi:id="_fR6awAeFEeS1EOa_rhDbNA" xmi:type="uml:State"/>
            <subvertex name="Connected" xmi:id="_lnxJlAeFEeS1EOa_rhDbNA" xmi:type="uml:State">
              <region name="Region1" xmi:id="_lnxJlQeFEeS1EOa_rhDbNA" xmi:type="uml:Region">
                <subvertex name="Init1" xmi:id="_oX6V8weFEeS1EOa_rhDbNA" xmi:type="uml:Pseudostate"/>
                <subvertex name="NotWarned" xmi:id="_p4nTsAeFEeS1EOa_rhDbNA" xmi:type="uml:State"/>
                <subvertex name="Warned" xmi:id="_v4mgMAeFEeS1EOa_rhDbNA" xmi:type="uml:State"/>
                <transition kind="local" name="" source="_oX6V8weFEeS1EOa_rhDbNA" target="_p4nTsAeFEeS1EOa_rhDbNA" xmi:id="_s-yadgeFEeS1EOa_rhDbNA" xmi:type="uml:Transition"/>
                <transition kind="local" name="warn" source="_p4nTsAeFEeS1EOa_rhDbNA" target="_v4mgMAeFEeS1EOa_rhDbNA" xmi:id="_zB5MZQeFEeS1EOa_rhDbNA" xmi:type="uml:Transition"/>
                <transition kind="local" name="warn" source="_v4mgMAeFEeS1EOa_rhDbNA" target="_v4mgMAeFEeS1EOa_rhDbNA" xmi:id="_2Bz6JQeFEeS1EOa_rhDbNA" xmi:type="uml:Transition"/>
                <transition kind="local" name="start_charging" source="_v4mgMAeFEeS1EOa_rhDbNA" target="_v4mgMAeFEeS1EOa_rhDbNA" xmi:id="_Oto6tAeGEeS1EOa_rhDbNA" xmi:type="uml:Transition"/>
              </region>
            </subvertex>
            <transition kind="local" name="connect" source="_fR6awAeFEeS1EOa_rhDbNA" target="_lnxJlAeFEeS1EOa_rhDbNA" xmi:id="_7Z7OVAeFEeS1EOa_rhDbNA" xmi:type="uml:Transition"/>
            <transition kind="local" name="" source="_dXBbYweFEeS1EOa_rhDbNA" target="_fR6awAeFEeS1EOa_rhDbNA" xmi:id="_-P4HxQeFEeS1EOa_rhDbNA" xmi:type="uml:Transition"/>
            <transition kind="local" name="unconnect" source="_lnxJlAeFEeS1EOa_rhDbNA" target="_fR6awAeFEeS1EOa_rhDbNA" xmi:id="_E8V_xAeGEeS1EOa_rhDbNA" xmi:type="uml:Transition"/>
          </region>
        </ownedBehavior>