<?xml version="1.0" encoding="UTF-8"?><ownedBehavior xmlns:xmi="http://www.omg.org/XMI" xmlns:Allocations="http://www.eclipse.org/papyrus/0.7.0/SysML/Allocations" xmlns:ecore="http://www.eclipse.org/emf/2002/Ecore" xmlns:refMapProfile="http:///schemas/refMapProfile/_Wn_IAGZAEeKTUctFx_SZgg/7" xmlns:sysML="http://www.topcased.org/2.0/sysML" xmlns:uml="http://www.eclipse.org/uml2/3.0.0/UML" xmlns:xsi="http://www.w3.org/2001/XMLSchema-instance" name="stm_FSR4" xmi:id="_btz3UAeEEeS1EOa_rhDbNA" xmi:type="uml:StateMachine">
          <region name="Region" xmi:id="_btz3UQeEEeS1EOa_rhDbNA" xmi:type="uml:Region">
            <subvertex name="Unplugged" xmi:id="_eLzjwAeEEeS1EOa_rhDbNA" xmi:type="uml:State"/>
            <subvertex name="Plugged" xmi:id="_hxqQIAeEEeS1EOa_rhDbNA" xmi:type="uml:State">
              <region name="Region1" xmi:id="_hxqQIQeEEeS1EOa_rhDbNA" xmi:type="uml:Region">
                <subvertex name="Unconnected" xmi:id="_j8w1wgeEEeS1EOa_rhDbNA" xmi:type="uml:State"/>
                <subvertex name="Connected" xmi:id="_n2ti0geEEeS1EOa_rhDbNA" xmi:type="uml:State"/>
                <subvertex name="Init1" xmi:id="_qbi3EweEEeS1EOa_rhDbNA" xmi:type="uml:Pseudostate"/>
                <transition kind="local" name="" source="_qbi3EweEEeS1EOa_rhDbNA" target="_j8w1wgeEEeS1EOa_rhDbNA" xmi:id="_ruj-JgeEEeS1EOa_rhDbNA" xmi:type="uml:Transition"/>
                <transition kind="local" name="connect" source="_j8w1wgeEEeS1EOa_rhDbNA" target="_n2ti0geEEeS1EOa_rhDbNA" xmi:id="_wmiZtQeEEeS1EOa_rhDbNA" xmi:type="uml:Transition"/>
                <transition kind="local" name="unconnect" source="_n2ti0geEEeS1EOa_rhDbNA" target="_j8w1wgeEEeS1EOa_rhDbNA" xmi:id="_1lEJNAeEEeS1EOa_rhDbNA" xmi:type="uml:Transition"/>
                <transition kind="local" name="D_in" source="_j8w1wgeEEeS1EOa_rhDbNA" target="_j8w1wgeEEeS1EOa_rhDbNA" xmi:id="_6uJi5AeEEeS1EOa_rhDbNA" xmi:type="uml:Transition"/>
              </region>
            </subvertex>
            <subvertex name="Init" xmi:id="_BIUxAQeFEeS1EOa_rhDbNA" xmi:type="uml:Pseudostate"/>
            <transition kind="local" name="D_in" source="_eLzjwAeEEeS1EOa_rhDbNA" target="_eLzjwAeEEeS1EOa_rhDbNA" xmi:id="_9rPmJgeEEeS1EOa_rhDbNA" xmi:type="uml:Transition"/>
            <transition kind="local" name="" source="_BIUxAQeFEeS1EOa_rhDbNA" target="_eLzjwAeEEeS1EOa_rhDbNA" xmi:id="_CcrU1AeFEeS1EOa_rhDbNA" xmi:type="uml:Transition"/>
            <transition kind="local" name="plug" source="_eLzjwAeEEeS1EOa_rhDbNA" target="_hxqQIAeEEeS1EOa_rhDbNA" xmi:id="_HB5zhQeFEeS1EOa_rhDbNA" xmi:type="uml:Transition"/>
            <transition kind="local" name="unplug" source="_hxqQIAeEEeS1EOa_rhDbNA" target="_eLzjwAeEEeS1EOa_rhDbNA" xmi:id="_I6tvRAeFEeS1EOa_rhDbNA" xmi:type="uml:Transition"/>
          </region>
        </ownedBehavior>