<?xml version="1.0" encoding="UTF-8"?><ownedBehavior xmlns:xmi="http://www.omg.org/XMI" xmlns:Allocations="http://www.eclipse.org/papyrus/0.7.0/SysML/Allocations" xmlns:ecore="http://www.eclipse.org/emf/2002/Ecore" xmlns:refMapProfile="http:///schemas/refMapProfile/_Wn_IAGZAEeKTUctFx_SZgg/7" xmlns:sysML="http://www.topcased.org/2.0/sysML" xmlns:uml="http://www.eclipse.org/uml2/3.0.0/UML" xmlns:xsi="http://www.w3.org/2001/XMLSchema-instance" name="stm_SafetyGoal" xmi:id="_kKifoAZeEeS9BfA3Z1-igA" xmi:type="uml:StateMachine">
          <region name="Region" xmi:id="_kKifoQZeEeS9BfA3Z1-igA" xmi:type="uml:Region">
            <subvertex name="Init" xmi:id="_pUqbIAZeEeS9BfA3Z1-igA" xmi:type="uml:Pseudostate"/>
            <subvertex name="Unplugged" xmi:id="_q9Z6kAZeEeS9BfA3Z1-igA" xmi:type="uml:State"/>
            <subvertex name="Plugged" xmi:id="_8aFz4AZeEeS9BfA3Z1-igA" xmi:type="uml:State">
              <region name="Region1" xmi:id="_8aFz4QZeEeS9BfA3Z1-igA" xmi:type="uml:Region">
                <subvertex name="Init1" xmi:id="_QuYMcAZfEeS9BfA3Z1-igA" xmi:type="uml:Pseudostate"/>
                <subvertex name="Unsignaled" xmi:id="_dmlN8gZfEeS9BfA3Z1-igA" xmi:type="uml:State"/>
                <subvertex name="Signaled" xmi:id="_g9Q14AZfEeS9BfA3Z1-igA" xmi:type="uml:State"/>
                <subvertex name="Charging" xmi:id="_KRjdggZgEeS9BfA3Z1-igA" xmi:type="uml:State"/>
                <subvertex name="Charged" xmi:id="_k-XeYAZgEeS9BfA3Z1-igA" xmi:type="uml:State"/>
                <transition kind="local" name="signal" source="_dmlN8gZfEeS9BfA3Z1-igA" target="_g9Q14AZfEeS9BfA3Z1-igA" xmi:id="_nPsdRgZfEeS9BfA3Z1-igA" xmi:type="uml:Transition"/>
                <transition kind="local" name="D_select" source="_dmlN8gZfEeS9BfA3Z1-igA" target="_dmlN8gZfEeS9BfA3Z1-igA" xmi:id="_tqTwRQZfEeS9BfA3Z1-igA" xmi:type="uml:Transition"/>
                <transition kind="local" name="signal" source="_g9Q14AZfEeS9BfA3Z1-igA" target="_g9Q14AZfEeS9BfA3Z1-igA" xmi:id="_4E0ARQZfEeS9BfA3Z1-igA" xmi:type="uml:Transition"/>
                <transition kind="local" name="D_select" source="_g9Q14AZfEeS9BfA3Z1-igA" target="_g9Q14AZfEeS9BfA3Z1-igA" xmi:id="_ATeDxAZgEeS9BfA3Z1-igA" xmi:type="uml:Transition"/>
                <transition kind="local" name="start_charging" source="_g9Q14AZfEeS9BfA3Z1-igA" target="_KRjdggZgEeS9BfA3Z1-igA" xmi:id="_NcCchQZgEeS9BfA3Z1-igA" xmi:type="uml:Transition"/>
                <transition kind="local" name="signal" source="_KRjdggZgEeS9BfA3Z1-igA" target="_KRjdggZgEeS9BfA3Z1-igA" xmi:id="_apOPhQZgEeS9BfA3Z1-igA" xmi:type="uml:Transition"/>
                <transition kind="local" name="stop_charging" source="_KRjdggZgEeS9BfA3Z1-igA" target="_k-XeYAZgEeS9BfA3Z1-igA" xmi:id="_n-SMJQZgEeS9BfA3Z1-igA" xmi:type="uml:Transition"/>
                <transition kind="local" name="" source="_QuYMcAZfEeS9BfA3Z1-igA" target="_dmlN8gZfEeS9BfA3Z1-igA" xmi:id="_CzlapQZhEeS9BfA3Z1-igA" xmi:type="uml:Transition"/>
                <transition kind="local" name="D_select" source="_k-XeYAZgEeS9BfA3Z1-igA" target="_k-XeYAZgEeS9BfA3Z1-igA" xmi:id="_FOAOpQZhEeS9BfA3Z1-igA" xmi:type="uml:Transition"/>
                <transition kind="local" name="start_charging" source="_k-XeYAZgEeS9BfA3Z1-igA" target="_KRjdggZgEeS9BfA3Z1-igA" xmi:id="_xoqTJAeGEeS1EOa_rhDbNA" xmi:type="uml:Transition"/>
              </region>
            </subvertex>
            <transition kind="local" name="" source="_pUqbIAZeEeS9BfA3Z1-igA" target="_q9Z6kAZeEeS9BfA3Z1-igA" xmi:id="_unkfNAZeEeS9BfA3Z1-igA" xmi:type="uml:Transition"/>
            <transition kind="local" name="D_select" source="_q9Z6kAZeEeS9BfA3Z1-igA" target="_q9Z6kAZeEeS9BfA3Z1-igA" xmi:id="_xbvP9QZeEeS9BfA3Z1-igA" xmi:type="uml:Transition"/>
            <transition kind="local" name="unplug" source="_8aFz4AZeEeS9BfA3Z1-igA" target="_q9Z6kAZeEeS9BfA3Z1-igA" xmi:id="_Fhut1AZfEeS9BfA3Z1-igA" xmi:type="uml:Transition"/>
            <transition kind="local" name="plug" source="_q9Z6kAZeEeS9BfA3Z1-igA" target="_8aFz4AZeEeS9BfA3Z1-igA" xmi:id="_V7L2RAZkEeS9BfA3Z1-igA" xmi:type="uml:Transition"/>
          </region>
        </ownedBehavior>