<?xml version="1.0" encoding="UTF-8"?><ownedBehavior xmlns:xmi="http://www.omg.org/XMI" xmlns:Allocations="http://www.eclipse.org/papyrus/0.7.0/SysML/Allocations" xmlns:ecore="http://www.eclipse.org/emf/2002/Ecore" xmlns:refMapProfile="http:///schemas/refMapProfile/_Wn_IAGZAEeKTUctFx_SZgg/7" xmlns:sysML="http://www.topcased.org/2.0/sysML" xmlns:uml="http://www.eclipse.org/uml2/3.0.0/UML" xmlns:xsi="http://www.w3.org/2001/XMLSchema-instance" name="stm_FSR6" xmi:id="_qzi88AhsEeSieplcCwJJ4Q" xmi:type="uml:StateMachine">
          <region name="Region" xmi:id="_qzi88QhsEeSieplcCwJJ4Q" xmi:type="uml:Region">
            <subvertex name="PMode" xmi:id="_wqdF8AhsEeSieplcCwJJ4Q" xmi:type="uml:State"/>
            <subvertex name="PModeBraked" xmi:id="_zz48EghsEeSieplcCwJJ4Q" xmi:type="uml:State"/>
            <subvertex name="DNRmodes" xmi:id="_5Z138AhsEeSieplcCwJJ4Q" xmi:type="uml:State"/>
            <subvertex name="Init" xmi:id="_usYvYAhvEeSieplcCwJJ4Q" xmi:type="uml:Pseudostate"/>
            <transition kind="local" name="brake_press" source="_wqdF8AhsEeSieplcCwJJ4Q" target="_zz48EghsEeSieplcCwJJ4Q" xmi:id="_CHvcNAhtEeSieplcCwJJ4Q" xmi:type="uml:Transition"/>
            <transition kind="local" name="P_in" source="_5Z138AhsEeSieplcCwJJ4Q" target="_wqdF8AhsEeSieplcCwJJ4Q" xmi:id="_IanvhQhtEeSieplcCwJJ4Q" xmi:type="uml:Transition"/>
            <transition kind="local" name="D_in" source="_zz48EghsEeSieplcCwJJ4Q" target="_5Z138AhsEeSieplcCwJJ4Q" xmi:id="_rJTVFAhtEeSieplcCwJJ4Q" xmi:type="uml:Transition"/>
            <transition kind="local" name="R_in" source="_zz48EghsEeSieplcCwJJ4Q" target="_5Z138AhsEeSieplcCwJJ4Q" xmi:id="_xgyblAhtEeSieplcCwJJ4Q" xmi:type="uml:Transition"/>
            <transition kind="local" name="N_in" source="_zz48EghsEeSieplcCwJJ4Q" target="_5Z138AhsEeSieplcCwJJ4Q" xmi:id="_3kMIdAhtEeSieplcCwJJ4Q" xmi:type="uml:Transition"/>
            <transition kind="local" name="N_in" source="_5Z138AhsEeSieplcCwJJ4Q" target="_5Z138AhsEeSieplcCwJJ4Q" xmi:id="_D0h4tAhuEeSieplcCwJJ4Q" xmi:type="uml:Transition"/>
            <transition kind="local" name="R_in" source="_5Z138AhsEeSieplcCwJJ4Q" target="_5Z138AhsEeSieplcCwJJ4Q" xmi:id="_NOnNhAhuEeSieplcCwJJ4Q" xmi:type="uml:Transition"/>
            <transition kind="local" name="brake_press" source="_zz48EghsEeSieplcCwJJ4Q" target="_zz48EghsEeSieplcCwJJ4Q" xmi:id="_r_x0pQhuEeSieplcCwJJ4Q" xmi:type="uml:Transition"/>
            <transition kind="local" name="P_in" source="_wqdF8AhsEeSieplcCwJJ4Q" target="_wqdF8AhsEeSieplcCwJJ4Q" xmi:id="_4BYlVQhuEeSieplcCwJJ4Q" xmi:type="uml:Transition"/>
            <transition kind="local" name="brake_press" source="_5Z138AhsEeSieplcCwJJ4Q" target="_5Z138AhsEeSieplcCwJJ4Q" xmi:id="_C9qFpQhvEeSieplcCwJJ4Q" xmi:type="uml:Transition"/>
            <transition kind="local" name="D_in" source="_5Z138AhsEeSieplcCwJJ4Q" target="_5Z138AhsEeSieplcCwJJ4Q" xmi:id="_QlB6RAhvEeSieplcCwJJ4Q" xmi:type="uml:Transition"/>
            <transition kind="local" name="P_in" source="_zz48EghsEeSieplcCwJJ4Q" target="_zz48EghsEeSieplcCwJJ4Q" xmi:id="_nzbThAhvEeSieplcCwJJ4Q" xmi:type="uml:Transition"/>
            <transition kind="local" name="" source="_usYvYAhvEeSieplcCwJJ4Q" target="_wqdF8AhsEeSieplcCwJJ4Q" xmi:id="_vy5rhQhvEeSieplcCwJJ4Q" xmi:type="uml:Transition"/>
          </region>
        </ownedBehavior>