<?xml version="1.0" encoding="UTF-8"?><ownedBehavior xmlns:xmi="http://www.omg.org/XMI" xmlns:Allocations="http://www.eclipse.org/papyrus/0.7.0/SysML/Allocations" xmlns:ecore="http://www.eclipse.org/emf/2002/Ecore" xmlns:refMapProfile="http:///schemas/refMapProfile/_Wn_IAGZAEeKTUctFx_SZgg/7" xmlns:sysML="http://www.topcased.org/2.0/sysML" xmlns:uml="http://www.eclipse.org/uml2/3.0.0/UML" xmlns:xsi="http://www.w3.org/2001/XMLSchema-instance" name="stm_TSR10" xmi:id="_x8F9ABqAEeS2geI9OXLqnw" xmi:type="uml:StateMachine">
          <region name="Region" xmi:id="_x8F9ARqAEeS2geI9OXLqnw" xmi:type="uml:Region">
            <subvertex name="SurelyPlugged" xmi:id="_D0TUsBqBEeS2geI9OXLqnw" xmi:type="uml:State"/>
            <subvertex name="Other" xmi:id="_IPkmIBqBEeS2geI9OXLqnw" xmi:type="uml:State"/>
            <subvertex name="Init" xmi:id="_LQYEsBqBEeS2geI9OXLqnw" xmi:type="uml:Pseudostate"/>
            <transition kind="local" name="" source="_LQYEsBqBEeS2geI9OXLqnw" target="_IPkmIBqBEeS2geI9OXLqnw" xmi:id="_MWAQBhqBEeS2geI9OXLqnw" xmi:type="uml:Transition"/>
            <transition kind="local" name="P_valid_plugged" source="_IPkmIBqBEeS2geI9OXLqnw" target="_D0TUsBqBEeS2geI9OXLqnw" xmi:id="_OSrYFBqBEeS2geI9OXLqnw" xmi:type="uml:Transition"/>
            <transition kind="local" name="P_valid_unplugged" source="_D0TUsBqBEeS2geI9OXLqnw" target="_IPkmIBqBEeS2geI9OXLqnw" xmi:id="_UOWFRBqBEeS2geI9OXLqnw" xmi:type="uml:Transition"/>
            <transition kind="local" name="plug_faulty" source="_D0TUsBqBEeS2geI9OXLqnw" target="_IPkmIBqBEeS2geI9OXLqnw" xmi:id="_ZhG_ZBqBEeS2geI9OXLqnw" xmi:type="uml:Transition"/>
            <transition kind="local" name="plug_incoherent" source="_D0TUsBqBEeS2geI9OXLqnw" target="_IPkmIBqBEeS2geI9OXLqnw" xmi:id="_dpoT9BqBEeS2geI9OXLqnw" xmi:type="uml:Transition"/>
            <transition kind="local" name="shifter_pos_to_D" source="_IPkmIBqBEeS2geI9OXLqnw" target="_IPkmIBqBEeS2geI9OXLqnw" xmi:id="_nxFsJBqBEeS2geI9OXLqnw" xmi:type="uml:Transition"/>
            <transition kind="local" name="P_valid_plugged" source="_D0TUsBqBEeS2geI9OXLqnw" target="_D0TUsBqBEeS2geI9OXLqnw" xmi:id="_3dmoVBqBEeS2geI9OXLqnw" xmi:type="uml:Transition"/>
            <transition kind="local" name="plug_incoherent" source="_IPkmIBqBEeS2geI9OXLqnw" target="_IPkmIBqBEeS2geI9OXLqnw" xmi:id="_AUvBFRqCEeS2geI9OXLqnw" xmi:type="uml:Transition"/>
            <transition kind="local" name="plug_faulty" source="_IPkmIBqBEeS2geI9OXLqnw" target="_IPkmIBqBEeS2geI9OXLqnw" xmi:id="_IITrFBqCEeS2geI9OXLqnw" xmi:type="uml:Transition"/>
            <transition kind="local" name="P_valid_unplugged" source="_IPkmIBqBEeS2geI9OXLqnw" target="_IPkmIBqBEeS2geI9OXLqnw" xmi:id="_Mjk8hBqCEeS2geI9OXLqnw" xmi:type="uml:Transition"/>
          </region>
        </ownedBehavior>