<?xml version="1.0" encoding="UTF-8"?><ownedBehavior xmlns:xmi="http://www.omg.org/XMI" xmlns:Allocations="http://www.eclipse.org/papyrus/0.7.0/SysML/Allocations" xmlns:ecore="http://www.eclipse.org/emf/2002/Ecore" xmlns:refMapProfile="http:///schemas/refMapProfile/_Wn_IAGZAEeKTUctFx_SZgg/7" xmlns:sysML="http://www.topcased.org/2.0/sysML" xmlns:uml="http://www.eclipse.org/uml2/3.0.0/UML" xmlns:xsi="http://www.w3.org/2001/XMLSchema-instance" name="stm_TSR6" xmi:id="_C8ZW0C9-EeSQPNUOoh7wVw" xmi:type="uml:StateMachine">
          <region name="Region" xmi:id="_C8ZW0S9-EeSQPNUOoh7wVw" xmi:type="uml:Region">
            <subvertex name="Init" xmi:id="_DraY8y9-EeSQPNUOoh7wVw" xmi:type="uml:Pseudostate"/>
            <subvertex name="AcqVal" xmi:id="_EsRZAC9-EeSQPNUOoh7wVw" xmi:type="uml:State">
              <region name="Region1" xmi:id="_EsRZAS9-EeSQPNUOoh7wVw" xmi:type="uml:Region">
                <subvertex name="B1swInit" xmi:id="_SICakC9-EeSQPNUOoh7wVw" xmi:type="uml:Pseudostate"/>
                <subvertex name="B1swAcq" xmi:id="_hKAk8C9-EeSQPNUOoh7wVw" xmi:type="uml:State"/>
                <subvertex name="B1swCoh" xmi:id="_8a90sC9-EeSQPNUOoh7wVw" xmi:type="uml:State"/>
                <subvertex name="B1swPlOn" xmi:id="_MK6fYC9_EeSQPNUOoh7wVw" xmi:type="uml:State"/>
                <subvertex name="B1swPlOff" xmi:id="_OpgBsC9_EeSQPNUOoh7wVw" xmi:type="uml:State"/>
                <transition kind="local" name="start_Bacq" source="_SICakC9-EeSQPNUOoh7wVw" target="_hKAk8C9-EeSQPNUOoh7wVw" xmi:id="_i7hl5i9-EeSQPNUOoh7wVw" xmi:type="uml:Transition"/>
                <transition kind="local" name="B1sw_pl_on" source="_hKAk8C9-EeSQPNUOoh7wVw" target="_MK6fYC9_EeSQPNUOoh7wVw" xmi:id="_R3jSFS9_EeSQPNUOoh7wVw" xmi:type="uml:Transition"/>
                <transition kind="local" name="B1sw_pl_off" source="_hKAk8C9-EeSQPNUOoh7wVw" target="_OpgBsC9_EeSQPNUOoh7wVw" xmi:id="_UdlgNS9_EeSQPNUOoh7wVw" xmi:type="uml:Transition"/>
                <transition kind="local" name="B1sw_npl" source="_hKAk8C9-EeSQPNUOoh7wVw" target="_8a90sC9-EeSQPNUOoh7wVw" xmi:id="_d39v9S9_EeSQPNUOoh7wVw" xmi:type="uml:Transition"/>
                <transition kind="local" name="B_coh_off" source="_OpgBsC9_EeSQPNUOoh7wVw" target="_8a90sC9-EeSQPNUOoh7wVw" xmi:id="_mc8oxC9_EeSQPNUOoh7wVw" xmi:type="uml:Transition"/>
                <transition kind="local" name="B_coh_on" source="_MK6fYC9_EeSQPNUOoh7wVw" target="_8a90sC9-EeSQPNUOoh7wVw" xmi:id="_pJ9opC9_EeSQPNUOoh7wVw" xmi:type="uml:Transition"/>
                <transition name="" source="_8a90sC9-EeSQPNUOoh7wVw" target="_nfenUC-AEeSQPNUOoh7wVw" xmi:id="_uoWuhC-AEeSQPNUOoh7wVw" xmi:type="uml:Transition"/>
                <transition name="" source="_OpgBsC9_EeSQPNUOoh7wVw" target="_6aVu0C-AEeSQPNUOoh7wVw" xmi:id="_SQUFdC-BEeSQPNUOoh7wVw" xmi:type="uml:Transition"/>
                <transition name="" source="_MK6fYC9_EeSQPNUOoh7wVw" target="_62T5IC-AEeSQPNUOoh7wVw" xmi:id="_c_fk9C-BEeSQPNUOoh7wVw" xmi:type="uml:Transition"/>
              </region>
              <region name="Region2" xmi:id="_IQo3oi9-EeSQPNUOoh7wVw" xmi:type="uml:Region">
                <subvertex name="B2swInit" xmi:id="_ThTTkC9-EeSQPNUOoh7wVw" xmi:type="uml:Pseudostate"/>
                <subvertex name="B2swAcq" xmi:id="_hePIgC9-EeSQPNUOoh7wVw" xmi:type="uml:State"/>
                <subvertex name="B2swCoh" xmi:id="__tCpcC9-EeSQPNUOoh7wVw" xmi:type="uml:State"/>
                <subvertex name="B2swPlOff" xmi:id="_CMG3cC-AEeSQPNUOoh7wVw" xmi:type="uml:State"/>
                <subvertex name="B1swPlOn" xmi:id="_CqT2YC-AEeSQPNUOoh7wVw" xmi:type="uml:State"/>
                <transition kind="local" name="start_Bacq" source="_ThTTkC9-EeSQPNUOoh7wVw" target="_hePIgC9-EeSQPNUOoh7wVw" xmi:id="_l0mEwC9-EeSQPNUOoh7wVw" xmi:type="uml:Transition"/>
                <transition kind="local" name="B2sw_pl_on" source="_hePIgC9-EeSQPNUOoh7wVw" target="_CqT2YC-AEeSQPNUOoh7wVw" xmi:id="_KB69JC-AEeSQPNUOoh7wVw" xmi:type="uml:Transition"/>
                <transition kind="local" name="B2sw_pl_off" source="_hePIgC9-EeSQPNUOoh7wVw" target="_CMG3cC-AEeSQPNUOoh7wVw" xmi:id="_NRAvVS-AEeSQPNUOoh7wVw" xmi:type="uml:Transition"/>
                <transition kind="local" name="B2sw_npl" source="_hePIgC9-EeSQPNUOoh7wVw" target="__tCpcC9-EeSQPNUOoh7wVw" xmi:id="_QWSeNS-AEeSQPNUOoh7wVw" xmi:type="uml:Transition"/>
                <transition kind="local" name="B_coh_off" source="_CMG3cC-AEeSQPNUOoh7wVw" target="__tCpcC9-EeSQPNUOoh7wVw" xmi:id="_XQcM5C-AEeSQPNUOoh7wVw" xmi:type="uml:Transition"/>
                <transition kind="local" name="B_coh_on" source="_CqT2YC-AEeSQPNUOoh7wVw" target="__tCpcC9-EeSQPNUOoh7wVw" xmi:id="_aMfuVC-AEeSQPNUOoh7wVw" xmi:type="uml:Transition"/>
                <transition name="" source="__tCpcC9-EeSQPNUOoh7wVw" target="_nfenUC-AEeSQPNUOoh7wVw" xmi:id="_pPWphS-AEeSQPNUOoh7wVw" xmi:type="uml:Transition"/>
                <transition name="" source="_CqT2YC-AEeSQPNUOoh7wVw" target="_6aVu0C-AEeSQPNUOoh7wVw" xmi:id="_O7RcQC-BEeSQPNUOoh7wVw" xmi:type="uml:Transition"/>
                <transition name="" source="_CMG3cC-AEeSQPNUOoh7wVw" target="_62T5IC-AEeSQPNUOoh7wVw" xmi:id="_XIShBC-BEeSQPNUOoh7wVw" xmi:type="uml:Transition"/>
              </region>
            </subvertex>
            <subvertex name="ValFinished" xmi:id="_JqgNkC9-EeSQPNUOoh7wVw" xmi:type="uml:State"/>
            <subvertex kind="join" name="Pseudostate1" xmi:id="_nfenUC-AEeSQPNUOoh7wVw" xmi:type="uml:Pseudostate"/>
            <subvertex kind="join" name="Pseudostate2" xmi:id="_6aVu0C-AEeSQPNUOoh7wVw" xmi:type="uml:Pseudostate"/>
            <subvertex kind="join" name="Pseudostate3" xmi:id="_62T5IC-AEeSQPNUOoh7wVw" xmi:type="uml:Pseudostate"/>
            <transition kind="local" name="" source="_DraY8y9-EeSQPNUOoh7wVw" target="_EsRZAC9-EeSQPNUOoh7wVw" xmi:id="_Vuye1i9-EeSQPNUOoh7wVw" xmi:type="uml:Transition"/>
            <transition kind="local" name="" source="_JqgNkC9-EeSQPNUOoh7wVw" target="_EsRZAC9-EeSQPNUOoh7wVw" xmi:id="_ldwAJS-AEeSQPNUOoh7wVw" xmi:type="uml:Transition"/>
            <transition kind="local" name="" source="_nfenUC-AEeSQPNUOoh7wVw" target="_JqgNkC9-EeSQPNUOoh7wVw" xmi:id="_y2rwJC-AEeSQPNUOoh7wVw" xmi:type="uml:Transition"/>
            <transition kind="local" name="B_incoherent" source="_6aVu0C-AEeSQPNUOoh7wVw" target="_JqgNkC9-EeSQPNUOoh7wVw" xmi:id="_8UVWVS-AEeSQPNUOoh7wVw" xmi:type="uml:Transition"/>
            <transition kind="local" name="B_incoherent" source="_62T5IC-AEeSQPNUOoh7wVw" target="_JqgNkC9-EeSQPNUOoh7wVw" xmi:id="__GHhdS-AEeSQPNUOoh7wVw" xmi:type="uml:Transition"/>
          </region>
        </ownedBehavior>