<?xml version="1.0" encoding="UTF-8"?><ownedBehavior xmlns:xmi="http://www.omg.org/XMI" xmlns:Allocations="http://www.eclipse.org/papyrus/0.7.0/SysML/Allocations" xmlns:ecore="http://www.eclipse.org/emf/2002/Ecore" xmlns:refMapProfile="http:///schemas/refMapProfile/_Wn_IAGZAEeKTUctFx_SZgg/7" xmlns:sysML="http://www.topcased.org/2.0/sysML" xmlns:uml="http://www.eclipse.org/uml2/3.0.0/UML" xmlns:xsi="http://www.w3.org/2001/XMLSchema-instance" name="stm_FSR2" xmi:id="_UtAOYBiYEeSnq5u4CS2A2w" xmi:type="uml:StateMachine">
          <region name="Region" xmi:id="_UtAOYRiYEeSnq5u4CS2A2w" xmi:type="uml:Region">
            <subvertex name="Init" xmi:id="_MnKTMBiZEeSnq5u4CS2A2w" xmi:type="uml:Pseudostate"/>
            <subvertex name="Acquisition" xmi:id="_N9vEkBiZEeSnq5u4CS2A2w" xmi:type="uml:State"/>
            <subvertex name="Validation" xmi:id="_To53oBiZEeSnq5u4CS2A2w" xmi:type="uml:State"/>
            <subvertex name="OK_pressed" xmi:id="_neilUBiZEeSnq5u4CS2A2w" xmi:type="uml:State"/>
            <subvertex name="OKUnpressed" xmi:id="_rJ-8UBiZEeSnq5u4CS2A2w" xmi:type="uml:State"/>
            <subvertex name="NOK" xmi:id="_tfXfUBiZEeSnq5u4CS2A2w" xmi:type="uml:State"/>
            <subvertex name="Start" xmi:id="_i04-UMv-EeSqEuV-ZA-uyA" xmi:type="uml:State"/>
            <transition kind="local" name="start_Bacq" source="_i04-UMv-EeSqEuV-ZA-uyA" target="_N9vEkBiZEeSnq5u4CS2A2w" xmi:id="_QXIk5BiZEeSnq5u4CS2A2w" xmi:type="uml:Transition"/>
            <transition kind="local" name="start_Bval" source="_N9vEkBiZEeSnq5u4CS2A2w" target="_To53oBiZEeSnq5u4CS2A2w" xmi:id="_aGEIUBiZEeSnq5u4CS2A2w" xmi:type="uml:Transition"/>
            <transition kind="local" name="B_valid_pressed" source="_To53oBiZEeSnq5u4CS2A2w" target="_neilUBiZEeSnq5u4CS2A2w" xmi:id="_9pYP0BiZEeSnq5u4CS2A2w" xmi:type="uml:Transition"/>
            <transition kind="local" name="B_valid_unpressed" source="_To53oBiZEeSnq5u4CS2A2w" target="_rJ-8UBiZEeSnq5u4CS2A2w" xmi:id="_BchxVBiaEeSnq5u4CS2A2w" xmi:type="uml:Transition"/>
            <transition kind="local" name="B_invalid" source="_To53oBiZEeSnq5u4CS2A2w" target="_tfXfUBiZEeSnq5u4CS2A2w" xmi:id="_EtCf1BiaEeSnq5u4CS2A2w" xmi:type="uml:Transition"/>
            <transition kind="local" name="start_Bacq" source="_tfXfUBiZEeSnq5u4CS2A2w" target="_N9vEkBiZEeSnq5u4CS2A2w" xmi:id="_ORJTVBiaEeSnq5u4CS2A2w" xmi:type="uml:Transition"/>
            <transition kind="local" name="start_Bacq" source="_rJ-8UBiZEeSnq5u4CS2A2w" target="_N9vEkBiZEeSnq5u4CS2A2w" xmi:id="_QlTHRBiaEeSnq5u4CS2A2w" xmi:type="uml:Transition"/>
            <transition kind="local" name="start_Bacq" source="_neilUBiZEeSnq5u4CS2A2w" target="_N9vEkBiZEeSnq5u4CS2A2w" xmi:id="_UQJBUBiaEeSnq5u4CS2A2w" xmi:type="uml:Transition"/>
            <transition kind="local" name="" source="_MnKTMBiZEeSnq5u4CS2A2w" target="_i04-UMv-EeSqEuV-ZA-uyA" xmi:id="_nP2txMv-EeSqEuV-ZA-uyA" xmi:type="uml:Transition"/>
          </region>
        </ownedBehavior>