<?xml version="1.0" encoding="UTF-8"?><diagrams xmlns:xmi="http://www.omg.org/XMI" xmlns:xsi="http://www.w3.org/2001/XMLSchema-instance" xmlns:di="http://www.topcased.org/DI/1.0" xmlns:diagrams="http://www.topcased.org/Diagrams/1.0" xmi:id="_fmT_waJMEeSlHLP-P69lcw" position="0,0" size="100,100" name="FSR18" viewport="0,0">
      <property xmi:id="_fuaL0KJMEeSlHLP-P69lcw" key="pageFormatName" value="A4"/>
      <property xmi:id="_fuaL0aJMEeSlHLP-P69lcw" key="diagramWidth" value="840"/>
      <property xmi:id="_fuaL0qJMEeSlHLP-P69lcw" key="diagramHeight" value="1188"/>
      <property xmi:id="_fuaL06JMEeSlHLP-P69lcw" key="pageMarginName" value="Small Margin"/>
      <property xmi:id="_fuaL1KJMEeSlHLP-P69lcw" key="diagramTopMargin" value="20"/>
      <property xmi:id="_fuaL1aJMEeSlHLP-P69lcw" key="diagramBottomMargin" value="20"/>
      <property xmi:id="_fuaL1qJMEeSlHLP-P69lcw" key="diagramLeftMargin" value="20"/>
      <property xmi:id="_fuaL16JMEeSlHLP-P69lcw" key="diagramRightMargin" value="20"/>
      <property xmi:id="_fuaL2KJMEeSlHLP-P69lcw" key="orientation" value="portrait"/>
      <semanticModel xsi:type="di:EMFSemanticModelBridge" xmi:id="_fmT_wqJMEeSlHLP-P69lcw" presentation="org.topcased.modeler.sysml.statemachinediagram">
        <element href="crf_eshift.sysml#_fmTYsKJMEeSlHLP-P69lcw"/>
      </semanticModel>
      <contained xsi:type="di:GraphNode" xmi:id="_fuZkwKJMEeSlHLP-P69lcw" size="-1,-1">
        <semanticModel xsi:type="di:EMFSemanticModelBridge" xmi:id="_fuZkwaJMEeSlHLP-P69lcw" presentation="default">
          <element href="crf_eshift.sysml#_fmTYsaJMEeSlHLP-P69lcw"/>
        </semanticModel>
        <contained xsi:type="di:GraphNode" xmi:id="_ggZpcKJMEeSlHLP-P69lcw" position="79,35" size="-1,-1">
          <property xmi:id="_ggcswKJMEeSlHLP-P69lcw" key="name" value="visible"/>
          <anchorage xmi:id="_j8DQ8KJMEeSlHLP-P69lcw" graphEdge="_j8EfEKJMEeSlHLP-P69lcw"/>
          <semanticModel xsi:type="di:EMFSemanticModelBridge" xmi:id="_ggZpcaJMEeSlHLP-P69lcw" presentation="default">
            <element href="crf_eshift.sysml#_ggg-MKJMEeSlHLP-P69lcw"/>
          </semanticModel>
        </contained>
        <contained xsi:type="di:GraphNode" xmi:id="_h_lkQKJMEeSlHLP-P69lcw" position="166,23" size="91,50">
          <anchorage xmi:id="_j8DQ8aJMEeSlHLP-P69lcw" graphEdge="_j8EfEKJMEeSlHLP-P69lcw _qPzuAKJMEeSlHLP-P69lcw"/>
          <semanticModel xsi:type="di:EMFSemanticModelBridge" xmi:id="_h_lkQaJMEeSlHLP-P69lcw" presentation="default">
            <element href="crf_eshift.sysml#_h_zmsKJMEeSlHLP-P69lcw"/>
          </semanticModel>
        </contained>
        <contained xsi:type="di:GraphEdge" xmi:id="_j8EfEKJMEeSlHLP-P69lcw" anchor="_j8DQ8KJMEeSlHLP-P69lcw _j8DQ8aJMEeSlHLP-P69lcw">
          <semanticModel xsi:type="di:EMFSemanticModelBridge" xmi:id="_j8EfEaJMEeSlHLP-P69lcw" presentation="default">
            <element href="crf_eshift.sysml#_j8EfFKJMEeSlHLP-P69lcw"/>
          </semanticModel>
          <contained xsi:type="di:EdgeObjectOffset" xmi:id="_j8EfEqJMEeSlHLP-P69lcw" id="nameEdgeObject"/>
          <contained xsi:type="di:EdgeObjectOffset" xmi:id="_j8EfE6JMEeSlHLP-P69lcw" visible="false" id="TransitionStereotypeEdgeObject"/>
        </contained>
        <contained xsi:type="di:GraphNode" xmi:id="_nZ87MKJMEeSlHLP-P69lcw" position="423,21" size="91,50">
          <anchorage xmi:id="_qPyf4KJMEeSlHLP-P69lcw" graphEdge="_qPzuAKJMEeSlHLP-P69lcw _s96TAKJMEeSlHLP-P69lcw _mvkGsM7IEeSp7tAvotS-cg"/>
          <anchorage xmi:id="_s95E4KJMEeSlHLP-P69lcw" graphEdge="_s96TAKJMEeSlHLP-P69lcw _mvkGsM7IEeSp7tAvotS-cg"/>
          <semanticModel xsi:type="di:EMFSemanticModelBridge" xmi:id="_nZ87MaJMEeSlHLP-P69lcw" presentation="default">
            <element href="crf_eshift.sysml#_naOA8KJMEeSlHLP-P69lcw"/>
          </semanticModel>
        </contained>
        <contained xsi:type="di:GraphEdge" xmi:id="_qPzuAKJMEeSlHLP-P69lcw" anchor="_j8DQ8aJMEeSlHLP-P69lcw _qPyf4KJMEeSlHLP-P69lcw">
          <semanticModel xsi:type="di:EMFSemanticModelBridge" xmi:id="_qPzuAaJMEeSlHLP-P69lcw" presentation="default">
            <element href="crf_eshift.sysml#_qPzuBKJMEeSlHLP-P69lcw"/>
          </semanticModel>
          <contained xsi:type="di:EdgeObjectOffset" xmi:id="_qPzuAqJMEeSlHLP-P69lcw" id="nameEdgeObject" offset="-3,-14"/>
          <contained xsi:type="di:EdgeObjectOffset" xmi:id="_qPzuA6JMEeSlHLP-P69lcw" visible="false" id="TransitionStereotypeEdgeObject"/>
        </contained>
        <contained xsi:type="di:GraphEdge" xmi:id="_s96TAKJMEeSlHLP-P69lcw" anchor="_qPyf4KJMEeSlHLP-P69lcw _s95E4KJMEeSlHLP-P69lcw">
          <semanticModel xsi:type="di:EMFSemanticModelBridge" xmi:id="_s96TAaJMEeSlHLP-P69lcw" presentation="default">
            <element href="crf_eshift.sysml#_s96TBKJMEeSlHLP-P69lcw"/>
          </semanticModel>
          <contained xsi:type="di:EdgeObjectOffset" xmi:id="_s96TAqJMEeSlHLP-P69lcw" id="nameEdgeObject" offset="-13,-62"/>
          <contained xsi:type="di:EdgeObjectOffset" xmi:id="_s96TA6JMEeSlHLP-P69lcw" visible="false" id="TransitionStereotypeEdgeObject"/>
          <waypoints>[85, 8, 85, 8]</waypoints>
          <waypoints>[85, 55, 85, 55]</waypoints>
          <waypoints>[7, 55, 7, 55]</waypoints>
        </contained>
        <contained xsi:type="di:GraphEdge" xmi:id="_mvkGsM7IEeSp7tAvotS-cg" anchor="_qPyf4KJMEeSlHLP-P69lcw _s95E4KJMEeSlHLP-P69lcw">
          <semanticModel xsi:type="di:EMFSemanticModelBridge" xmi:id="_mvkGsc7IEeSp7tAvotS-cg" presentation="default">
            <element href="crf_eshift.sysml#_mvkGtM7IEeSp7tAvotS-cg"/>
          </semanticModel>
          <contained xsi:type="di:EdgeObjectOffset" xmi:id="_mvkGss7IEeSp7tAvotS-cg" id="nameEdgeObject" offset="41,-2"/>
          <contained xsi:type="di:EdgeObjectOffset" xmi:id="_mvkGs87IEeSp7tAvotS-cg" visible="false" id="TransitionStereotypeEdgeObject"/>
          <waypoints>[18, -45, 18, -45]</waypoints>
          <waypoints>[-1, -45, -1, -45]</waypoints>
        </contained>
      </contained>
    </diagrams>