<?xml version="1.0" encoding="UTF-8"?><diagrams xmlns:xmi="http://www.omg.org/XMI" xmlns:xsi="http://www.w3.org/2001/XMLSchema-instance" xmlns:di="http://www.topcased.org/DI/1.0" xmlns:diagrams="http://www.topcased.org/Diagrams/1.0" xmi:id="_OVeF4KJTEeSlHLP-P69lcw" position="0,0" size="100,100" name="TSR28" viewport="0,0">
      <property xmi:id="_OkVBQqJTEeSlHLP-P69lcw" key="pageFormatName" value="A4"/>
      <property xmi:id="_OkVBQ6JTEeSlHLP-P69lcw" key="diagramWidth" value="840"/>
      <property xmi:id="_OkVBRKJTEeSlHLP-P69lcw" key="diagramHeight" value="1188"/>
      <property xmi:id="_OkVBRaJTEeSlHLP-P69lcw" key="pageMarginName" value="Small Margin"/>
      <property xmi:id="_OkVBRqJTEeSlHLP-P69lcw" key="diagramTopMargin" value="20"/>
      <property xmi:id="_OkVBR6JTEeSlHLP-P69lcw" key="diagramBottomMargin" value="20"/>
      <property xmi:id="_OkVBSKJTEeSlHLP-P69lcw" key="diagramLeftMargin" value="20"/>
      <property xmi:id="_OkVBSaJTEeSlHLP-P69lcw" key="diagramRightMargin" value="20"/>
      <property xmi:id="_OkVBSqJTEeSlHLP-P69lcw" key="orientation" value="portrait"/>
      <semanticModel xsi:type="di:EMFSemanticModelBridge" xmi:id="_OVeF4aJTEeSlHLP-P69lcw" presentation="org.topcased.modeler.sysml.statemachinediagram">
        <element href="crf_eshift.sysml#_OVc3wKJTEeSlHLP-P69lcw"/>
      </semanticModel>
      <contained xsi:type="di:GraphNode" xmi:id="_OkVBQKJTEeSlHLP-P69lcw" size="-1,-1">
        <semanticModel xsi:type="di:EMFSemanticModelBridge" xmi:id="_OkVBQaJTEeSlHLP-P69lcw" presentation="default">
          <element href="crf_eshift.sysml#_OVc3waJTEeSlHLP-P69lcw"/>
        </semanticModel>
        <contained xsi:type="di:GraphNode" xmi:id="_Pif5sKJTEeSlHLP-P69lcw" position="41,18" size="-1,-1">
          <property xmi:id="_PijkEKJTEeSlHLP-P69lcw" key="name" value="visible"/>
          <anchorage xmi:id="_b43_EM7KEeSp7tAvotS-cg" graphEdge="_b43_Es7KEeSp7tAvotS-cg"/>
          <semanticModel xsi:type="di:EMFSemanticModelBridge" xmi:id="_Pif5saJTEeSlHLP-P69lcw" presentation="default">
            <element href="crf_eshift.sysml#_PipDoKJTEeSlHLP-P69lcw"/>
          </semanticModel>
        </contained>
        <contained xsi:type="di:GraphNode" xmi:id="_YGq4wM7KEeSp7tAvotS-cg" position="104,12" size="75,32">
          <anchorage xmi:id="_b43_Ec7KEeSp7tAvotS-cg" graphEdge="_b43_Es7KEeSp7tAvotS-cg _li3_Mc7KEeSp7tAvotS-cg"/>
          <semanticModel xsi:type="di:EMFSemanticModelBridge" xmi:id="_YGq4wc7KEeSp7tAvotS-cg" presentation="default">
            <element href="crf_eshift.sysml#_YGq4ws7KEeSp7tAvotS-cg"/>
          </semanticModel>
        </contained>
        <contained xsi:type="di:GraphEdge" xmi:id="_b43_Es7KEeSp7tAvotS-cg" anchor="_b43_EM7KEeSp7tAvotS-cg _b43_Ec7KEeSp7tAvotS-cg">
          <semanticModel xsi:type="di:EMFSemanticModelBridge" xmi:id="_b43_E87KEeSp7tAvotS-cg" presentation="default">
            <element href="crf_eshift.sysml#_b43_Fs7KEeSp7tAvotS-cg"/>
          </semanticModel>
          <contained xsi:type="di:EdgeObjectOffset" xmi:id="_b43_FM7KEeSp7tAvotS-cg" id="nameEdgeObject" offset="-2,-10"/>
          <contained xsi:type="di:EdgeObjectOffset" xmi:id="_b43_Fc7KEeSp7tAvotS-cg" visible="false" id="TransitionStereotypeEdgeObject"/>
        </contained>
        <contained xsi:type="di:GraphNode" xmi:id="_jsdQIM7KEeSp7tAvotS-cg" position="291,6" size="303,79">
          <anchorage xmi:id="_li3_MM7KEeSp7tAvotS-cg" graphEdge="_li3_Mc7KEeSp7tAvotS-cg _9d4R4M7tEeSLX4LeTeuHzQ _BW7nEc7uEeSLX4LeTeuHzQ _IhCA0c7vEeSLX4LeTeuHzQ _NtF2AM7vEeSLX4LeTeuHzQ _TkAmEM7vEeSLX4LeTeuHzQ _iDKXQM7vEeSLX4LeTeuHzQ"/>
          <anchorage xmi:id="_IhCA0M7vEeSLX4LeTeuHzQ" graphEdge="_IhCA0c7vEeSLX4LeTeuHzQ"/>
          <semanticModel xsi:type="di:EMFSemanticModelBridge" xmi:id="_jsdQIc7KEeSp7tAvotS-cg" presentation="default">
            <element href="crf_eshift.sysml#_jsmaEM7KEeSp7tAvotS-cg"/>
          </semanticModel>
        </contained>
        <contained xsi:type="di:GraphEdge" xmi:id="_li3_Mc7KEeSp7tAvotS-cg" anchor="_b43_Ec7KEeSp7tAvotS-cg _li3_MM7KEeSp7tAvotS-cg">
          <semanticModel xsi:type="di:EMFSemanticModelBridge" xmi:id="_li3_Ms7KEeSp7tAvotS-cg" presentation="default">
            <element href="crf_eshift.sysml#_li3_Nc7KEeSp7tAvotS-cg"/>
          </semanticModel>
          <contained xsi:type="di:EdgeObjectOffset" xmi:id="_li3_M87KEeSp7tAvotS-cg" id="nameEdgeObject" offset="-3,-12"/>
          <contained xsi:type="di:EdgeObjectOffset" xmi:id="_li3_NM7KEeSp7tAvotS-cg" visible="false" id="TransitionStereotypeEdgeObject"/>
          <waypoints>[110, -5, -165, -8]</waypoints>
        </contained>
        <contained xsi:type="di:GraphNode" xmi:id="_xxGhsM7tEeSLX4LeTeuHzQ" position="296,200" size="302,50">
          <anchorage xmi:id="_Du0rgM7uEeSLX4LeTeuHzQ" graphEdge="_Du0rgc7uEeSLX4LeTeuHzQ _F73K0M7uEeSLX4LeTeuHzQ _lnDKMc7uEeSLX4LeTeuHzQ _60mtEM7uEeSLX4LeTeuHzQ"/>
          <semanticModel xsi:type="di:EMFSemanticModelBridge" xmi:id="_xxGhsc7tEeSLX4LeTeuHzQ" presentation="default">
            <element href="crf_eshift.sysml#_xxQSsM7tEeSLX4LeTeuHzQ"/>
          </semanticModel>
        </contained>
        <contained xsi:type="di:GraphNode" xmi:id="_16OTMM7tEeSLX4LeTeuHzQ" position="303,394" size="299,50">
          <anchorage xmi:id="_wxBIQM7uEeSLX4LeTeuHzQ" graphEdge="_wxBIQc7uEeSLX4LeTeuHzQ _APscwM7vEeSLX4LeTeuHzQ _iDKXQM7vEeSLX4LeTeuHzQ"/>
          <semanticModel xsi:type="di:EMFSemanticModelBridge" xmi:id="_16OTMc7tEeSLX4LeTeuHzQ" presentation="default">
            <element href="crf_eshift.sysml#_16XdIM7tEeSLX4LeTeuHzQ"/>
          </semanticModel>
        </contained>
        <contained xsi:type="di:GraphNode" xmi:id="_5I3ZcM7tEeSLX4LeTeuHzQ" position="306,115" size="50,50">
          <anchorage xmi:id="_9dvH8M7tEeSLX4LeTeuHzQ" graphEdge="_9d4R4M7tEeSLX4LeTeuHzQ _Du0rgc7uEeSLX4LeTeuHzQ _TkAmEM7vEeSLX4LeTeuHzQ"/>
          <semanticModel xsi:type="di:EMFSemanticModelBridge" xmi:id="_5I3Zcc7tEeSLX4LeTeuHzQ" presentation="default">
            <element href="crf_eshift.sysml#_5I3Zcs7tEeSLX4LeTeuHzQ"/>
          </semanticModel>
        </contained>
        <contained xsi:type="di:GraphNode" xmi:id="_6r880M7tEeSLX4LeTeuHzQ" position="523,120" size="50,50">
          <anchorage xmi:id="_BW7nEM7uEeSLX4LeTeuHzQ" graphEdge="_BW7nEc7uEeSLX4LeTeuHzQ _F73K0M7uEeSLX4LeTeuHzQ _NtF2AM7vEeSLX4LeTeuHzQ"/>
          <semanticModel xsi:type="di:EMFSemanticModelBridge" xmi:id="_6r880c7tEeSLX4LeTeuHzQ" presentation="default">
            <element href="crf_eshift.sysml#_6sGGwM7tEeSLX4LeTeuHzQ"/>
          </semanticModel>
        </contained>
        <contained xsi:type="di:GraphEdge" xmi:id="_9d4R4M7tEeSLX4LeTeuHzQ" anchor="_li3_MM7KEeSp7tAvotS-cg _9dvH8M7tEeSLX4LeTeuHzQ">
          <semanticModel xsi:type="di:EMFSemanticModelBridge" xmi:id="_9d4R4c7tEeSLX4LeTeuHzQ" presentation="default">
            <element href="crf_eshift.sysml#_9d4R5M7tEeSLX4LeTeuHzQ"/>
          </semanticModel>
          <contained xsi:type="di:EdgeObjectOffset" xmi:id="_9d4R4s7tEeSLX4LeTeuHzQ" id="nameEdgeObject" offset="-37,-21"/>
          <contained xsi:type="di:EdgeObjectOffset" xmi:id="_9d4R487tEeSLX4LeTeuHzQ" visible="false" id="TransitionStereotypeEdgeObject"/>
          <waypoints>[-54, 81, 57, -14]</waypoints>
        </contained>
        <contained xsi:type="di:GraphEdge" xmi:id="_BW7nEc7uEeSLX4LeTeuHzQ" anchor="_li3_MM7KEeSp7tAvotS-cg _BW7nEM7uEeSLX4LeTeuHzQ">
          <semanticModel xsi:type="di:EMFSemanticModelBridge" xmi:id="_BW7nEs7uEeSLX4LeTeuHzQ" presentation="default">
            <element href="crf_eshift.sysml#_BW7nFc7uEeSLX4LeTeuHzQ"/>
          </semanticModel>
          <contained xsi:type="di:EdgeObjectOffset" xmi:id="_BW7nE87uEeSLX4LeTeuHzQ" id="nameEdgeObject" offset="38,-23"/>
          <contained xsi:type="di:EdgeObjectOffset" xmi:id="_BW7nFM7uEeSLX4LeTeuHzQ" visible="false" id="TransitionStereotypeEdgeObject"/>
          <waypoints>[55, 83, -51, -17]</waypoints>
        </contained>
        <contained xsi:type="di:GraphEdge" xmi:id="_Du0rgc7uEeSLX4LeTeuHzQ" anchor="_9dvH8M7tEeSLX4LeTeuHzQ _Du0rgM7uEeSLX4LeTeuHzQ">
          <semanticModel xsi:type="di:EMFSemanticModelBridge" xmi:id="_Du0rgs7uEeSLX4LeTeuHzQ" presentation="default">
            <element href="crf_eshift.sysml#_Du0rhc7uEeSLX4LeTeuHzQ"/>
          </semanticModel>
          <contained xsi:type="di:EdgeObjectOffset" xmi:id="_Du0rg87uEeSLX4LeTeuHzQ" id="nameEdgeObject" offset="-38,21"/>
          <contained xsi:type="di:EdgeObjectOffset" xmi:id="_Du0rhM7uEeSLX4LeTeuHzQ" visible="false" id="TransitionStereotypeEdgeObject"/>
        </contained>
        <contained xsi:type="di:GraphEdge" xmi:id="_F73K0M7uEeSLX4LeTeuHzQ" anchor="_BW7nEM7uEeSLX4LeTeuHzQ _Du0rgM7uEeSLX4LeTeuHzQ">
          <semanticModel xsi:type="di:EMFSemanticModelBridge" xmi:id="_F73K0c7uEeSLX4LeTeuHzQ" presentation="default">
            <element href="crf_eshift.sysml#_F73K1M7uEeSLX4LeTeuHzQ"/>
          </semanticModel>
          <contained xsi:type="di:EdgeObjectOffset" xmi:id="_F73K0s7uEeSLX4LeTeuHzQ" id="nameEdgeObject" offset="39,20"/>
          <contained xsi:type="di:EdgeObjectOffset" xmi:id="_F73K087uEeSLX4LeTeuHzQ" visible="false" id="TransitionStereotypeEdgeObject"/>
        </contained>
        <contained xsi:type="di:GraphNode" xmi:id="_e6lSMM7uEeSLX4LeTeuHzQ" position="305,295" size="80,50">
          <anchorage xmi:id="_lnDKMM7uEeSLX4LeTeuHzQ" graphEdge="_lnDKMc7uEeSLX4LeTeuHzQ _wxBIQc7uEeSLX4LeTeuHzQ"/>
          <semanticModel xsi:type="di:EMFSemanticModelBridge" xmi:id="_e6lSMc7uEeSLX4LeTeuHzQ" presentation="default">
            <element href="crf_eshift.sysml#_e6lSMs7uEeSLX4LeTeuHzQ"/>
          </semanticModel>
        </contained>
        <contained xsi:type="di:GraphNode" xmi:id="_gZpRMM7uEeSLX4LeTeuHzQ" position="511,293" size="80,50">
          <anchorage xmi:id="_60djIM7uEeSLX4LeTeuHzQ" graphEdge="_60mtEM7uEeSLX4LeTeuHzQ _APscwM7vEeSLX4LeTeuHzQ"/>
          <semanticModel xsi:type="di:EMFSemanticModelBridge" xmi:id="_gZpRMc7uEeSLX4LeTeuHzQ" presentation="default">
            <element href="crf_eshift.sysml#_gZzCMM7uEeSLX4LeTeuHzQ"/>
          </semanticModel>
        </contained>
        <contained xsi:type="di:GraphEdge" xmi:id="_lnDKMc7uEeSLX4LeTeuHzQ" anchor="_Du0rgM7uEeSLX4LeTeuHzQ _lnDKMM7uEeSLX4LeTeuHzQ">
          <semanticModel xsi:type="di:EMFSemanticModelBridge" xmi:id="_lnDKMs7uEeSLX4LeTeuHzQ" presentation="default">
            <element href="crf_eshift.sysml#_lnDKNc7uEeSLX4LeTeuHzQ"/>
          </semanticModel>
          <contained xsi:type="di:EdgeObjectOffset" xmi:id="_lnDKM87uEeSLX4LeTeuHzQ" id="nameEdgeObject" offset="-35,-34"/>
          <contained xsi:type="di:EdgeObjectOffset" xmi:id="_lnDKNM7uEeSLX4LeTeuHzQ" visible="false" id="TransitionStereotypeEdgeObject"/>
          <waypoints>[-46, 82, 56, -13]</waypoints>
        </contained>
        <contained xsi:type="di:GraphEdge" xmi:id="_wxBIQc7uEeSLX4LeTeuHzQ" anchor="_lnDKMM7uEeSLX4LeTeuHzQ _wxBIQM7uEeSLX4LeTeuHzQ">
          <semanticModel xsi:type="di:EMFSemanticModelBridge" xmi:id="_wxBIQs7uEeSLX4LeTeuHzQ" presentation="default">
            <element href="crf_eshift.sysml#_wxBIRc7uEeSLX4LeTeuHzQ"/>
          </semanticModel>
          <contained xsi:type="di:EdgeObjectOffset" xmi:id="_wxBIQ87uEeSLX4LeTeuHzQ" id="nameEdgeObject" offset="-38,26"/>
          <contained xsi:type="di:EdgeObjectOffset" xmi:id="_wxBIRM7uEeSLX4LeTeuHzQ" visible="false" id="TransitionStereotypeEdgeObject"/>
          <waypoints>[57, 16, -50, -83]</waypoints>
        </contained>
        <contained xsi:type="di:GraphEdge" xmi:id="_60mtEM7uEeSLX4LeTeuHzQ" anchor="_Du0rgM7uEeSLX4LeTeuHzQ _60djIM7uEeSLX4LeTeuHzQ">
          <semanticModel xsi:type="di:EMFSemanticModelBridge" xmi:id="_60mtEc7uEeSLX4LeTeuHzQ" presentation="default">
            <element href="crf_eshift.sysml#_60mtFM7uEeSLX4LeTeuHzQ"/>
          </semanticModel>
          <contained xsi:type="di:EdgeObjectOffset" xmi:id="_60mtEs7uEeSLX4LeTeuHzQ" id="nameEdgeObject" offset="38,-29"/>
          <contained xsi:type="di:EdgeObjectOffset" xmi:id="_60mtE87uEeSLX4LeTeuHzQ" visible="false" id="TransitionStereotypeEdgeObject"/>
          <waypoints>[41, 78, -63, -15]</waypoints>
        </contained>
        <contained xsi:type="di:GraphEdge" xmi:id="_APscwM7vEeSLX4LeTeuHzQ" anchor="_60djIM7uEeSLX4LeTeuHzQ _wxBIQM7uEeSLX4LeTeuHzQ">
          <semanticModel xsi:type="di:EMFSemanticModelBridge" xmi:id="_APscwc7vEeSLX4LeTeuHzQ" presentation="default">
            <element href="crf_eshift.sysml#_APscxM7vEeSLX4LeTeuHzQ"/>
          </semanticModel>
          <contained xsi:type="di:EdgeObjectOffset" xmi:id="_APscws7vEeSLX4LeTeuHzQ" id="nameEdgeObject" offset="34,30"/>
          <contained xsi:type="di:EdgeObjectOffset" xmi:id="_APscw87vEeSLX4LeTeuHzQ" visible="false" id="TransitionStereotypeEdgeObject"/>
          <waypoints>[-63, 17, 36, -84]</waypoints>
        </contained>
        <contained xsi:type="di:GraphEdge" xmi:id="_IhCA0c7vEeSLX4LeTeuHzQ" anchor="_li3_MM7KEeSp7tAvotS-cg _IhCA0M7vEeSLX4LeTeuHzQ">
          <semanticModel xsi:type="di:EMFSemanticModelBridge" xmi:id="_IhCA0s7vEeSLX4LeTeuHzQ" presentation="default">
            <element href="crf_eshift.sysml#_IhCA1c7vEeSLX4LeTeuHzQ"/>
          </semanticModel>
          <contained xsi:type="di:EdgeObjectOffset" xmi:id="_IhCA087vEeSLX4LeTeuHzQ" id="nameEdgeObject" offset="35,28"/>
          <contained xsi:type="di:EdgeObjectOffset" xmi:id="_IhCA1M7vEeSLX4LeTeuHzQ" visible="false" id="TransitionStereotypeEdgeObject"/>
          <waypoints>[182, 4, 182, 4]</waypoints>
          <waypoints>[182, -55, 182, -55]</waypoints>
          <waypoints>[125, -55, 125, -55]</waypoints>
        </contained>
        <contained xsi:type="di:GraphEdge" xmi:id="_NtF2AM7vEeSLX4LeTeuHzQ" anchor="_BW7nEM7uEeSLX4LeTeuHzQ _li3_MM7KEeSp7tAvotS-cg">
          <semanticModel xsi:type="di:EMFSemanticModelBridge" xmi:id="_NtF2Ac7vEeSLX4LeTeuHzQ" presentation="default">
            <element href="crf_eshift.sysml#_NtF2BM7vEeSLX4LeTeuHzQ"/>
          </semanticModel>
          <contained xsi:type="di:EdgeObjectOffset" xmi:id="_NtF2As7vEeSLX4LeTeuHzQ" id="nameEdgeObject" offset="36,4"/>
          <contained xsi:type="di:EdgeObjectOffset" xmi:id="_NtF2A87vEeSLX4LeTeuHzQ" visible="false" id="TransitionStereotypeEdgeObject"/>
          <waypoints>[73, 1, 179, 87]</waypoints>
          <waypoints>[73, -70, 179, 16]</waypoints>
        </contained>
        <contained xsi:type="di:GraphEdge" xmi:id="_TkAmEM7vEeSLX4LeTeuHzQ" anchor="_9dvH8M7tEeSLX4LeTeuHzQ _li3_MM7KEeSp7tAvotS-cg">
          <semanticModel xsi:type="di:EMFSemanticModelBridge" xmi:id="_TkAmEc7vEeSLX4LeTeuHzQ" presentation="default">
            <element href="crf_eshift.sysml#_TkAmFM7vEeSLX4LeTeuHzQ"/>
          </semanticModel>
          <contained xsi:type="di:EdgeObjectOffset" xmi:id="_TkAmEs7vEeSLX4LeTeuHzQ" id="nameEdgeObject" offset="-34,5"/>
          <contained xsi:type="di:EdgeObjectOffset" xmi:id="_TkAmE87vEeSLX4LeTeuHzQ" visible="false" id="TransitionStereotypeEdgeObject"/>
          <waypoints>[-66, -2, -174, 85]</waypoints>
          <waypoints>[-66, -76, -174, 11]</waypoints>
        </contained>
        <contained xsi:type="di:GraphEdge" xmi:id="_iDKXQM7vEeSLX4LeTeuHzQ" anchor="_wxBIQM7uEeSLX4LeTeuHzQ _li3_MM7KEeSp7tAvotS-cg">
          <semanticModel xsi:type="di:EMFSemanticModelBridge" xmi:id="_iDKXQc7vEeSLX4LeTeuHzQ" presentation="default">
            <element href="crf_eshift.sysml#_iDKXRM7vEeSLX4LeTeuHzQ"/>
          </semanticModel>
          <contained xsi:type="di:EdgeObjectOffset" xmi:id="_iDKXQs7vEeSLX4LeTeuHzQ" id="nameEdgeObject"/>
          <contained xsi:type="di:EdgeObjectOffset" xmi:id="_iDKXQ87vEeSLX4LeTeuHzQ" visible="false" id="TransitionStereotypeEdgeObject"/>
          <waypoints>[-260, 0, -250, 374]</waypoints>
          <waypoints>[-260, -374, -250, 0]</waypoints>
        </contained>
      </contained>
    </diagrams>