<?xml version="1.0" encoding="UTF-8"?><ownedBehavior xmlns:xmi="http://www.omg.org/XMI" xmlns:Allocations="http://www.eclipse.org/papyrus/0.7.0/SysML/Allocations" xmlns:ecore="http://www.eclipse.org/emf/2002/Ecore" xmlns:refMapProfile="http:///schemas/refMapProfile/_Wn_IAGZAEeKTUctFx_SZgg/7" xmlns:sysML="http://www.topcased.org/2.0/sysML" xmlns:uml="http://www.eclipse.org/uml2/3.0.0/UML" xmlns:xsi="http://www.w3.org/2001/XMLSchema-instance" name="stm_TSR28" xmi:id="_OVc3wKJTEeSlHLP-P69lcw" xmi:type="uml:StateMachine">
          <region name="Region" xmi:id="_OVc3waJTEeSlHLP-P69lcw" xmi:type="uml:Region">
            <subvertex name="Init" xmi:id="_PipDoKJTEeSlHLP-P69lcw" xmi:type="uml:Pseudostate"/>
            <subvertex name="Initial" xmi:id="_YGq4ws7KEeSp7tAvotS-cg" xmi:type="uml:State"/>
            <subvertex name="DvalStarted" xmi:id="_jsmaEM7KEeSp7tAvotS-cg" xmi:type="uml:State"/>
            <subvertex name="BothNonPlausible" xmi:id="_xxQSsM7tEeSLX4LeTeuHzQ" xmi:type="uml:State"/>
            <subvertex name="Notified" xmi:id="_16XdIM7tEeSLX4LeTeuHzQ" xmi:type="uml:State"/>
            <subvertex name="Np1" xmi:id="_5I3Zcs7tEeSLX4LeTeuHzQ" xmi:type="uml:State"/>
            <subvertex name="Np2" xmi:id="_6sGGwM7tEeSLX4LeTeuHzQ" xmi:type="uml:State"/>
            <subvertex name="Warned1" xmi:id="_e6lSMs7uEeSLX4LeTeuHzQ" xmi:type="uml:State"/>
            <subvertex name="Warned2" xmi:id="_gZzCMM7uEeSLX4LeTeuHzQ" xmi:type="uml:State"/>
            <transition kind="local" name="" source="_PipDoKJTEeSlHLP-P69lcw" target="_YGq4ws7KEeSp7tAvotS-cg" xmi:id="_b43_Fs7KEeSp7tAvotS-cg" xmi:type="uml:Transition"/>
            <transition kind="local" name="startDval" source="_YGq4ws7KEeSp7tAvotS-cg" target="_jsmaEM7KEeSp7tAvotS-cg" xmi:id="_li3_Nc7KEeSp7tAvotS-cg" xmi:type="uml:Transition"/>
            <transition kind="local" name="Dsw1_np" source="_jsmaEM7KEeSp7tAvotS-cg" target="_5I3Zcs7tEeSLX4LeTeuHzQ" xmi:id="_9d4R5M7tEeSLX4LeTeuHzQ" xmi:type="uml:Transition"/>
            <transition kind="local" name="Dsw2_np" source="_jsmaEM7KEeSp7tAvotS-cg" target="_6sGGwM7tEeSLX4LeTeuHzQ" xmi:id="_BW7nFc7uEeSLX4LeTeuHzQ" xmi:type="uml:Transition"/>
            <transition kind="local" name="Dsw2_np" source="_5I3Zcs7tEeSLX4LeTeuHzQ" target="_xxQSsM7tEeSLX4LeTeuHzQ" xmi:id="_Du0rhc7uEeSLX4LeTeuHzQ" xmi:type="uml:Transition"/>
            <transition kind="local" name="Dsw1_np" source="_6sGGwM7tEeSLX4LeTeuHzQ" target="_xxQSsM7tEeSLX4LeTeuHzQ" xmi:id="_F73K1M7uEeSLX4LeTeuHzQ" xmi:type="uml:Transition"/>
            <transition kind="local" name="wlightOn" source="_xxQSsM7tEeSLX4LeTeuHzQ" target="_e6lSMs7uEeSLX4LeTeuHzQ" xmi:id="_lnDKNc7uEeSLX4LeTeuHzQ" xmi:type="uml:Transition"/>
            <transition kind="local" name="dledFlash" source="_e6lSMs7uEeSLX4LeTeuHzQ" target="_16XdIM7tEeSLX4LeTeuHzQ" xmi:id="_wxBIRc7uEeSLX4LeTeuHzQ" xmi:type="uml:Transition"/>
            <transition kind="local" name="dledFlash" source="_xxQSsM7tEeSLX4LeTeuHzQ" target="_gZzCMM7uEeSLX4LeTeuHzQ" xmi:id="_60mtFM7uEeSLX4LeTeuHzQ" xmi:type="uml:Transition"/>
            <transition kind="local" name="wlightOn" source="_gZzCMM7uEeSLX4LeTeuHzQ" target="_16XdIM7tEeSLX4LeTeuHzQ" xmi:id="_APscxM7vEeSLX4LeTeuHzQ" xmi:type="uml:Transition"/>
            <transition kind="local" name="startDval" source="_jsmaEM7KEeSp7tAvotS-cg" target="_jsmaEM7KEeSp7tAvotS-cg" xmi:id="_IhCA1c7vEeSLX4LeTeuHzQ" xmi:type="uml:Transition"/>
            <transition kind="local" name="startDval" source="_6sGGwM7tEeSLX4LeTeuHzQ" target="_jsmaEM7KEeSp7tAvotS-cg" xmi:id="_NtF2BM7vEeSLX4LeTeuHzQ" xmi:type="uml:Transition"/>
            <transition kind="local" name="startDval" source="_5I3Zcs7tEeSLX4LeTeuHzQ" target="_jsmaEM7KEeSp7tAvotS-cg" xmi:id="_TkAmFM7vEeSLX4LeTeuHzQ" xmi:type="uml:Transition"/>
            <transition kind="local" name="startDval" source="_16XdIM7tEeSLX4LeTeuHzQ" target="_jsmaEM7KEeSp7tAvotS-cg" xmi:id="_iDKXRM7vEeSLX4LeTeuHzQ" xmi:type="uml:Transition"/>
          </region>
        </ownedBehavior>