<?xml version="1.0" encoding="UTF-8"?><ownedBehavior xmlns:xmi="http://www.omg.org/XMI" xmlns:Allocations="http://www.eclipse.org/papyrus/0.7.0/SysML/Allocations" xmlns:ecore="http://www.eclipse.org/emf/2002/Ecore" xmlns:refMapProfile="http:///schemas/refMapProfile/_Wn_IAGZAEeKTUctFx_SZgg/7" xmlns:sysML="http://www.topcased.org/2.0/sysML" xmlns:uml="http://www.eclipse.org/uml2/3.0.0/UML" xmlns:xsi="http://www.w3.org/2001/XMLSchema-instance" name="stm_FSR18" xmi:id="_fmTYsKJMEeSlHLP-P69lcw" xmi:type="uml:StateMachine">
          <region name="Region" xmi:id="_fmTYsaJMEeSlHLP-P69lcw" xmi:type="uml:Region">
            <subvertex name="Init" xmi:id="_ggg-MKJMEeSlHLP-P69lcw" xmi:type="uml:Pseudostate"/>
            <subvertex name="NoFault" xmi:id="_h_zmsKJMEeSlHLP-P69lcw" xmi:type="uml:State"/>
            <subvertex name="Fault" xmi:id="_naOA8KJMEeSlHLP-P69lcw" xmi:type="uml:State"/>
            <transition kind="local" name="" source="_ggg-MKJMEeSlHLP-P69lcw" target="_h_zmsKJMEeSlHLP-P69lcw" xmi:id="_j8EfFKJMEeSlHLP-P69lcw" xmi:type="uml:Transition"/>
            <transition kind="local" name="Dfault" source="_h_zmsKJMEeSlHLP-P69lcw" target="_naOA8KJMEeSlHLP-P69lcw" xmi:id="_qPzuBKJMEeSlHLP-P69lcw" xmi:type="uml:Transition"/>
            <transition kind="local" name="warn" source="_naOA8KJMEeSlHLP-P69lcw" target="_naOA8KJMEeSlHLP-P69lcw" xmi:id="_s96TBKJMEeSlHLP-P69lcw" xmi:type="uml:Transition"/>
            <transition kind="local" name="Dfault" source="_naOA8KJMEeSlHLP-P69lcw" target="_naOA8KJMEeSlHLP-P69lcw" xmi:id="_mvkGtM7IEeSp7tAvotS-cg" xmi:type="uml:Transition"/>
          </region>
        </ownedBehavior>