<?xml version="1.0" encoding="UTF-8"?><diagrams xmlns:xmi="http://www.omg.org/XMI" xmlns:xsi="http://www.w3.org/2001/XMLSchema-instance" xmlns:di="http://www.topcased.org/DI/1.0" xmlns:diagrams="http://www.topcased.org/Diagrams/1.0" xmi:id="_UJtjA5JwEeOxXciWaJrA3g" position="0,0" size="100,100" name="No_both_sw_closed_for_Xms_in_diag_or_fault" viewport="0,42">
        <property xmi:id="_UKT_8pJwEeOxXciWaJrA3g" key="pageFormatName" value="A4"/>
        <property xmi:id="_UKT_85JwEeOxXciWaJrA3g" key="diagramWidth" value="840"/>
        <property xmi:id="_UKT_9JJwEeOxXciWaJrA3g" key="diagramHeight" value="1188"/>
        <property xmi:id="_UKT_9ZJwEeOxXciWaJrA3g" key="pageMarginName" value="Small Margin"/>
        <property xmi:id="_UKT_9pJwEeOxXciWaJrA3g" key="diagramTopMargin" value="20"/>
        <property xmi:id="_UKT_95JwEeOxXciWaJrA3g" key="diagramBottomMargin" value="20"/>
        <property xmi:id="_UKT_-JJwEeOxXciWaJrA3g" key="diagramLeftMargin" value="20"/>
        <property xmi:id="_UKT_-ZJwEeOxXciWaJrA3g" key="diagramRightMargin" value="20"/>
        <property xmi:id="_UKT_-pJwEeOxXciWaJrA3g" key="orientation" value="portrait"/>
        <semanticModel xsi:type="di:EMFSemanticModelBridge" xmi:id="_UJtjBJJwEeOxXciWaJrA3g" presentation="org.topcased.modeler.sysml.statemachinediagram">
          <element href="airbag1.sysml#_UJtjAJJwEeOxXciWaJrA3g"/>
        </semanticModel>
        <contained xsi:type="di:GraphNode" xmi:id="_UKT_8JJwEeOxXciWaJrA3g" size="-1,-1">
          <semanticModel xsi:type="di:EMFSemanticModelBridge" xmi:id="_UKT_8ZJwEeOxXciWaJrA3g" presentation="default">
            <element href="airbag1.sysml#_UJtjAZJwEeOxXciWaJrA3g"/>
          </semanticModel>
          <contained xsi:type="di:GraphNode" xmi:id="_VIpQcJJwEeOxXciWaJrA3g" position="68,33" size="-1,-1">
            <property xmi:id="_VIpQcpJwEeOxXciWaJrA3g" key="name" value="visible"/>
            <anchorage xmi:id="_rsWG4JJwEeOxXciWaJrA3g" graphEdge="_rsWG4pJwEeOxXciWaJrA3g"/>
            <semanticModel xsi:type="di:EMFSemanticModelBridge" xmi:id="_VIpQcZJwEeOxXciWaJrA3g" presentation="default">
              <element href="airbag1.sysml#_VIpQc5JwEeOxXciWaJrA3g"/>
            </semanticModel>
          </contained>
          <contained xsi:type="di:GraphNode" xmi:id="_nO_x0JJwEeOxXciWaJrA3g" position="158,22" size="526,154">
            <anchorage xmi:id="_rsWG4ZJwEeOxXciWaJrA3g" graphEdge="_rsWG4pJwEeOxXciWaJrA3g _vLgVYZJwEeOxXciWaJrA3g _kS-QIZJxEeOxXciWaJrA3g _q1VJ4JJxEeOxXciWaJrA3g"/>
            <anchorage xmi:id="_vLgVYJJwEeOxXciWaJrA3g" graphEdge="_vLgVYZJwEeOxXciWaJrA3g"/>
            <semanticModel xsi:type="di:EMFSemanticModelBridge" xmi:id="_nO_x0ZJwEeOxXciWaJrA3g" presentation="default">
              <element href="airbag1.sysml#_nPI7wJJwEeOxXciWaJrA3g"/>
            </semanticModel>
            <contained xsi:type="di:GraphNode" xmi:id="_nO_x0pJwEeOxXciWaJrA3g">
              <semanticModel xsi:type="di:EMFSemanticModelBridge" xmi:id="_nO_x05JwEeOxXciWaJrA3g" presentation="default">
                <element href="airbag1.sysml#_nPI7wZJwEeOxXciWaJrA3g"/>
              </semanticModel>
              <contained xsi:type="di:GraphNode" xmi:id="_8AlKYJJwEeOxXciWaJrA3g" position="36,8" size="-1,-1">
                <property xmi:id="_8AlKYpJwEeOxXciWaJrA3g" key="name" value="visible"/>
                <anchorage xmi:id="_ZNUxYJJxEeOxXciWaJrA3g" graphEdge="_ZNUxYZJxEeOxXciWaJrA3g"/>
                <semanticModel xsi:type="di:EMFSemanticModelBridge" xmi:id="_8AlKYZJwEeOxXciWaJrA3g" presentation="default">
                  <element href="airbag1.sysml#_8Au7YJJwEeOxXciWaJrA3g"/>
                </semanticModel>
              </contained>
              <contained xsi:type="di:GraphNode" xmi:id="_-RVsEJJwEeOxXciWaJrA3g" position="132,24" size="121,50">
                <anchorage xmi:id="_MMy6UJJxEeOxXciWaJrA3g" graphEdge="_MMy6UpJxEeOxXciWaJrA3g _RTWkcJJxEeOxXciWaJrA3g _ZNUxYZJxEeOxXciWaJrA3g _-kkUoJJxEeOxXciWaJrA3g"/>
                <anchorage xmi:id="_-kajoJJxEeOxXciWaJrA3g" graphEdge="_-kkUoJJxEeOxXciWaJrA3g"/>
                <semanticModel xsi:type="di:EMFSemanticModelBridge" xmi:id="_-RVsEZJwEeOxXciWaJrA3g" presentation="default">
                  <element href="airbag1.sysml#_-RfdEJJwEeOxXciWaJrA3g"/>
                </semanticModel>
              </contained>
              <contained xsi:type="di:GraphNode" xmi:id="_G4GGgJJxEeOxXciWaJrA3g" position="370,24" size="113,50">
                <anchorage xmi:id="_MMy6UZJxEeOxXciWaJrA3g" graphEdge="_MMy6UpJxEeOxXciWaJrA3g _RTWkcJJxEeOxXciWaJrA3g"/>
                <semanticModel xsi:type="di:EMFSemanticModelBridge" xmi:id="_G4GGgZJxEeOxXciWaJrA3g" presentation="default">
                  <element href="airbag1.sysml#_G4GGgpJxEeOxXciWaJrA3g"/>
                </semanticModel>
              </contained>
              <contained xsi:type="di:GraphEdge" xmi:id="_MMy6UpJxEeOxXciWaJrA3g" anchor="_MMy6UJJxEeOxXciWaJrA3g _MMy6UZJxEeOxXciWaJrA3g">
                <semanticModel xsi:type="di:EMFSemanticModelBridge" xmi:id="_MMy6U5JxEeOxXciWaJrA3g" presentation="default">
                  <element href="airbag1.sysml#_MMy6VpJxEeOxXciWaJrA3g"/>
                </semanticModel>
                <contained xsi:type="di:EdgeObjectOffset" xmi:id="_MMy6VJJxEeOxXciWaJrA3g" id="nameEdgeObject" offset="1,-17"/>
                <contained xsi:type="di:EdgeObjectOffset" xmi:id="_MMy6VZJxEeOxXciWaJrA3g" visible="false" id="TransitionStereotypeEdgeObject"/>
                <waypoints>[114, -20, -120, -20]</waypoints>
              </contained>
              <contained xsi:type="di:GraphEdge" xmi:id="_RTWkcJJxEeOxXciWaJrA3g" anchor="_MMy6UZJxEeOxXciWaJrA3g _MMy6UJJxEeOxXciWaJrA3g">
                <semanticModel xsi:type="di:EMFSemanticModelBridge" xmi:id="_RTWkcZJxEeOxXciWaJrA3g" presentation="default">
                  <element href="airbag1.sysml#_RTWkdJJxEeOxXciWaJrA3g"/>
                </semanticModel>
                <contained xsi:type="di:EdgeObjectOffset" xmi:id="_RTWkcpJxEeOxXciWaJrA3g" id="nameEdgeObject" offset="3,13"/>
                <contained xsi:type="di:EdgeObjectOffset" xmi:id="_RTWkc5JxEeOxXciWaJrA3g" visible="false" id="TransitionStereotypeEdgeObject"/>
                <waypoints>[-119, 27, 115, 27]</waypoints>
              </contained>
              <contained xsi:type="di:GraphEdge" xmi:id="_ZNUxYZJxEeOxXciWaJrA3g" anchor="_ZNUxYJJxEeOxXciWaJrA3g _MMy6UJJxEeOxXciWaJrA3g">
                <semanticModel xsi:type="di:EMFSemanticModelBridge" xmi:id="_ZNUxYpJxEeOxXciWaJrA3g" presentation="default">
                  <element href="airbag1.sysml#_ZNUxZZJxEeOxXciWaJrA3g"/>
                </semanticModel>
                <contained xsi:type="di:EdgeObjectOffset" xmi:id="_ZNUxY5JxEeOxXciWaJrA3g" id="nameEdgeObject" offset="-4,-11"/>
                <contained xsi:type="di:EdgeObjectOffset" xmi:id="_ZNUxZJJxEeOxXciWaJrA3g" visible="false" id="TransitionStereotypeEdgeObject"/>
              </contained>
              <contained xsi:type="di:GraphEdge" xmi:id="_-kkUoJJxEeOxXciWaJrA3g" anchor="_MMy6UJJxEeOxXciWaJrA3g _-kajoJJxEeOxXciWaJrA3g">
                <semanticModel xsi:type="di:EMFSemanticModelBridge" xmi:id="_-kkUoZJxEeOxXciWaJrA3g" presentation="default">
                  <element href="airbag1.sysml#_-kkUpJJxEeOxXciWaJrA3g"/>
                </semanticModel>
                <contained xsi:type="di:EdgeObjectOffset" xmi:id="_-kkUopJxEeOxXciWaJrA3g" id="nameEdgeObject" offset="-57,11"/>
                <contained xsi:type="di:EdgeObjectOffset" xmi:id="_-kkUo5JxEeOxXciWaJrA3g" visible="false" id="TransitionStereotypeEdgeObject"/>
                <waypoints>[-24, 44, -24, 44]</waypoints>
                <waypoints>[0, 44, 0, 44]</waypoints>
              </contained>
            </contained>
          </contained>
          <contained xsi:type="di:GraphEdge" xmi:id="_rsWG4pJwEeOxXciWaJrA3g" anchor="_rsWG4JJwEeOxXciWaJrA3g _rsWG4ZJwEeOxXciWaJrA3g">
            <semanticModel xsi:type="di:EMFSemanticModelBridge" xmi:id="_rsWG45JwEeOxXciWaJrA3g" presentation="default">
              <element href="airbag1.sysml#_rsWG5pJwEeOxXciWaJrA3g"/>
            </semanticModel>
            <contained xsi:type="di:EdgeObjectOffset" xmi:id="_rsWG5JJwEeOxXciWaJrA3g" id="nameEdgeObject" offset="-5,-10"/>
            <contained xsi:type="di:EdgeObjectOffset" xmi:id="_rsWG5ZJwEeOxXciWaJrA3g" visible="false" id="TransitionStereotypeEdgeObject"/>
          </contained>
          <contained xsi:type="di:GraphEdge" xmi:id="_vLgVYZJwEeOxXciWaJrA3g" anchor="_rsWG4ZJwEeOxXciWaJrA3g _vLgVYJJwEeOxXciWaJrA3g">
            <semanticModel xsi:type="di:EMFSemanticModelBridge" xmi:id="_vLgVYpJwEeOxXciWaJrA3g" presentation="default">
              <element href="airbag1.sysml#_vLgVZZJwEeOxXciWaJrA3g"/>
            </semanticModel>
            <contained xsi:type="di:EdgeObjectOffset" xmi:id="_vLgVY5JwEeOxXciWaJrA3g" id="nameEdgeObject" offset="-26,1"/>
            <contained xsi:type="di:EdgeObjectOffset" xmi:id="_vLgVZJJwEeOxXciWaJrA3g" visible="false" id="TransitionStereotypeEdgeObject"/>
            <waypoints>[-287, 0, -287, 0]</waypoints>
            <waypoints>[-287, 23, -287, 23]</waypoints>
          </contained>
          <contained xsi:type="di:GraphNode" xmi:id="_e5hfMJJxEeOxXciWaJrA3g" position="391,218" size="123,50">
            <anchorage xmi:id="_kS-QIJJxEeOxXciWaJrA3g" graphEdge="_kS-QIZJxEeOxXciWaJrA3g _q1VJ4JJxEeOxXciWaJrA3g _7kcxIZL2EeOonalRpHtFwQ _CxfmoJL3EeOonalRpHtFwQ"/>
            <anchorage xmi:id="_7kcxIJL2EeOonalRpHtFwQ" graphEdge="_7kcxIZL2EeOonalRpHtFwQ _CxfmoJL3EeOonalRpHtFwQ"/>
            <semanticModel xsi:type="di:EMFSemanticModelBridge" xmi:id="_e5hfMZJxEeOxXciWaJrA3g" presentation="default">
              <element href="airbag1.sysml#_e5hfMpJxEeOxXciWaJrA3g"/>
            </semanticModel>
          </contained>
          <contained xsi:type="di:GraphEdge" xmi:id="_kS-QIZJxEeOxXciWaJrA3g" anchor="_rsWG4ZJwEeOxXciWaJrA3g _kS-QIJJxEeOxXciWaJrA3g">
            <semanticModel xsi:type="di:EMFSemanticModelBridge" xmi:id="_kS-QIpJxEeOxXciWaJrA3g" presentation="default">
              <element href="airbag1.sysml#_kS-QJZJxEeOxXciWaJrA3g"/>
            </semanticModel>
            <contained xsi:type="di:EdgeObjectOffset" xmi:id="_kS-QI5JxEeOxXciWaJrA3g" id="nameEdgeObject" offset="23,-4"/>
            <contained xsi:type="di:EdgeObjectOffset" xmi:id="_kS-QJJJxEeOxXciWaJrA3g" visible="false" id="TransitionStereotypeEdgeObject"/>
          </contained>
          <contained xsi:type="di:GraphEdge" xmi:id="_q1VJ4JJxEeOxXciWaJrA3g" anchor="_kS-QIJJxEeOxXciWaJrA3g _rsWG4ZJwEeOxXciWaJrA3g">
            <semanticModel xsi:type="di:EMFSemanticModelBridge" xmi:id="_q1VJ4ZJxEeOxXciWaJrA3g" presentation="default">
              <element href="airbag1.sysml#_q1VJ5JJxEeOxXciWaJrA3g"/>
            </semanticModel>
            <contained xsi:type="di:EdgeObjectOffset" xmi:id="_q1VJ4pJxEeOxXciWaJrA3g" id="nameEdgeObject" offset="-25,2"/>
            <contained xsi:type="di:EdgeObjectOffset" xmi:id="_q1VJ45JxEeOxXciWaJrA3g" visible="false" id="TransitionStereotypeEdgeObject"/>
            <waypoints>[-59, -44, -28, 100]</waypoints>
          </contained>
          <contained xsi:type="di:GraphEdge" xmi:id="_7kcxIZL2EeOonalRpHtFwQ" anchor="_kS-QIJJxEeOxXciWaJrA3g _7kcxIJL2EeOonalRpHtFwQ">
            <semanticModel xsi:type="di:EMFSemanticModelBridge" xmi:id="_7kcxIpL2EeOonalRpHtFwQ" presentation="default">
              <element href="airbag1.sysml#_7kcxJZL2EeOonalRpHtFwQ"/>
            </semanticModel>
            <contained xsi:type="di:EdgeObjectOffset" xmi:id="_7kcxI5L2EeOonalRpHtFwQ" id="nameEdgeObject" offset="37,-21"/>
            <contained xsi:type="di:EdgeObjectOffset" xmi:id="_7kcxJJL2EeOonalRpHtFwQ" visible="false" id="TransitionStereotypeEdgeObject"/>
            <waypoints>[87, 0, 87, 0]</waypoints>
            <waypoints>[87, 49, 87, 49]</waypoints>
            <waypoints>[50, 49, 50, 49]</waypoints>
          </contained>
          <contained xsi:type="di:GraphEdge" xmi:id="_CxfmoJL3EeOonalRpHtFwQ" anchor="_kS-QIJJxEeOxXciWaJrA3g _7kcxIJL2EeOonalRpHtFwQ">
            <semanticModel xsi:type="di:EMFSemanticModelBridge" xmi:id="_CxfmoZL3EeOonalRpHtFwQ" presentation="default">
              <element href="airbag1.sysml#_CxfmpJL3EeOonalRpHtFwQ"/>
            </semanticModel>
            <contained xsi:type="di:EdgeObjectOffset" xmi:id="_CxfmopL3EeOonalRpHtFwQ" id="nameEdgeObject" offset="-36,-12"/>
            <contained xsi:type="di:EdgeObjectOffset" xmi:id="_Cxfmo5L3EeOonalRpHtFwQ" visible="false" id="TransitionStereotypeEdgeObject"/>
            <waypoints>[-95, 0, -95, 0]</waypoints>
            <waypoints>[-95, 49, -95, 49]</waypoints>
            <waypoints>[-42, 49, -42, 49]</waypoints>
          </contained>
        </contained>
      </diagrams>