<?xml version="1.0" encoding="UTF-8" standalone="no"?><ownedBehavior xmlns:Allocations="http://www.eclipse.org/papyrus/0.7.0/SysML/Allocations" xmlns:ecore="http://www.eclipse.org/emf/2002/Ecore" xmlns:refMapProfile="http:///schemas/refMapProfile/_Wn_IAGZAEeKTUctFx_SZgg/7" xmlns:sysML="http://www.topcased.org/2.0/sysML" xmlns:uml="http://www.eclipse.org/uml2/3.0.0/UML" xmlns:xmi="http://www.omg.org/XMI" xmlns:xsi="http://www.w3.org/2001/XMLSchema-instance" name="stm_No_both_sw_closed_for_Xms_in_diag_or_fault" xmi:id="_UJtjAJJwEeOxXciWaJrA3g" xmi:type="uml:StateMachine">
          <region name="Region" xmi:id="_UJtjAZJwEeOxXciWaJrA3g" xmi:type="uml:Region">
            <subvertex name="No_both_sw_closed_for_Xms_in_diag_or_fault_Init" xmi:id="_VIpQc5JwEeOxXciWaJrA3g" xmi:type="uml:Pseudostate"/>
            <subvertex name="No_both_sw_closed_for_Xms_in_diag_or_fault_State1" xmi:id="_nPI7wJJwEeOxXciWaJrA3g" xmi:type="uml:State">
              <region name="Region1" xmi:id="_nPI7wZJwEeOxXciWaJrA3g" xmi:type="uml:Region">
                <subvertex name="No_both_sw_closed_for_Xms_in_diag_or_fault_Init1" xmi:id="_8Au7YJJwEeOxXciWaJrA3g" xmi:type="uml:Pseudostate"/>
                <subvertex name="No_both_sw_closed_for_Xms_in_diag_or_fault_NoFaultNoDiag" xmi:id="_-RfdEJJwEeOxXciWaJrA3g" xmi:type="uml:State"/>
                <subvertex name="No_both_sw_closed_for_Xms_in_diag_or_fault_NoFaultDiag" xmi:id="_G4GGgpJxEeOxXciWaJrA3g" xmi:type="uml:State"/>
                <transition kind="local" name="_diag_in_" source="_-RfdEJJwEeOxXciWaJrA3g" target="_G4GGgpJxEeOxXciWaJrA3g" xmi:id="_MMy6VpJxEeOxXciWaJrA3g" xmi:type="uml:Transition"/>
                <transition kind="local" name="_diag_out_" source="_G4GGgpJxEeOxXciWaJrA3g" target="_-RfdEJJwEeOxXciWaJrA3g" xmi:id="_RTWkdJJxEeOxXciWaJrA3g" xmi:type="uml:Transition"/>
                <transition kind="local" name="" source="_8Au7YJJwEeOxXciWaJrA3g" target="_-RfdEJJwEeOxXciWaJrA3g" xmi:id="_ZNUxZZJxEeOxXciWaJrA3g" xmi:type="uml:Transition"/>
                <transition kind="local" name="_both_sw_closed_for_Xms_" source="_-RfdEJJwEeOxXciWaJrA3g" target="_-RfdEJJwEeOxXciWaJrA3g" xmi:id="_-kkUpJJxEeOxXciWaJrA3g" xmi:type="uml:Transition"/>
              </region>
            </subvertex>
            <subvertex name="No_both_sw_closed_for_Xms_in_diag_or_fault_FaultOccurred" xmi:id="_e5hfMpJxEeOxXciWaJrA3g" xmi:type="uml:State"/>
            <transition kind="local" name="" source="_VIpQc5JwEeOxXciWaJrA3g" target="_nPI7wJJwEeOxXciWaJrA3g" xmi:id="_rsWG5pJwEeOxXciWaJrA3g" xmi:type="uml:Transition"/>
            <transition kind="local" name="_reset_" source="_nPI7wJJwEeOxXciWaJrA3g" target="_nPI7wJJwEeOxXciWaJrA3g" xmi:id="_vLgVZZJwEeOxXciWaJrA3g" xmi:type="uml:Transition"/>
            <transition kind="local" name="_fault_" source="_nPI7wJJwEeOxXciWaJrA3g" target="_e5hfMpJxEeOxXciWaJrA3g" xmi:id="_kS-QJZJxEeOxXciWaJrA3g" xmi:type="uml:Transition"/>
            <transition kind="local" name="_reset_" source="_e5hfMpJxEeOxXciWaJrA3g" target="_nPI7wJJwEeOxXciWaJrA3g" xmi:id="_q1VJ5JJxEeOxXciWaJrA3g" xmi:type="uml:Transition"/>
            <transition kind="local" name="_diag_in_" source="_e5hfMpJxEeOxXciWaJrA3g" target="_e5hfMpJxEeOxXciWaJrA3g" xmi:id="_7kcxJZL2EeOonalRpHtFwQ" xmi:type="uml:Transition"/>
            <transition kind="local" name="_diag_out_" source="_e5hfMpJxEeOxXciWaJrA3g" target="_e5hfMpJxEeOxXciWaJrA3g" xmi:id="_CxfmpJL3EeOonalRpHtFwQ" xmi:type="uml:Transition"/>
          </region>
        </ownedBehavior>