<?xml version="1.0" encoding="UTF-8"?><diagrams xmlns:xmi="http://www.omg.org/XMI" xmlns:xsi="http://www.w3.org/2001/XMLSchema-instance" xmlns:di="http://www.topcased.org/DI/1.0" xmlns:diagrams="http://www.topcased.org/Diagrams/1.0" xmi:id="_wJyBsxiaEeSnq5u4CS2A2w" position="0,0" size="100,100" name="FSR3" viewport="134,0">
      <property xmi:id="_wKWCYBiaEeSnq5u4CS2A2w" key="pageFormatName" value="A4"/>
      <property xmi:id="_wKWCYRiaEeSnq5u4CS2A2w" key="diagramWidth" value="840"/>
      <property xmi:id="_wKWCYhiaEeSnq5u4CS2A2w" key="diagramHeight" value="1188"/>
      <property xmi:id="_wKWCYxiaEeSnq5u4CS2A2w" key="pageMarginName" value="Small Margin"/>
      <property xmi:id="_wKWCZBiaEeSnq5u4CS2A2w" key="diagramTopMargin" value="20"/>
      <property xmi:id="_wKWCZRiaEeSnq5u4CS2A2w" key="diagramBottomMargin" value="20"/>
      <property xmi:id="_wKWCZhiaEeSnq5u4CS2A2w" key="diagramLeftMargin" value="20"/>
      <property xmi:id="_wKWCZxiaEeSnq5u4CS2A2w" key="diagramRightMargin" value="20"/>
      <property xmi:id="_wKWCaBiaEeSnq5u4CS2A2w" key="orientation" value="portrait"/>
      <semanticModel xsi:type="di:EMFSemanticModelBridge" xmi:id="_wJyBtBiaEeSnq5u4CS2A2w" presentation="org.topcased.modeler.sysml.statemachinediagram">
        <element href="crf_eshift.sysml#_wJyBsBiaEeSnq5u4CS2A2w"/>
      </semanticModel>
      <contained xsi:type="di:GraphNode" xmi:id="_wKVbUBiaEeSnq5u4CS2A2w" size="-1,-1">
        <semanticModel xsi:type="di:EMFSemanticModelBridge" xmi:id="_wKVbURiaEeSnq5u4CS2A2w" presentation="default">
          <element href="crf_eshift.sysml#_wJyBsRiaEeSnq5u4CS2A2w"/>
        </semanticModel>
        <contained xsi:type="di:GraphNode" xmi:id="_w-T18BiaEeSnq5u4CS2A2w" position="45,39" size="-1,-1">
          <property xmi:id="_w-VrIBiaEeSnq5u4CS2A2w" key="name" value="visible"/>
          <anchorage xmi:id="_0kq4oBiaEeSnq5u4CS2A2w" graphEdge="_0ksGwBiaEeSnq5u4CS2A2w"/>
          <semanticModel xsi:type="di:EMFSemanticModelBridge" xmi:id="_w-T18RiaEeSnq5u4CS2A2w" presentation="default">
            <element href="crf_eshift.sysml#_w-YucBiaEeSnq5u4CS2A2w"/>
          </semanticModel>
        </contained>
        <contained xsi:type="di:GraphNode" xmi:id="_yDNBcBiaEeSnq5u4CS2A2w" position="184,29" size="206,50">
          <anchorage xmi:id="_0kq4oRiaEeSnq5u4CS2A2w" graphEdge="_0ksGwBiaEeSnq5u4CS2A2w _7fDQ0BiaEeSnq5u4CS2A2w _yGctQBibEeSnq5u4CS2A2w _2JKUwBibEeSnq5u4CS2A2w _CgZ-QBicEeSnq5u4CS2A2w"/>
          <semanticModel xsi:type="di:EMFSemanticModelBridge" xmi:id="_yDNBcRiaEeSnq5u4CS2A2w" presentation="default">
            <element href="crf_eshift.sysml#_yDWLYBiaEeSnq5u4CS2A2w"/>
          </semanticModel>
        </contained>
        <contained xsi:type="di:GraphEdge" xmi:id="_0ksGwBiaEeSnq5u4CS2A2w" anchor="_0kq4oBiaEeSnq5u4CS2A2w _0kq4oRiaEeSnq5u4CS2A2w">
          <semanticModel xsi:type="di:EMFSemanticModelBridge" xmi:id="_0ksGwRiaEeSnq5u4CS2A2w" presentation="default">
            <element href="crf_eshift.sysml#_0ksGxBiaEeSnq5u4CS2A2w"/>
          </semanticModel>
          <contained xsi:type="di:EdgeObjectOffset" xmi:id="_0ksGwhiaEeSnq5u4CS2A2w" id="nameEdgeObject" offset="-1,-11"/>
          <contained xsi:type="di:EdgeObjectOffset" xmi:id="_0ksGwxiaEeSnq5u4CS2A2w" visible="false" id="TransitionStereotypeEdgeObject"/>
        </contained>
        <contained xsi:type="di:GraphNode" xmi:id="_3roCgBiaEeSnq5u4CS2A2w" position="525,24" size="227,50">
          <anchorage xmi:id="_7fCCsBiaEeSnq5u4CS2A2w" graphEdge="_7fDQ0BiaEeSnq5u4CS2A2w _XpzPUBibEeSnq5u4CS2A2w _bGgmwBibEeSnq5u4CS2A2w _eUp9wBibEeSnq5u4CS2A2w"/>
          <semanticModel xsi:type="di:EMFSemanticModelBridge" xmi:id="_3roCgRiaEeSnq5u4CS2A2w" presentation="default">
            <element href="crf_eshift.sysml#_3rxMcBiaEeSnq5u4CS2A2w"/>
          </semanticModel>
        </contained>
        <contained xsi:type="di:GraphEdge" xmi:id="_7fDQ0BiaEeSnq5u4CS2A2w" anchor="_0kq4oRiaEeSnq5u4CS2A2w _7fCCsBiaEeSnq5u4CS2A2w">
          <semanticModel xsi:type="di:EMFSemanticModelBridge" xmi:id="_7fDQ0RiaEeSnq5u4CS2A2w" presentation="default">
            <element href="crf_eshift.sysml#_7fDQ1BiaEeSnq5u4CS2A2w"/>
          </semanticModel>
          <contained xsi:type="di:EdgeObjectOffset" xmi:id="_7fDQ0hiaEeSnq5u4CS2A2w" id="nameEdgeObject" offset="-2,-12"/>
          <contained xsi:type="di:EdgeObjectOffset" xmi:id="_7fDQ0xiaEeSnq5u4CS2A2w" visible="false" id="TransitionStereotypeEdgeObject"/>
        </contained>
        <contained xsi:type="di:GraphNode" xmi:id="_CimMEBibEeSnq5u4CS2A2w" position="356,115" size="50,50">
          <anchorage xmi:id="_XpyBMBibEeSnq5u4CS2A2w" graphEdge="_XpzPUBibEeSnq5u4CS2A2w _yGctQBibEeSnq5u4CS2A2w _KmvzQBicEeSnq5u4CS2A2w"/>
          <anchorage xmi:id="_KmulIBicEeSnq5u4CS2A2w" graphEdge="_KmvzQBicEeSnq5u4CS2A2w"/>
          <semanticModel xsi:type="di:EMFSemanticModelBridge" xmi:id="_CimMERibEeSnq5u4CS2A2w" presentation="default">
            <element href="crf_eshift.sysml#_CiwkIBibEeSnq5u4CS2A2w"/>
          </semanticModel>
        </contained>
        <contained xsi:type="di:GraphNode" xmi:id="_D5twABibEeSnq5u4CS2A2w" position="261,185" size="98,50">
          <anchorage xmi:id="_bGfYoBibEeSnq5u4CS2A2w" graphEdge="_bGgmwBibEeSnq5u4CS2A2w _2JKUwBibEeSnq5u4CS2A2w"/>
          <semanticModel xsi:type="di:EMFSemanticModelBridge" xmi:id="_D5twARibEeSnq5u4CS2A2w" presentation="default">
            <element href="crf_eshift.sysml#_D53hABibEeSnq5u4CS2A2w"/>
          </semanticModel>
        </contained>
        <contained xsi:type="di:GraphNode" xmi:id="_Hms_IBibEeSnq5u4CS2A2w" position="197,262" size="68,50">
          <anchorage xmi:id="_eUovoBibEeSnq5u4CS2A2w" graphEdge="_eUp9wBibEeSnq5u4CS2A2w _CgZ-QBicEeSnq5u4CS2A2w"/>
          <semanticModel xsi:type="di:EMFSemanticModelBridge" xmi:id="_Hms_IRibEeSnq5u4CS2A2w" presentation="default">
            <element href="crf_eshift.sysml#_Hm3XMBibEeSnq5u4CS2A2w"/>
          </semanticModel>
        </contained>
        <contained xsi:type="di:GraphEdge" xmi:id="_XpzPUBibEeSnq5u4CS2A2w" anchor="_7fCCsBiaEeSnq5u4CS2A2w _XpyBMBibEeSnq5u4CS2A2w">
          <semanticModel xsi:type="di:EMFSemanticModelBridge" xmi:id="_XpzPURibEeSnq5u4CS2A2w" presentation="default">
            <element href="crf_eshift.sysml#_XpzPVBibEeSnq5u4CS2A2w"/>
          </semanticModel>
          <contained xsi:type="di:EdgeObjectOffset" xmi:id="_XpzPUhibEeSnq5u4CS2A2w" id="nameEdgeObject" offset="-55,-12"/>
          <contained xsi:type="di:EdgeObjectOffset" xmi:id="_XpzPUxibEeSnq5u4CS2A2w" visible="false" id="TransitionStereotypeEdgeObject"/>
          <waypoints>[-69, 88, 188, -3]</waypoints>
        </contained>
        <contained xsi:type="di:GraphEdge" xmi:id="_bGgmwBibEeSnq5u4CS2A2w" anchor="_7fCCsBiaEeSnq5u4CS2A2w _bGfYoBibEeSnq5u4CS2A2w">
          <semanticModel xsi:type="di:EMFSemanticModelBridge" xmi:id="_bGgmwRibEeSnq5u4CS2A2w" presentation="default">
            <element href="crf_eshift.sysml#_bGhN0BibEeSnq5u4CS2A2w"/>
          </semanticModel>
          <contained xsi:type="di:EdgeObjectOffset" xmi:id="_bGgmwhibEeSnq5u4CS2A2w" id="nameEdgeObject" offset="-50,-11"/>
          <contained xsi:type="di:EdgeObjectOffset" xmi:id="_bGgmwxibEeSnq5u4CS2A2w" visible="false" id="TransitionStereotypeEdgeObject"/>
          <waypoints>[-17, 158, 301, -3]</waypoints>
        </contained>
        <contained xsi:type="di:GraphEdge" xmi:id="_eUp9wBibEeSnq5u4CS2A2w" anchor="_7fCCsBiaEeSnq5u4CS2A2w _eUovoBibEeSnq5u4CS2A2w">
          <semanticModel xsi:type="di:EMFSemanticModelBridge" xmi:id="_eUp9wRibEeSnq5u4CS2A2w" presentation="default">
            <element href="crf_eshift.sysml#_eUp9xBibEeSnq5u4CS2A2w"/>
          </semanticModel>
          <contained xsi:type="di:EdgeObjectOffset" xmi:id="_eUp9whibEeSnq5u4CS2A2w" id="nameEdgeObject" offset="-56,-17"/>
          <contained xsi:type="di:EdgeObjectOffset" xmi:id="_eUp9wxibEeSnq5u4CS2A2w" visible="false" id="TransitionStereotypeEdgeObject"/>
          <waypoints>[37, 239, 426, -5]</waypoints>
        </contained>
        <contained xsi:type="di:GraphEdge" xmi:id="_yGctQBibEeSnq5u4CS2A2w" anchor="_XpyBMBibEeSnq5u4CS2A2w _0kq4oRiaEeSnq5u4CS2A2w">
          <semanticModel xsi:type="di:EMFSemanticModelBridge" xmi:id="_yGctQRibEeSnq5u4CS2A2w" presentation="default">
            <element href="crf_eshift.sysml#_yGdUUBibEeSnq5u4CS2A2w"/>
          </semanticModel>
          <contained xsi:type="di:EdgeObjectOffset" xmi:id="_yGctQhibEeSnq5u4CS2A2w" id="nameEdgeObject" offset="43,-41"/>
          <contained xsi:type="di:EdgeObjectOffset" xmi:id="_yGctQxibEeSnq5u4CS2A2w" visible="false" id="TransitionStereotypeEdgeObject"/>
          <waypoints>[-53, 1, 41, 87]</waypoints>
        </contained>
        <contained xsi:type="di:GraphEdge" xmi:id="_2JKUwBibEeSnq5u4CS2A2w" anchor="_bGfYoBibEeSnq5u4CS2A2w _0kq4oRiaEeSnq5u4CS2A2w">
          <semanticModel xsi:type="di:EMFSemanticModelBridge" xmi:id="_2JKUwRibEeSnq5u4CS2A2w" presentation="default">
            <element href="crf_eshift.sysml#_2JKUxBibEeSnq5u4CS2A2w"/>
          </semanticModel>
          <contained xsi:type="di:EdgeObjectOffset" xmi:id="_2JKUwhibEeSnq5u4CS2A2w" id="nameEdgeObject" offset="-5,7"/>
          <contained xsi:type="di:EdgeObjectOffset" xmi:id="_2JKUwxibEeSnq5u4CS2A2w" visible="false" id="TransitionStereotypeEdgeObject"/>
          <waypoints>[-29, -57, -6, 99]</waypoints>
        </contained>
        <contained xsi:type="di:GraphEdge" xmi:id="_CgZ-QBicEeSnq5u4CS2A2w" anchor="_eUovoBibEeSnq5u4CS2A2w _0kq4oRiaEeSnq5u4CS2A2w">
          <semanticModel xsi:type="di:EMFSemanticModelBridge" xmi:id="_CgZ-QRicEeSnq5u4CS2A2w" presentation="default">
            <element href="crf_eshift.sysml#_CgalUBicEeSnq5u4CS2A2w"/>
          </semanticModel>
          <contained xsi:type="di:EdgeObjectOffset" xmi:id="_CgZ-QhicEeSnq5u4CS2A2w" id="nameEdgeObject" offset="-6,17"/>
          <contained xsi:type="di:EdgeObjectOffset" xmi:id="_CgZ-QxicEeSnq5u4CS2A2w" visible="false" id="TransitionStereotypeEdgeObject"/>
          <waypoints>[-12, -41, -68, 192]</waypoints>
        </contained>
        <contained xsi:type="di:GraphEdge" xmi:id="_KmvzQBicEeSnq5u4CS2A2w" anchor="_XpyBMBibEeSnq5u4CS2A2w _KmulIBicEeSnq5u4CS2A2w">
          <semanticModel xsi:type="di:EMFSemanticModelBridge" xmi:id="_KmvzQRicEeSnq5u4CS2A2w" presentation="default">
            <element href="crf_eshift.sysml#_KmvzRBicEeSnq5u4CS2A2w"/>
          </semanticModel>
          <contained xsi:type="di:EdgeObjectOffset" xmi:id="_KmvzQhicEeSnq5u4CS2A2w" id="nameEdgeObject" offset="23,-16"/>
          <contained xsi:type="di:EdgeObjectOffset" xmi:id="_KmvzQxicEeSnq5u4CS2A2w" visible="false" id="TransitionStereotypeEdgeObject"/>
          <waypoints>[50, 13, 50, 13]</waypoints>
          <waypoints>[50, 45, 50, 45]</waypoints>
          <waypoints>[-2, 45, -2, 45]</waypoints>
        </contained>
      </contained>
    </diagrams>