<?xml version="1.0" encoding="UTF-8"?><diagrams xmlns:xmi="http://www.omg.org/XMI" xmlns:xsi="http://www.w3.org/2001/XMLSchema-instance" xmlns:di="http://www.topcased.org/DI/1.0" xmlns:diagrams="http://www.topcased.org/Diagrams/1.0" xmi:id="_SXMfUBriEeSyd7KqnyTZ1g" position="0,0" size="100,100" name="TSR9" viewport="0,0">
      <property xmi:id="_SYYyIhriEeSyd7KqnyTZ1g" key="pageFormatName" value="A4"/>
      <property xmi:id="_SYYyIxriEeSyd7KqnyTZ1g" key="diagramWidth" value="840"/>
      <property xmi:id="_SYYyJBriEeSyd7KqnyTZ1g" key="diagramHeight" value="1188"/>
      <property xmi:id="_SYYyJRriEeSyd7KqnyTZ1g" key="pageMarginName" value="Small Margin"/>
      <property xmi:id="_SYYyJhriEeSyd7KqnyTZ1g" key="diagramTopMargin" value="20"/>
      <property xmi:id="_SYYyJxriEeSyd7KqnyTZ1g" key="diagramBottomMargin" value="20"/>
      <property xmi:id="_SYYyKBriEeSyd7KqnyTZ1g" key="diagramLeftMargin" value="20"/>
      <property xmi:id="_SYYyKRriEeSyd7KqnyTZ1g" key="diagramRightMargin" value="20"/>
      <property xmi:id="_SYYyKhriEeSyd7KqnyTZ1g" key="orientation" value="portrait"/>
      <semanticModel xsi:type="di:EMFSemanticModelBridge" xmi:id="_SXMfURriEeSyd7KqnyTZ1g" presentation="org.topcased.modeler.sysml.statemachinediagram">
        <element href="crf_eshift.sysml#_SXDVYBriEeSyd7KqnyTZ1g"/>
      </semanticModel>
      <contained xsi:type="di:GraphNode" xmi:id="_SYYyIBriEeSyd7KqnyTZ1g" size="-1,-1">
        <semanticModel xsi:type="di:EMFSemanticModelBridge" xmi:id="_SYYyIRriEeSyd7KqnyTZ1g" presentation="default">
          <element href="crf_eshift.sysml#_SXDVYRriEeSyd7KqnyTZ1g"/>
        </semanticModel>
        <contained xsi:type="di:GraphNode" xmi:id="_TIcWEBriEeSyd7KqnyTZ1g" position="24,44" size="-1,-1">
          <property xmi:id="_TIcWEhriEeSyd7KqnyTZ1g" key="name" value="visible"/>
          <anchorage xmi:id="_hes0gBrjEeSyd7KqnyTZ1g" graphEdge="_hes0ghrjEeSyd7KqnyTZ1g"/>
          <semanticModel xsi:type="di:EMFSemanticModelBridge" xmi:id="_TIcWERriEeSyd7KqnyTZ1g" presentation="default">
            <element href="crf_eshift.sysml#_TIlgABriEeSyd7KqnyTZ1g"/>
          </semanticModel>
        </contained>
        <contained xsi:type="di:GraphNode" xmi:id="_UUUTUBriEeSyd7KqnyTZ1g" position="73,12" size="653,522">
          <anchorage xmi:id="_hes0gRrjEeSyd7KqnyTZ1g" graphEdge="_hes0ghrjEeSyd7KqnyTZ1g"/>
          <semanticModel xsi:type="di:EMFSemanticModelBridge" xmi:id="_UUUTURriEeSyd7KqnyTZ1g" presentation="default">
            <element href="crf_eshift.sysml#_UUddQBriEeSyd7KqnyTZ1g"/>
          </semanticModel>
          <contained xsi:type="di:GraphNode" xmi:id="_UUUTUhriEeSyd7KqnyTZ1g">
            <semanticModel xsi:type="di:EMFSemanticModelBridge" xmi:id="_UUUTUxriEeSyd7KqnyTZ1g" presentation="default">
              <element href="crf_eshift.sysml#_UUddQRriEeSyd7KqnyTZ1g"/>
            </semanticModel>
            <contained xsi:type="di:GraphNode" xmi:id="_YFVG0BriEeSyd7KqnyTZ1g" position="0,98" size="-1,-1">
              <property xmi:id="_YFVG0hriEeSyd7KqnyTZ1g" key="name" value="visible"/>
              <anchorage xmi:id="_iwyj8BriEeSyd7KqnyTZ1g" graphEdge="_iwyj8hriEeSyd7KqnyTZ1g"/>
              <anchorage xmi:id="_T-dDgKGWEeSZPrvc6WLGWg"/>
              <semanticModel xsi:type="di:EMFSemanticModelBridge" xmi:id="_YFVG0RriEeSyd7KqnyTZ1g" presentation="default">
                <element href="crf_eshift.sysml#_YFe30BriEeSyd7KqnyTZ1g"/>
              </semanticModel>
            </contained>
            <contained xsi:type="di:GraphNode" xmi:id="_dZknoBriEeSyd7KqnyTZ1g" position="84,1" size="79,101">
              <anchorage xmi:id="_iwyj8RriEeSyd7KqnyTZ1g" graphEdge="_1_vsIRriEeSyd7KqnyTZ1g __dQIYRriEeSyd7KqnyTZ1g _GmWAEBrlEeSyd7KqnyTZ1g _iwyj8hriEeSyd7KqnyTZ1g _X8aG0KGWEeSZPrvc6WLGWg"/>
              <semanticModel xsi:type="di:EMFSemanticModelBridge" xmi:id="_dZknoRriEeSyd7KqnyTZ1g" presentation="default">
                <element href="crf_eshift.sysml#_dZuYoBriEeSyd7KqnyTZ1g"/>
              </semanticModel>
            </contained>
            <contained xsi:type="di:GraphEdge" xmi:id="_iwyj8hriEeSyd7KqnyTZ1g" anchor="_iwyj8BriEeSyd7KqnyTZ1g _iwyj8RriEeSyd7KqnyTZ1g">
              <semanticModel xsi:type="di:EMFSemanticModelBridge" xmi:id="_iwyj8xriEeSyd7KqnyTZ1g" presentation="default">
                <element href="crf_eshift.sysml#_iwyj9hriEeSyd7KqnyTZ1g"/>
              </semanticModel>
              <contained xsi:type="di:EdgeObjectOffset" xmi:id="_iwyj9BriEeSyd7KqnyTZ1g" id="nameEdgeObject" offset="-3,-15"/>
              <contained xsi:type="di:EdgeObjectOffset" xmi:id="_iwyj9RriEeSyd7KqnyTZ1g" visible="false" id="TransitionStereotypeEdgeObject"/>
              <waypoints>[0, -66, -70, -9]</waypoints>
            </contained>
            <contained xsi:type="di:GraphNode" xmi:id="_r_knsBriEeSyd7KqnyTZ1g" position="458,2" size="164,34">
              <anchorage xmi:id="_1_vsIBriEeSyd7KqnyTZ1g" graphEdge="_1_vsIRriEeSyd7KqnyTZ1g _jdV2ABrkEeSyd7KqnyTZ1g _dF4YgKGKEeSZPrvc6WLGWg _CznTsKGMEeSZPrvc6WLGWg"/>
              <semanticModel xsi:type="di:EMFSemanticModelBridge" xmi:id="_r_knsRriEeSyd7KqnyTZ1g" presentation="default">
                <element href="crf_eshift.sysml#_r_uYsBriEeSyd7KqnyTZ1g"/>
              </semanticModel>
            </contained>
            <contained xsi:type="di:GraphNode" xmi:id="_vlbUEBriEeSyd7KqnyTZ1g" position="293,29" size="138,35">
              <anchorage xmi:id="__dQIYBriEeSyd7KqnyTZ1g" graphEdge="__dQIYRriEeSyd7KqnyTZ1g _flVpsRrkEeSyd7KqnyTZ1g _r0P08KGLEeSZPrvc6WLGWg _zfMucKGLEeSZPrvc6WLGWg"/>
              <semanticModel xsi:type="di:EMFSemanticModelBridge" xmi:id="_vlbUERriEeSyd7KqnyTZ1g" presentation="default">
                <element href="crf_eshift.sysml#_vllFEBriEeSyd7KqnyTZ1g"/>
              </semanticModel>
            </contained>
            <contained xsi:type="di:GraphEdge" xmi:id="_1_vsIRriEeSyd7KqnyTZ1g" anchor="_iwyj8RriEeSyd7KqnyTZ1g _1_vsIBriEeSyd7KqnyTZ1g">
              <semanticModel xsi:type="di:EMFSemanticModelBridge" xmi:id="_1_vsIhriEeSyd7KqnyTZ1g" presentation="default">
                <element href="crf_eshift.sysml#_1_vsJRriEeSyd7KqnyTZ1g"/>
              </semanticModel>
              <contained xsi:type="di:EdgeObjectOffset" xmi:id="_1_vsIxriEeSyd7KqnyTZ1g" id="nameEdgeObject" offset="8,-11"/>
              <contained xsi:type="di:EdgeObjectOffset" xmi:id="_1_vsJBriEeSyd7KqnyTZ1g" visible="false" id="TransitionStereotypeEdgeObject"/>
              <waypoints>[322, -35, -138, -11]</waypoints>
            </contained>
            <contained xsi:type="di:GraphEdge" xmi:id="__dQIYRriEeSyd7KqnyTZ1g" anchor="_iwyj8RriEeSyd7KqnyTZ1g __dQIYBriEeSyd7KqnyTZ1g">
              <semanticModel xsi:type="di:EMFSemanticModelBridge" xmi:id="__dQIYhriEeSyd7KqnyTZ1g" presentation="default">
                <element href="crf_eshift.sysml#__dQIZRriEeSyd7KqnyTZ1g"/>
              </semanticModel>
              <contained xsi:type="di:EdgeObjectOffset" xmi:id="__dQIYxriEeSyd7KqnyTZ1g" id="nameEdgeObject" offset="12,-13"/>
              <contained xsi:type="di:EdgeObjectOffset" xmi:id="__dQIZBriEeSyd7KqnyTZ1g" visible="false" id="TransitionStereotypeEdgeObject"/>
              <waypoints>[150, -10, -106, -5]</waypoints>
            </contained>
            <contained xsi:type="di:GraphNode" xmi:id="_XasjgBrkEeSyd7KqnyTZ1g" position="63,204" size="542,25">
              <anchorage xmi:id="_flVpsBrkEeSyd7KqnyTZ1g" graphEdge="_flVpsRrkEeSyd7KqnyTZ1g _jdV2ABrkEeSyd7KqnyTZ1g _TsiqkaGKEeSZPrvc6WLGWg _OB3KQKGLEeSZPrvc6WLGWg _RukFgKGLEeSZPrvc6WLGWg _r0P08KGLEeSZPrvc6WLGWg _CznTsKGMEeSZPrvc6WLGWg _JVxRwKGPEeSZPrvc6WLGWg _X8aG0KGWEeSZPrvc6WLGWg"/>
              <semanticModel xsi:type="di:EMFSemanticModelBridge" xmi:id="_XasjgRrkEeSyd7KqnyTZ1g" presentation="default">
                <element href="crf_eshift.sysml#_Xa1tcBrkEeSyd7KqnyTZ1g"/>
              </semanticModel>
            </contained>
            <contained xsi:type="di:GraphEdge" xmi:id="_flVpsRrkEeSyd7KqnyTZ1g" anchor="__dQIYBriEeSyd7KqnyTZ1g _flVpsBrkEeSyd7KqnyTZ1g">
              <semanticModel xsi:type="di:EMFSemanticModelBridge" xmi:id="_flVpshrkEeSyd7KqnyTZ1g" presentation="default">
                <element href="crf_eshift.sysml#_flVptRrkEeSyd7KqnyTZ1g"/>
              </semanticModel>
              <contained xsi:type="di:EdgeObjectOffset" xmi:id="_flVpsxrkEeSyd7KqnyTZ1g" id="nameEdgeObject" offset="-24,-49"/>
              <contained xsi:type="di:EdgeObjectOffset" xmi:id="_flVptBrkEeSyd7KqnyTZ1g" visible="false" id="TransitionStereotypeEdgeObject"/>
              <waypoints>[-33, 54, -4, -89]</waypoints>
            </contained>
            <contained xsi:type="di:GraphEdge" xmi:id="_jdV2ABrkEeSyd7KqnyTZ1g" anchor="_1_vsIBriEeSyd7KqnyTZ1g _flVpsBrkEeSyd7KqnyTZ1g">
              <semanticModel xsi:type="di:EMFSemanticModelBridge" xmi:id="_jdV2ARrkEeSyd7KqnyTZ1g" presentation="default">
                <element href="crf_eshift.sysml#_jdV2BBrkEeSyd7KqnyTZ1g"/>
              </semanticModel>
              <contained xsi:type="di:EdgeObjectOffset" xmi:id="_jdV2AhrkEeSyd7KqnyTZ1g" id="nameEdgeObject" offset="19,-63"/>
              <contained xsi:type="di:EdgeObjectOffset" xmi:id="_jdV2AxrkEeSyd7KqnyTZ1g" visible="false" id="TransitionStereotypeEdgeObject"/>
              <waypoints>[21, 106, 254, -56]</waypoints>
            </contained>
            <contained xsi:type="di:GraphEdge" xmi:id="_GmWAEBrlEeSyd7KqnyTZ1g" anchor="_iwyj8RriEeSyd7KqnyTZ1g _4m4r4KGJEeSZPrvc6WLGWg">
              <semanticModel xsi:type="di:EMFSemanticModelBridge" xmi:id="_GmWAERrlEeSyd7KqnyTZ1g" presentation="default">
                <element href="crf_eshift.sysml#_GmWAFBrlEeSyd7KqnyTZ1g"/>
              </semanticModel>
              <contained xsi:type="di:EdgeObjectOffset" xmi:id="_GmWAEhrlEeSyd7KqnyTZ1g" id="nameEdgeObject" offset="-32,-12"/>
              <contained xsi:type="di:EdgeObjectOffset" xmi:id="_GmWAExrlEeSyd7KqnyTZ1g" visible="false" id="TransitionStereotypeEdgeObject"/>
              <waypoints>[129, 20, -1, -40]</waypoints>
            </contained>
            <contained xsi:type="di:GraphNode" xmi:id="_02BCUKGJEeSZPrvc6WLGWg" position="171,95" size="109,32">
              <anchorage xmi:id="_4m4r4KGJEeSZPrvc6WLGWg" graphEdge="_GmWAEBrlEeSyd7KqnyTZ1g _OB3KQKGLEeSZPrvc6WLGWg _RukFgKGLEeSZPrvc6WLGWg _JVxRwKGPEeSZPrvc6WLGWg"/>
              <semanticModel xsi:type="di:EMFSemanticModelBridge" xmi:id="_02BCUaGJEeSZPrvc6WLGWg" presentation="default">
                <element href="crf_eshift.sysml#_02KzUKGJEeSZPrvc6WLGWg"/>
              </semanticModel>
            </contained>
            <contained xsi:type="di:GraphNode" xmi:id="_LXx_EKGKEeSZPrvc6WLGWg" position="401,105" size="121,26">
              <anchorage xmi:id="_TsiqkKGKEeSZPrvc6WLGWg" graphEdge="_TsiqkaGKEeSZPrvc6WLGWg _dF4YgKGKEeSZPrvc6WLGWg _zfMucKGLEeSZPrvc6WLGWg"/>
              <semanticModel xsi:type="di:EMFSemanticModelBridge" xmi:id="_LXx_EaGKEeSZPrvc6WLGWg" presentation="default">
                <element href="crf_eshift.sysml#_LX7wEKGKEeSZPrvc6WLGWg"/>
              </semanticModel>
            </contained>
            <contained xsi:type="di:GraphEdge" xmi:id="_TsiqkaGKEeSZPrvc6WLGWg" anchor="_TsiqkKGKEeSZPrvc6WLGWg _flVpsBrkEeSyd7KqnyTZ1g">
              <semanticModel xsi:type="di:EMFSemanticModelBridge" xmi:id="_TsiqkqGKEeSZPrvc6WLGWg" presentation="default">
                <element href="crf_eshift.sysml#_TssbkKGKEeSZPrvc6WLGWg"/>
              </semanticModel>
              <contained xsi:type="di:EdgeObjectOffset" xmi:id="_Tsiqk6GKEeSZPrvc6WLGWg" id="nameEdgeObject" offset="6,4"/>
              <contained xsi:type="di:EdgeObjectOffset" xmi:id="_TsiqlKGKEeSZPrvc6WLGWg" visible="false" id="TransitionStereotypeEdgeObject"/>
              <waypoints>[-2, 45, 135, -26]</waypoints>
            </contained>
            <contained xsi:type="di:GraphEdge" xmi:id="_dF4YgKGKEeSZPrvc6WLGWg" anchor="_1_vsIBriEeSyd7KqnyTZ1g _TsiqkKGKEeSZPrvc6WLGWg">
              <semanticModel xsi:type="di:EMFSemanticModelBridge" xmi:id="_dF4YgaGKEeSZPrvc6WLGWg" presentation="default">
                <element href="crf_eshift.sysml#_dF4YhKGKEeSZPrvc6WLGWg"/>
              </semanticModel>
              <contained xsi:type="di:EdgeObjectOffset" xmi:id="_dF4YgqGKEeSZPrvc6WLGWg" id="nameEdgeObject" offset="-22,-15"/>
              <contained xsi:type="di:EdgeObjectOffset" xmi:id="_dF4Yg6GKEeSZPrvc6WLGWg" visible="false" id="TransitionStereotypeEdgeObject"/>
              <waypoints>[-54, 35, 16, -64]</waypoints>
            </contained>
            <contained xsi:type="di:GraphEdge" xmi:id="_OB3KQKGLEeSZPrvc6WLGWg" anchor="_4m4r4KGJEeSZPrvc6WLGWg _flVpsBrkEeSyd7KqnyTZ1g">
              <semanticModel xsi:type="di:EMFSemanticModelBridge" xmi:id="_OB3KQaGLEeSZPrvc6WLGWg" presentation="default">
                <element href="crf_eshift.sysml#_OB3KRKGLEeSZPrvc6WLGWg"/>
              </semanticModel>
              <contained xsi:type="di:EdgeObjectOffset" xmi:id="_OB3KQqGLEeSZPrvc6WLGWg" id="nameEdgeObject" offset="-5,-22"/>
              <contained xsi:type="di:EdgeObjectOffset" xmi:id="_OB3KQ6GLEeSZPrvc6WLGWg" visible="false" id="TransitionStereotypeEdgeObject"/>
              <waypoints>[-47, 59, -156, -46]</waypoints>
            </contained>
            <contained xsi:type="di:GraphEdge" xmi:id="_RukFgKGLEeSZPrvc6WLGWg" anchor="_4m4r4KGJEeSZPrvc6WLGWg _flVpsBrkEeSyd7KqnyTZ1g">
              <semanticModel xsi:type="di:EMFSemanticModelBridge" xmi:id="_RukFgaGLEeSZPrvc6WLGWg" presentation="default">
                <element href="crf_eshift.sysml#_RukFhKGLEeSZPrvc6WLGWg"/>
              </semanticModel>
              <contained xsi:type="di:EdgeObjectOffset" xmi:id="_RukFgqGLEeSZPrvc6WLGWg" id="nameEdgeObject" offset="27,17"/>
              <contained xsi:type="di:EdgeObjectOffset" xmi:id="_RukFg6GLEeSZPrvc6WLGWg" visible="false" id="TransitionStereotypeEdgeObject"/>
              <waypoints>[29, 36, -80, -69]</waypoints>
            </contained>
            <contained xsi:type="di:GraphEdge" xmi:id="_r0P08KGLEeSZPrvc6WLGWg" anchor="__dQIYBriEeSyd7KqnyTZ1g _flVpsBrkEeSyd7KqnyTZ1g">
              <semanticModel xsi:type="di:EMFSemanticModelBridge" xmi:id="_r0P08aGLEeSZPrvc6WLGWg" presentation="default">
                <element href="crf_eshift.sysml#_r0P09KGLEeSZPrvc6WLGWg"/>
              </semanticModel>
              <contained xsi:type="di:EdgeObjectOffset" xmi:id="_r0P08qGLEeSZPrvc6WLGWg" id="nameEdgeObject" offset="18,4"/>
              <contained xsi:type="di:EdgeObjectOffset" xmi:id="_r0P086GLEeSZPrvc6WLGWg" visible="false" id="TransitionStereotypeEdgeObject"/>
              <waypoints>[-13, 59, 16, -84]</waypoints>
            </contained>
            <contained xsi:type="di:GraphEdge" xmi:id="_zfMucKGLEeSZPrvc6WLGWg" anchor="__dQIYBriEeSyd7KqnyTZ1g _TsiqkKGKEeSZPrvc6WLGWg">
              <semanticModel xsi:type="di:EMFSemanticModelBridge" xmi:id="_zfMucaGLEeSZPrvc6WLGWg" presentation="default">
                <element href="crf_eshift.sysml#_zfMudKGLEeSZPrvc6WLGWg"/>
              </semanticModel>
              <contained xsi:type="di:EdgeObjectOffset" xmi:id="_zfMucqGLEeSZPrvc6WLGWg" id="nameEdgeObject" offset="23,-2"/>
              <contained xsi:type="di:EdgeObjectOffset" xmi:id="_zfMuc6GLEeSZPrvc6WLGWg" visible="false" id="TransitionStereotypeEdgeObject"/>
            </contained>
            <contained xsi:type="di:GraphEdge" xmi:id="_CznTsKGMEeSZPrvc6WLGWg" anchor="_1_vsIBriEeSyd7KqnyTZ1g _flVpsBrkEeSyd7KqnyTZ1g">
              <semanticModel xsi:type="di:EMFSemanticModelBridge" xmi:id="_CznTsaGMEeSZPrvc6WLGWg" presentation="default">
                <element href="crf_eshift.sysml#_CznTtKGMEeSZPrvc6WLGWg"/>
              </semanticModel>
              <contained xsi:type="di:EdgeObjectOffset" xmi:id="_CznTsqGMEeSZPrvc6WLGWg" id="nameEdgeObject" offset="7,-28"/>
              <contained xsi:type="di:EdgeObjectOffset" xmi:id="_CznTs6GMEeSZPrvc6WLGWg" visible="false" id="TransitionStereotypeEdgeObject"/>
              <waypoints>[-15, 97, 192, -73]</waypoints>
            </contained>
            <contained xsi:type="di:GraphEdge" xmi:id="_JVxRwKGPEeSZPrvc6WLGWg" anchor="_4m4r4KGJEeSZPrvc6WLGWg _flVpsBrkEeSyd7KqnyTZ1g">
              <semanticModel xsi:type="di:EMFSemanticModelBridge" xmi:id="_JVxRwaGPEeSZPrvc6WLGWg" presentation="default">
                <element href="crf_eshift.sysml#_JVxRxKGPEeSZPrvc6WLGWg"/>
              </semanticModel>
              <contained xsi:type="di:EdgeObjectOffset" xmi:id="_JVxRwqGPEeSZPrvc6WLGWg" id="nameEdgeObject" offset="-1,0"/>
              <contained xsi:type="di:EdgeObjectOffset" xmi:id="_JVxRw6GPEeSZPrvc6WLGWg" visible="false" id="TransitionStereotypeEdgeObject"/>
              <waypoints>[-5, 39, -114, -66]</waypoints>
            </contained>
            <contained xsi:type="di:GraphEdge" xmi:id="_X8aG0KGWEeSZPrvc6WLGWg" anchor="_flVpsBrkEeSyd7KqnyTZ1g _iwyj8RriEeSyd7KqnyTZ1g">
              <semanticModel xsi:type="di:EMFSemanticModelBridge" xmi:id="_X8aG0aGWEeSZPrvc6WLGWg" presentation="default">
                <element href="crf_eshift.sysml#_X8aG1KGWEeSZPrvc6WLGWg"/>
              </semanticModel>
              <contained xsi:type="di:EdgeObjectOffset" xmi:id="_X8aG0qGWEeSZPrvc6WLGWg" id="nameEdgeObject" offset="-39,12"/>
              <contained xsi:type="di:EdgeObjectOffset" xmi:id="_X8aG06GWEeSZPrvc6WLGWg" visible="false" id="TransitionStereotypeEdgeObject"/>
              <waypoints>[-208, -88, 3, 77]</waypoints>
            </contained>
          </contained>
          <contained xsi:type="di:GraphNode" xmi:id="_WtZqkBriEeSyd7KqnyTZ1g" position="160,152" size="-1,-1">
            <semanticModel xsi:type="di:EMFSemanticModelBridge" xmi:id="_WtZqkRriEeSyd7KqnyTZ1g" presentation="default">
              <element href="crf_eshift.sysml#_WtZqkhriEeSyd7KqnyTZ1g"/>
            </semanticModel>
            <contained xsi:type="di:GraphNode" xmi:id="_ZZrqoBriEeSyd7KqnyTZ1g" position="1,83" size="-1,-1">
              <property xmi:id="_ZZrqohriEeSyd7KqnyTZ1g" key="name" value="visible"/>
              <anchorage xmi:id="_lEhhIBriEeSyd7KqnyTZ1g" graphEdge="_lEhhIhriEeSyd7KqnyTZ1g"/>
              <semanticModel xsi:type="di:EMFSemanticModelBridge" xmi:id="_ZZrqoRriEeSyd7KqnyTZ1g" presentation="default">
                <element href="crf_eshift.sysml#_ZZ1boBriEeSyd7KqnyTZ1g"/>
              </semanticModel>
            </contained>
            <contained xsi:type="di:GraphNode" xmi:id="_fHErQBriEeSyd7KqnyTZ1g" position="91,6" size="77,107">
              <anchorage xmi:id="_lEhhIRriEeSyd7KqnyTZ1g" graphEdge="_lEhhIhriEeSyd7KqnyTZ1g _R_IIIRrjEeSyd7KqnyTZ1g _UhIx4RrjEeSyd7KqnyTZ1g _JiPwgBrlEeSyd7KqnyTZ1g _gx5g0KGWEeSZPrvc6WLGWg"/>
              <semanticModel xsi:type="di:EMFSemanticModelBridge" xmi:id="_fHErQRriEeSyd7KqnyTZ1g" presentation="default">
                <element href="crf_eshift.sysml#_fHN1MBriEeSyd7KqnyTZ1g"/>
              </semanticModel>
            </contained>
            <contained xsi:type="di:GraphEdge" xmi:id="_lEhhIhriEeSyd7KqnyTZ1g" anchor="_lEhhIBriEeSyd7KqnyTZ1g _lEhhIRriEeSyd7KqnyTZ1g">
              <semanticModel xsi:type="di:EMFSemanticModelBridge" xmi:id="_lEhhIxriEeSyd7KqnyTZ1g" presentation="default">
                <element href="crf_eshift.sysml#_lEhhJhriEeSyd7KqnyTZ1g"/>
              </semanticModel>
              <contained xsi:type="di:EdgeObjectOffset" xmi:id="_lEhhJBriEeSyd7KqnyTZ1g" id="nameEdgeObject" offset="10,-15"/>
              <contained xsi:type="di:EdgeObjectOffset" xmi:id="_lEhhJRriEeSyd7KqnyTZ1g" visible="false" id="TransitionStereotypeEdgeObject"/>
              <waypoints>[0, -40, -92, -6]</waypoints>
            </contained>
            <contained xsi:type="di:GraphNode" xmi:id="_MLfVkBrjEeSyd7KqnyTZ1g" position="460,10" size="168,33">
              <anchorage xmi:id="_R_IIIBrjEeSyd7KqnyTZ1g" graphEdge="_R_IIIRrjEeSyd7KqnyTZ1g _pV4WsBrkEeSyd7KqnyTZ1g _3AVdcKGMEeSZPrvc6WLGWg _Ga_0oKGNEeSZPrvc6WLGWg"/>
              <semanticModel xsi:type="di:EMFSemanticModelBridge" xmi:id="_MLfVkRrjEeSyd7KqnyTZ1g" presentation="default">
                <element href="crf_eshift.sysml#_MLpGkBrjEeSyd7KqnyTZ1g"/>
              </semanticModel>
            </contained>
            <contained xsi:type="di:GraphNode" xmi:id="_OEmMQBrjEeSyd7KqnyTZ1g" position="305,38" size="142,35">
              <anchorage xmi:id="_UhIx4BrjEeSyd7KqnyTZ1g" graphEdge="_UhIx4RrjEeSyd7KqnyTZ1g _mT4lURrkEeSyd7KqnyTZ1g _IqkDgKGNEeSZPrvc6WLGWg _OQXOYKGNEeSZPrvc6WLGWg"/>
              <semanticModel xsi:type="di:EMFSemanticModelBridge" xmi:id="_OEmMQRrjEeSyd7KqnyTZ1g" presentation="default">
                <element href="crf_eshift.sysml#_OEvWMBrjEeSyd7KqnyTZ1g"/>
              </semanticModel>
            </contained>
            <contained xsi:type="di:GraphEdge" xmi:id="_R_IIIRrjEeSyd7KqnyTZ1g" anchor="_lEhhIRriEeSyd7KqnyTZ1g _R_IIIBrjEeSyd7KqnyTZ1g">
              <semanticModel xsi:type="di:EMFSemanticModelBridge" xmi:id="_R_IIIhrjEeSyd7KqnyTZ1g" presentation="default">
                <element href="crf_eshift.sysml#_R_IIJRrjEeSyd7KqnyTZ1g"/>
              </semanticModel>
              <contained xsi:type="di:EdgeObjectOffset" xmi:id="_R_IIIxrjEeSyd7KqnyTZ1g" id="nameEdgeObject" offset="2,-11"/>
              <contained xsi:type="di:EdgeObjectOffset" xmi:id="_R_IIJBrjEeSyd7KqnyTZ1g" visible="false" id="TransitionStereotypeEdgeObject"/>
              <waypoints>[170, -30, -56, -6]</waypoints>
            </contained>
            <contained xsi:type="di:GraphEdge" xmi:id="_UhIx4RrjEeSyd7KqnyTZ1g" anchor="_lEhhIRriEeSyd7KqnyTZ1g _UhIx4BrjEeSyd7KqnyTZ1g">
              <semanticModel xsi:type="di:EMFSemanticModelBridge" xmi:id="_UhIx4hrjEeSyd7KqnyTZ1g" presentation="default">
                <element href="crf_eshift.sysml#_UhIx5RrjEeSyd7KqnyTZ1g"/>
              </semanticModel>
              <contained xsi:type="di:EdgeObjectOffset" xmi:id="_UhIx4xrjEeSyd7KqnyTZ1g" id="nameEdgeObject" offset="19,-13"/>
              <contained xsi:type="di:EdgeObjectOffset" xmi:id="_UhIx5BrjEeSyd7KqnyTZ1g" visible="false" id="TransitionStereotypeEdgeObject"/>
              <waypoints>[174, -4, -106, 2]</waypoints>
            </contained>
            <contained xsi:type="di:GraphNode" xmi:id="_aPdKIBrkEeSyd7KqnyTZ1g" position="57,208" size="550,23">
              <anchorage xmi:id="_mT4lUBrkEeSyd7KqnyTZ1g" graphEdge="_mT4lURrkEeSyd7KqnyTZ1g _pV4WsBrkEeSyd7KqnyTZ1g _3AVdcKGMEeSZPrvc6WLGWg _AwvAgKGNEeSZPrvc6WLGWg _OQXOYKGNEeSZPrvc6WLGWg _htTIMKGNEeSZPrvc6WLGWg _l92XYKGNEeSZPrvc6WLGWg _VvxUUKGPEeSZPrvc6WLGWg _gx5g0KGWEeSZPrvc6WLGWg"/>
              <semanticModel xsi:type="di:EMFSemanticModelBridge" xmi:id="_aPdKIRrkEeSyd7KqnyTZ1g" presentation="default">
                <element href="crf_eshift.sysml#_aPmUEBrkEeSyd7KqnyTZ1g"/>
              </semanticModel>
            </contained>
            <contained xsi:type="di:GraphEdge" xmi:id="_mT4lURrkEeSyd7KqnyTZ1g" anchor="_UhIx4BrjEeSyd7KqnyTZ1g _mT4lUBrkEeSyd7KqnyTZ1g">
              <semanticModel xsi:type="di:EMFSemanticModelBridge" xmi:id="_mT4lUhrkEeSyd7KqnyTZ1g" presentation="default">
                <element href="crf_eshift.sysml#_mT4lVRrkEeSyd7KqnyTZ1g"/>
              </semanticModel>
              <contained xsi:type="di:EdgeObjectOffset" xmi:id="_mT4lUxrkEeSyd7KqnyTZ1g" id="nameEdgeObject" offset="-17,-43"/>
              <contained xsi:type="di:EdgeObjectOffset" xmi:id="_mT4lVBrkEeSyd7KqnyTZ1g" visible="false" id="TransitionStereotypeEdgeObject"/>
              <waypoints>[-55, 103, -11, -61]</waypoints>
            </contained>
            <contained xsi:type="di:GraphEdge" xmi:id="_pV4WsBrkEeSyd7KqnyTZ1g" anchor="_R_IIIBrjEeSyd7KqnyTZ1g _mT4lUBrkEeSyd7KqnyTZ1g">
              <semanticModel xsi:type="di:EMFSemanticModelBridge" xmi:id="_pV4WsRrkEeSyd7KqnyTZ1g" presentation="default">
                <element href="crf_eshift.sysml#_pV4WtBrkEeSyd7KqnyTZ1g"/>
              </semanticModel>
              <contained xsi:type="di:EdgeObjectOffset" xmi:id="_pV4WshrkEeSyd7KqnyTZ1g" id="nameEdgeObject" offset="4,-62"/>
              <contained xsi:type="di:EdgeObjectOffset" xmi:id="_pV4WsxrkEeSyd7KqnyTZ1g" visible="false" id="TransitionStereotypeEdgeObject"/>
              <waypoints>[46, 131, 258, -62]</waypoints>
            </contained>
            <contained xsi:type="di:GraphEdge" xmi:id="_3AVdcKGMEeSZPrvc6WLGWg" anchor="_R_IIIBrjEeSyd7KqnyTZ1g _mT4lUBrkEeSyd7KqnyTZ1g">
              <semanticModel xsi:type="di:EMFSemanticModelBridge" xmi:id="_3AVdcaGMEeSZPrvc6WLGWg" presentation="default">
                <element href="crf_eshift.sysml#_3AVddKGMEeSZPrvc6WLGWg"/>
              </semanticModel>
              <contained xsi:type="di:EdgeObjectOffset" xmi:id="_3AVdcqGMEeSZPrvc6WLGWg" id="nameEdgeObject" offset="20,-30"/>
              <contained xsi:type="di:EdgeObjectOffset" xmi:id="_3AVdc6GMEeSZPrvc6WLGWg" visible="false" id="TransitionStereotypeEdgeObject"/>
              <waypoints>[-15, 67, 197, -126]</waypoints>
            </contained>
            <contained xsi:type="di:GraphNode" xmi:id="_9ZA2wKGMEeSZPrvc6WLGWg" position="411,139" size="95,27">
              <anchorage xmi:id="_AwlPgKGNEeSZPrvc6WLGWg" graphEdge="_AwvAgKGNEeSZPrvc6WLGWg _Ga_0oKGNEeSZPrvc6WLGWg _IqkDgKGNEeSZPrvc6WLGWg"/>
              <semanticModel xsi:type="di:EMFSemanticModelBridge" xmi:id="_9ZA2waGMEeSZPrvc6WLGWg" presentation="default">
                <element href="crf_eshift.sysml#_9ZKnwKGMEeSZPrvc6WLGWg"/>
              </semanticModel>
            </contained>
            <contained xsi:type="di:GraphEdge" xmi:id="_AwvAgKGNEeSZPrvc6WLGWg" anchor="_AwlPgKGNEeSZPrvc6WLGWg _mT4lUBrkEeSyd7KqnyTZ1g">
              <semanticModel xsi:type="di:EMFSemanticModelBridge" xmi:id="_AwvAgaGNEeSZPrvc6WLGWg" presentation="default">
                <element href="crf_eshift.sysml#_AwvAhKGNEeSZPrvc6WLGWg"/>
              </semanticModel>
              <contained xsi:type="di:EdgeObjectOffset" xmi:id="_AwvAgqGNEeSZPrvc6WLGWg" id="nameEdgeObject" offset="1,-2"/>
              <contained xsi:type="di:EdgeObjectOffset" xmi:id="_AwvAg6GNEeSZPrvc6WLGWg" visible="false" id="TransitionStereotypeEdgeObject"/>
              <waypoints>[1, 29, 126, -25]</waypoints>
            </contained>
            <contained xsi:type="di:GraphEdge" xmi:id="_Ga_0oKGNEeSZPrvc6WLGWg" anchor="_R_IIIBrjEeSyd7KqnyTZ1g _AwlPgKGNEeSZPrvc6WLGWg">
              <semanticModel xsi:type="di:EMFSemanticModelBridge" xmi:id="_Ga_0oaGNEeSZPrvc6WLGWg" presentation="default">
                <element href="crf_eshift.sysml#_Ga_0pKGNEeSZPrvc6WLGWg"/>
              </semanticModel>
              <contained xsi:type="di:EdgeObjectOffset" xmi:id="_Ga_0oqGNEeSZPrvc6WLGWg" id="nameEdgeObject" offset="-20,-8"/>
              <contained xsi:type="di:EdgeObjectOffset" xmi:id="_Ga_0o6GNEeSZPrvc6WLGWg" visible="false" id="TransitionStereotypeEdgeObject"/>
              <waypoints>[-58, 82, 28, -44]</waypoints>
            </contained>
            <contained xsi:type="di:GraphEdge" xmi:id="_IqkDgKGNEeSZPrvc6WLGWg" anchor="_UhIx4BrjEeSyd7KqnyTZ1g _AwlPgKGNEeSZPrvc6WLGWg">
              <semanticModel xsi:type="di:EMFSemanticModelBridge" xmi:id="_IqkDgaGNEeSZPrvc6WLGWg" presentation="default">
                <element href="crf_eshift.sysml#_IqkDhKGNEeSZPrvc6WLGWg"/>
              </semanticModel>
              <contained xsi:type="di:EdgeObjectOffset" xmi:id="_IqkDgqGNEeSZPrvc6WLGWg" id="nameEdgeObject" offset="23,6"/>
              <contained xsi:type="di:EdgeObjectOffset" xmi:id="_IqkDg6GNEeSZPrvc6WLGWg" visible="false" id="TransitionStereotypeEdgeObject"/>
              <waypoints>[55, 32, -27, -65]</waypoints>
            </contained>
            <contained xsi:type="di:GraphEdge" xmi:id="_OQXOYKGNEeSZPrvc6WLGWg" anchor="_UhIx4BrjEeSyd7KqnyTZ1g _mT4lUBrkEeSyd7KqnyTZ1g">
              <semanticModel xsi:type="di:EMFSemanticModelBridge" xmi:id="_OQXOYaGNEeSZPrvc6WLGWg" presentation="default">
                <element href="crf_eshift.sysml#_OQXOZKGNEeSZPrvc6WLGWg"/>
              </semanticModel>
              <contained xsi:type="di:EdgeObjectOffset" xmi:id="_OQXOYqGNEeSZPrvc6WLGWg" id="nameEdgeObject" offset="6,-10"/>
              <contained xsi:type="di:EdgeObjectOffset" xmi:id="_OQXOY6GNEeSZPrvc6WLGWg" visible="false" id="TransitionStereotypeEdgeObject"/>
              <waypoints>[-15, 114, 29, -50]</waypoints>
            </contained>
            <contained xsi:type="di:GraphNode" xmi:id="_SLpYMKGNEeSZPrvc6WLGWg" position="162,110" size="130,27">
              <anchorage xmi:id="_XQa5oKGNEeSZPrvc6WLGWg" graphEdge="_JiPwgBrlEeSyd7KqnyTZ1g _htTIMKGNEeSZPrvc6WLGWg _l92XYKGNEeSZPrvc6WLGWg _VvxUUKGPEeSZPrvc6WLGWg"/>
              <semanticModel xsi:type="di:EMFSemanticModelBridge" xmi:id="_SLpYMaGNEeSZPrvc6WLGWg" presentation="default">
                <element href="crf_eshift.sysml#_SLyiIKGNEeSZPrvc6WLGWg"/>
              </semanticModel>
            </contained>
            <contained xsi:type="di:GraphEdge" xmi:id="_htTIMKGNEeSZPrvc6WLGWg" anchor="_XQa5oKGNEeSZPrvc6WLGWg _mT4lUBrkEeSyd7KqnyTZ1g">
              <semanticModel xsi:type="di:EMFSemanticModelBridge" xmi:id="_htTIMaGNEeSZPrvc6WLGWg" presentation="default">
                <element href="crf_eshift.sysml#_htTINKGNEeSZPrvc6WLGWg"/>
              </semanticModel>
              <contained xsi:type="di:EdgeObjectOffset" xmi:id="_htTIMqGNEeSZPrvc6WLGWg" id="nameEdgeObject" offset="-4,-15"/>
              <contained xsi:type="di:EdgeObjectOffset" xmi:id="_htTIM6GNEeSZPrvc6WLGWg" visible="false" id="TransitionStereotypeEdgeObject"/>
              <waypoints>[-49, 41, -162, -55]</waypoints>
            </contained>
            <contained xsi:type="di:GraphEdge" xmi:id="_l92XYKGNEeSZPrvc6WLGWg" anchor="_XQa5oKGNEeSZPrvc6WLGWg _mT4lUBrkEeSyd7KqnyTZ1g">
              <semanticModel xsi:type="di:EMFSemanticModelBridge" xmi:id="_l92XYaGNEeSZPrvc6WLGWg" presentation="default">
                <element href="crf_eshift.sysml#_l92XZKGNEeSZPrvc6WLGWg"/>
              </semanticModel>
              <contained xsi:type="di:EdgeObjectOffset" xmi:id="_l92XYqGNEeSZPrvc6WLGWg" id="nameEdgeObject" offset="18,14"/>
              <contained xsi:type="di:EdgeObjectOffset" xmi:id="_l92XY6GNEeSZPrvc6WLGWg" visible="false" id="TransitionStereotypeEdgeObject"/>
              <waypoints>[35, 48, -70, -48]</waypoints>
            </contained>
            <contained xsi:type="di:GraphEdge" xmi:id="_VvxUUKGPEeSZPrvc6WLGWg" anchor="_XQa5oKGNEeSZPrvc6WLGWg _mT4lUBrkEeSyd7KqnyTZ1g">
              <semanticModel xsi:type="di:EMFSemanticModelBridge" xmi:id="_VvxUUaGPEeSZPrvc6WLGWg" presentation="default">
                <element href="crf_eshift.sysml#_VvxUVKGPEeSZPrvc6WLGWg"/>
              </semanticModel>
              <contained xsi:type="di:EdgeObjectOffset" xmi:id="_VvxUUqGPEeSZPrvc6WLGWg" id="nameEdgeObject" offset="5,3"/>
              <contained xsi:type="di:EdgeObjectOffset" xmi:id="_VvxUU6GPEeSZPrvc6WLGWg" visible="false" id="TransitionStereotypeEdgeObject"/>
              <waypoints>[-9, 62, -122, -34]</waypoints>
            </contained>
            <contained xsi:type="di:GraphEdge" xmi:id="_gx5g0KGWEeSZPrvc6WLGWg" anchor="_mT4lUBrkEeSyd7KqnyTZ1g _lEhhIRriEeSyd7KqnyTZ1g">
              <semanticModel xsi:type="di:EMFSemanticModelBridge" xmi:id="_gx5g0aGWEeSZPrvc6WLGWg" presentation="default">
                <element href="crf_eshift.sysml#_gx5g1KGWEeSZPrvc6WLGWg"/>
              </semanticModel>
              <contained xsi:type="di:EdgeObjectOffset" xmi:id="_gx5g0qGWEeSZPrvc6WLGWg" id="nameEdgeObject" offset="-40,7"/>
              <contained xsi:type="di:EdgeObjectOffset" xmi:id="_gx5g06GWEeSZPrvc6WLGWg" visible="false" id="TransitionStereotypeEdgeObject"/>
              <waypoints>[-216, -72, -13, 88]</waypoints>
            </contained>
          </contained>
        </contained>
        <contained xsi:type="di:GraphEdge" xmi:id="_hes0ghrjEeSyd7KqnyTZ1g" anchor="_hes0gBrjEeSyd7KqnyTZ1g _hes0gRrjEeSyd7KqnyTZ1g">
          <semanticModel xsi:type="di:EMFSemanticModelBridge" xmi:id="_hes0gxrjEeSyd7KqnyTZ1g" presentation="default">
            <element href="crf_eshift.sysml#_hes0hhrjEeSyd7KqnyTZ1g"/>
          </semanticModel>
          <contained xsi:type="di:EdgeObjectOffset" xmi:id="_hes0hBrjEeSyd7KqnyTZ1g" id="nameEdgeObject"/>
          <contained xsi:type="di:EdgeObjectOffset" xmi:id="_hes0hRrjEeSyd7KqnyTZ1g" visible="false" id="TransitionStereotypeEdgeObject"/>
        </contained>
        <contained xsi:type="di:GraphEdge" xmi:id="_JiPwgBrlEeSyd7KqnyTZ1g" anchor="_lEhhIRriEeSyd7KqnyTZ1g _XQa5oKGNEeSZPrvc6WLGWg">
          <semanticModel xsi:type="di:EMFSemanticModelBridge" xmi:id="_JiPwgRrlEeSyd7KqnyTZ1g" presentation="default">
            <element href="crf_eshift.sysml#_JiPwhBrlEeSyd7KqnyTZ1g"/>
          </semanticModel>
          <contained xsi:type="di:EdgeObjectOffset" xmi:id="_JiPwghrlEeSyd7KqnyTZ1g" id="nameEdgeObject" offset="-35,-13"/>
          <contained xsi:type="di:EdgeObjectOffset" xmi:id="_JiPwgxrlEeSyd7KqnyTZ1g" visible="false" id="TransitionStereotypeEdgeObject"/>
          <waypoints>[130, 30, -6, -38]</waypoints>
        </contained>
      </contained>
    </diagrams>