<?xml version="1.0" encoding="UTF-8"?><ownedBehavior xmlns:xmi="http://www.omg.org/XMI" xmlns:Allocations="http://www.eclipse.org/papyrus/0.7.0/SysML/Allocations" xmlns:ecore="http://www.eclipse.org/emf/2002/Ecore" xmlns:refMapProfile="http:///schemas/refMapProfile/_Wn_IAGZAEeKTUctFx_SZgg/7" xmlns:sysML="http://www.topcased.org/2.0/sysML" xmlns:uml="http://www.eclipse.org/uml2/3.0.0/UML" xmlns:xsi="http://www.w3.org/2001/XMLSchema-instance" name="stm_TSR9" xmi:id="_SXDVYBriEeSyd7KqnyTZ1g" xmi:type="uml:StateMachine">
          <region name="Region" xmi:id="_SXDVYRriEeSyd7KqnyTZ1g" xmi:type="uml:Region">
            <subvertex name="Init" xmi:id="_TIlgABriEeSyd7KqnyTZ1g" xmi:type="uml:Pseudostate"/>
            <subvertex name="AcqVal" xmi:id="_UUddQBriEeSyd7KqnyTZ1g" xmi:type="uml:State">
              <region name="Region1" xmi:id="_UUddQRriEeSyd7KqnyTZ1g" xmi:type="uml:Region">
                <subvertex name="D1swInit" xmi:id="_YFe30BriEeSyd7KqnyTZ1g" xmi:type="uml:Pseudostate"/>
                <subvertex name="Sw1Acq" xmi:id="_dZuYoBriEeSyd7KqnyTZ1g" xmi:type="uml:State"/>
                <subvertex name="Sw1PlOn" xmi:id="_r_uYsBriEeSyd7KqnyTZ1g" xmi:type="uml:State"/>
                <subvertex name="Sw1PlOff" xmi:id="_vllFEBriEeSyd7KqnyTZ1g" xmi:type="uml:State"/>
                <subvertex name="Dsw1ValFinished" xmi:id="_Xa1tcBrkEeSyd7KqnyTZ1g" xmi:type="uml:State"/>
                <subvertex name="Sw1Npl" xmi:id="_02KzUKGJEeSZPrvc6WLGWg" xmi:type="uml:State"/>
                <subvertex name="Incoh1" xmi:id="_LX7wEKGKEeSZPrvc6WLGWg" xmi:type="uml:State"/>
                <transition kind="local" name="start_Dacq" source="_YFe30BriEeSyd7KqnyTZ1g" target="_dZuYoBriEeSyd7KqnyTZ1g" xmi:id="_iwyj9hriEeSyd7KqnyTZ1g" xmi:type="uml:Transition"/>
                <transition kind="local" name="Dsw1_pl_on" source="_dZuYoBriEeSyd7KqnyTZ1g" target="_r_uYsBriEeSyd7KqnyTZ1g" xmi:id="_1_vsJRriEeSyd7KqnyTZ1g" xmi:type="uml:Transition"/>
                <transition kind="local" name="Dsw1_pl_off" source="_dZuYoBriEeSyd7KqnyTZ1g" target="_vllFEBriEeSyd7KqnyTZ1g" xmi:id="__dQIZRriEeSyd7KqnyTZ1g" xmi:type="uml:Transition"/>
                <transition kind="local" name="D_coh_off" source="_vllFEBriEeSyd7KqnyTZ1g" target="_Xa1tcBrkEeSyd7KqnyTZ1g" xmi:id="_flVptRrkEeSyd7KqnyTZ1g" xmi:type="uml:Transition"/>
                <transition kind="local" name="D_coh_on" source="_r_uYsBriEeSyd7KqnyTZ1g" target="_Xa1tcBrkEeSyd7KqnyTZ1g" xmi:id="_jdV2BBrkEeSyd7KqnyTZ1g" xmi:type="uml:Transition"/>
                <transition kind="local" name="Dsw1_npl" source="_dZuYoBriEeSyd7KqnyTZ1g" target="_02KzUKGJEeSZPrvc6WLGWg" xmi:id="_GmWAFBrlEeSyd7KqnyTZ1g" xmi:type="uml:Transition"/>
                <transition kind="local" name="D_incoherent" source="_LX7wEKGKEeSZPrvc6WLGWg" target="_Xa1tcBrkEeSyd7KqnyTZ1g" xmi:id="_TssbkKGKEeSZPrvc6WLGWg" xmi:type="uml:Transition"/>
                <transition kind="local" name="onOff" source="_r_uYsBriEeSyd7KqnyTZ1g" target="_LX7wEKGKEeSZPrvc6WLGWg" xmi:id="_dF4YhKGKEeSZPrvc6WLGWg" xmi:type="uml:Transition"/>
                <transition kind="local" name="npl1_on" source="_02KzUKGJEeSZPrvc6WLGWg" target="_Xa1tcBrkEeSyd7KqnyTZ1g" xmi:id="_OB3KRKGLEeSZPrvc6WLGWg" xmi:type="uml:Transition"/>
                <transition kind="local" name="npl_both" source="_02KzUKGJEeSZPrvc6WLGWg" target="_Xa1tcBrkEeSyd7KqnyTZ1g" xmi:id="_RukFhKGLEeSZPrvc6WLGWg" xmi:type="uml:Transition"/>
                <transition kind="local" name="npl2_off" source="_vllFEBriEeSyd7KqnyTZ1g" target="_Xa1tcBrkEeSyd7KqnyTZ1g" xmi:id="_r0P09KGLEeSZPrvc6WLGWg" xmi:type="uml:Transition"/>
                <transition kind="local" name="offOn" source="_vllFEBriEeSyd7KqnyTZ1g" target="_LX7wEKGKEeSZPrvc6WLGWg" xmi:id="_zfMudKGLEeSZPrvc6WLGWg" xmi:type="uml:Transition"/>
                <transition kind="local" name="npl2_on" source="_r_uYsBriEeSyd7KqnyTZ1g" target="_Xa1tcBrkEeSyd7KqnyTZ1g" xmi:id="_CznTtKGMEeSZPrvc6WLGWg" xmi:type="uml:Transition"/>
                <transition kind="local" name="npl1_off" source="_02KzUKGJEeSZPrvc6WLGWg" target="_Xa1tcBrkEeSyd7KqnyTZ1g" xmi:id="_JVxRxKGPEeSZPrvc6WLGWg" xmi:type="uml:Transition"/>
                <transition kind="local" name="start_Dacq" source="_Xa1tcBrkEeSyd7KqnyTZ1g" target="_dZuYoBriEeSyd7KqnyTZ1g" xmi:id="_X8aG1KGWEeSZPrvc6WLGWg" xmi:type="uml:Transition"/>
              </region>
              <region name="Region2" xmi:id="_WtZqkhriEeSyd7KqnyTZ1g" xmi:type="uml:Region">
                <subvertex name="D2swInit" xmi:id="_ZZ1boBriEeSyd7KqnyTZ1g" xmi:type="uml:Pseudostate"/>
                <subvertex name="Sw2Acq" xmi:id="_fHN1MBriEeSyd7KqnyTZ1g" xmi:type="uml:State"/>
                <subvertex name="Sw2PlOn" xmi:id="_MLpGkBrjEeSyd7KqnyTZ1g" xmi:type="uml:State"/>
                <subvertex name="Sw2PlOff" xmi:id="_OEvWMBrjEeSyd7KqnyTZ1g" xmi:type="uml:State"/>
                <subvertex name="Dsw2ValFinished" xmi:id="_aPmUEBrkEeSyd7KqnyTZ1g" xmi:type="uml:State"/>
                <subvertex name="Incoh2" xmi:id="_9ZKnwKGMEeSZPrvc6WLGWg" xmi:type="uml:State"/>
                <subvertex name="Sw2Npl" xmi:id="_SLyiIKGNEeSZPrvc6WLGWg" xmi:type="uml:State"/>
                <transition kind="local" name="start_Dacq" source="_ZZ1boBriEeSyd7KqnyTZ1g" target="_fHN1MBriEeSyd7KqnyTZ1g" xmi:id="_lEhhJhriEeSyd7KqnyTZ1g" xmi:type="uml:Transition"/>
                <transition kind="local" name="Dsw2_pl_on" source="_fHN1MBriEeSyd7KqnyTZ1g" target="_MLpGkBrjEeSyd7KqnyTZ1g" xmi:id="_R_IIJRrjEeSyd7KqnyTZ1g" xmi:type="uml:Transition"/>
                <transition kind="local" name="Dsw2_pl_off" source="_fHN1MBriEeSyd7KqnyTZ1g" target="_OEvWMBrjEeSyd7KqnyTZ1g" xmi:id="_UhIx5RrjEeSyd7KqnyTZ1g" xmi:type="uml:Transition"/>
                <transition kind="local" name="D_coh_off" source="_OEvWMBrjEeSyd7KqnyTZ1g" target="_aPmUEBrkEeSyd7KqnyTZ1g" xmi:id="_mT4lVRrkEeSyd7KqnyTZ1g" xmi:type="uml:Transition"/>
                <transition kind="local" name="D_coh_on" source="_MLpGkBrjEeSyd7KqnyTZ1g" target="_aPmUEBrkEeSyd7KqnyTZ1g" xmi:id="_pV4WtBrkEeSyd7KqnyTZ1g" xmi:type="uml:Transition"/>
                <transition kind="local" name="Dsw2_npl" source="_fHN1MBriEeSyd7KqnyTZ1g" target="_SLyiIKGNEeSZPrvc6WLGWg" xmi:id="_JiPwhBrlEeSyd7KqnyTZ1g" xmi:type="uml:Transition"/>
                <transition kind="local" name="npl1_on" source="_MLpGkBrjEeSyd7KqnyTZ1g" target="_aPmUEBrkEeSyd7KqnyTZ1g" xmi:id="_3AVddKGMEeSZPrvc6WLGWg" xmi:type="uml:Transition"/>
                <transition kind="local" name="D_incoherent" source="_9ZKnwKGMEeSZPrvc6WLGWg" target="_aPmUEBrkEeSyd7KqnyTZ1g" xmi:id="_AwvAhKGNEeSZPrvc6WLGWg" xmi:type="uml:Transition"/>
                <transition kind="local" name="offOn" source="_MLpGkBrjEeSyd7KqnyTZ1g" target="_9ZKnwKGMEeSZPrvc6WLGWg" xmi:id="_Ga_0pKGNEeSZPrvc6WLGWg" xmi:type="uml:Transition"/>
                <transition kind="local" name="onOff" source="_OEvWMBrjEeSyd7KqnyTZ1g" target="_9ZKnwKGMEeSZPrvc6WLGWg" xmi:id="_IqkDhKGNEeSZPrvc6WLGWg" xmi:type="uml:Transition"/>
                <transition kind="local" name="npl1_off" source="_OEvWMBrjEeSyd7KqnyTZ1g" target="_aPmUEBrkEeSyd7KqnyTZ1g" xmi:id="_OQXOZKGNEeSZPrvc6WLGWg" xmi:type="uml:Transition"/>
                <transition kind="local" name="npl2_on" source="_SLyiIKGNEeSZPrvc6WLGWg" target="_aPmUEBrkEeSyd7KqnyTZ1g" xmi:id="_htTINKGNEeSZPrvc6WLGWg" xmi:type="uml:Transition"/>
                <transition kind="local" name="npl_both" source="_SLyiIKGNEeSZPrvc6WLGWg" target="_aPmUEBrkEeSyd7KqnyTZ1g" xmi:id="_l92XZKGNEeSZPrvc6WLGWg" xmi:type="uml:Transition"/>
                <transition kind="local" name="npl2_off" source="_SLyiIKGNEeSZPrvc6WLGWg" target="_aPmUEBrkEeSyd7KqnyTZ1g" xmi:id="_VvxUVKGPEeSZPrvc6WLGWg" xmi:type="uml:Transition"/>
                <transition kind="local" name="start_Dacq" source="_aPmUEBrkEeSyd7KqnyTZ1g" target="_fHN1MBriEeSyd7KqnyTZ1g" xmi:id="_gx5g1KGWEeSZPrvc6WLGWg" xmi:type="uml:Transition"/>
              </region>
            </subvertex>
            <transition kind="local" name="" source="_TIlgABriEeSyd7KqnyTZ1g" target="_UUddQBriEeSyd7KqnyTZ1g" xmi:id="_hes0hhrjEeSyd7KqnyTZ1g" xmi:type="uml:Transition"/>
          </region>
        </ownedBehavior>