<?xml version="1.0" encoding="UTF-8"?><ownedBehavior xmlns:xmi="http://www.omg.org/XMI" xmlns:Allocations="http://www.eclipse.org/papyrus/0.7.0/SysML/Allocations" xmlns:ecore="http://www.eclipse.org/emf/2002/Ecore" xmlns:refMapProfile="http:///schemas/refMapProfile/_Wn_IAGZAEeKTUctFx_SZgg/7" xmlns:sysML="http://www.topcased.org/2.0/sysML" xmlns:uml="http://www.eclipse.org/uml2/3.0.0/UML" xmlns:xsi="http://www.w3.org/2001/XMLSchema-instance" name="stm_FSR3" xmi:id="_wJyBsBiaEeSnq5u4CS2A2w" xmi:type="uml:StateMachine">
          <region name="Region" xmi:id="_wJyBsRiaEeSnq5u4CS2A2w" xmi:type="uml:Region">
            <subvertex name="Init" xmi:id="_w-YucBiaEeSnq5u4CS2A2w" xmi:type="uml:Pseudostate"/>
            <subvertex name="Acquisition" xmi:id="_yDWLYBiaEeSnq5u4CS2A2w" xmi:type="uml:State"/>
            <subvertex name="Validation" xmi:id="_3rxMcBiaEeSnq5u4CS2A2w" xmi:type="uml:State"/>
            <subvertex name="OKon" xmi:id="_CiwkIBibEeSnq5u4CS2A2w" xmi:type="uml:State"/>
            <subvertex name="OKoff" xmi:id="_D53hABibEeSnq5u4CS2A2w" xmi:type="uml:State"/>
            <subvertex name="Invalid" xmi:id="_Hm3XMBibEeSnq5u4CS2A2w" xmi:type="uml:State"/>
            <transition kind="local" name="start_Dacq" source="_w-YucBiaEeSnq5u4CS2A2w" target="_yDWLYBiaEeSnq5u4CS2A2w" xmi:id="_0ksGxBiaEeSnq5u4CS2A2w" xmi:type="uml:Transition"/>
            <transition kind="local" name="start_Dval" source="_yDWLYBiaEeSnq5u4CS2A2w" target="_3rxMcBiaEeSnq5u4CS2A2w" xmi:id="_7fDQ1BiaEeSnq5u4CS2A2w" xmi:type="uml:Transition"/>
            <transition kind="local" name="D_valid_on" source="_3rxMcBiaEeSnq5u4CS2A2w" target="_CiwkIBibEeSnq5u4CS2A2w" xmi:id="_XpzPVBibEeSnq5u4CS2A2w" xmi:type="uml:Transition"/>
            <transition kind="local" name="D_valid_off" source="_3rxMcBiaEeSnq5u4CS2A2w" target="_D53hABibEeSnq5u4CS2A2w" xmi:id="_bGhN0BibEeSnq5u4CS2A2w" xmi:type="uml:Transition"/>
            <transition kind="local" name="D_invalid" source="_3rxMcBiaEeSnq5u4CS2A2w" target="_Hm3XMBibEeSnq5u4CS2A2w" xmi:id="_eUp9xBibEeSnq5u4CS2A2w" xmi:type="uml:Transition"/>
            <transition kind="local" name="start_Dacq" source="_CiwkIBibEeSnq5u4CS2A2w" target="_yDWLYBiaEeSnq5u4CS2A2w" xmi:id="_yGdUUBibEeSnq5u4CS2A2w" xmi:type="uml:Transition"/>
            <transition kind="local" name="start_Dacq" source="_D53hABibEeSnq5u4CS2A2w" target="_yDWLYBiaEeSnq5u4CS2A2w" xmi:id="_2JKUxBibEeSnq5u4CS2A2w" xmi:type="uml:Transition"/>
            <transition kind="local" name="start_Dacq" source="_Hm3XMBibEeSnq5u4CS2A2w" target="_yDWLYBiaEeSnq5u4CS2A2w" xmi:id="_CgalUBicEeSnq5u4CS2A2w" xmi:type="uml:Transition"/>
            <transition kind="local" name="D_in" source="_CiwkIBibEeSnq5u4CS2A2w" target="_CiwkIBibEeSnq5u4CS2A2w" xmi:id="_KmvzRBicEeSnq5u4CS2A2w" xmi:type="uml:Transition"/>
          </region>
        </ownedBehavior>