<?xml version="1.0" encoding="UTF-8" standalone="no"?><ownedBehavior xmlns:Allocations="http://www.eclipse.org/papyrus/0.7.0/SysML/Allocations" xmlns:ecore="http://www.eclipse.org/emf/2002/Ecore" xmlns:refMapProfile="http:///schemas/refMapProfile/_Wn_IAGZAEeKTUctFx_SZgg/7" xmlns:sysML="http://www.topcased.org/2.0/sysML" xmlns:uml="http://www.eclipse.org/uml2/3.0.0/UML" xmlns:xmi="http://www.omg.org/XMI" xmlns:xsi="http://www.w3.org/2001/XMLSchema-instance" name="stm_TSR9" xmi:id="_SXDVYBriEeSyd7KqnyTZ1g" xmi:type="uml:StateMachine">
          <region name="Region" xmi:id="_SXDVYRriEeSyd7KqnyTZ1g" xmi:type="uml:Region">
            <subvertex name="TSR9_Init" xmi:id="_TIlgABriEeSyd7KqnyTZ1g" xmi:type="uml:Pseudostate"/>
            <subvertex name="TSR9_AcqVal" xmi:id="_UUddQBriEeSyd7KqnyTZ1g" xmi:type="uml:State">
              <region name="Region1" xmi:id="_UUddQRriEeSyd7KqnyTZ1g" xmi:type="uml:Region">
                <subvertex name="TSR9_D1swInit" xmi:id="_YFe30BriEeSyd7KqnyTZ1g" xmi:type="uml:Pseudostate"/>
                <subvertex name="TSR9_Sw1Acq" xmi:id="_dZuYoBriEeSyd7KqnyTZ1g" xmi:type="uml:State"/>
                <subvertex name="TSR9_Sw1PlOn" xmi:id="_r_uYsBriEeSyd7KqnyTZ1g" xmi:type="uml:State"/>
                <subvertex name="TSR9_Sw1PlOff" xmi:id="_vllFEBriEeSyd7KqnyTZ1g" xmi:type="uml:State"/>
                <subvertex name="TSR9_Dsw1ValFinished" xmi:id="_Xa1tcBrkEeSyd7KqnyTZ1g" xmi:type="uml:State"/>
                <subvertex name="TSR9_Sw1Npl" xmi:id="_02KzUKGJEeSZPrvc6WLGWg" xmi:type="uml:State"/>
                <subvertex name="TSR9_Incoh1" xmi:id="_LX7wEKGKEeSZPrvc6WLGWg" xmi:type="uml:State"/>
                <transition kind="local" name="_start_Dacq_" source="_YFe30BriEeSyd7KqnyTZ1g" target="_dZuYoBriEeSyd7KqnyTZ1g" xmi:id="_iwyj9hriEeSyd7KqnyTZ1g" xmi:type="uml:Transition"/>
                <transition kind="local" name="_Dsw1_pl_on_" source="_dZuYoBriEeSyd7KqnyTZ1g" target="_r_uYsBriEeSyd7KqnyTZ1g" xmi:id="_1_vsJRriEeSyd7KqnyTZ1g" xmi:type="uml:Transition"/>
                <transition kind="local" name="_Dsw1_pl_off_" source="_dZuYoBriEeSyd7KqnyTZ1g" target="_vllFEBriEeSyd7KqnyTZ1g" xmi:id="__dQIZRriEeSyd7KqnyTZ1g" xmi:type="uml:Transition"/>
                <transition kind="local" name="_D_coh_off_" source="_vllFEBriEeSyd7KqnyTZ1g" target="_Xa1tcBrkEeSyd7KqnyTZ1g" xmi:id="_flVptRrkEeSyd7KqnyTZ1g" xmi:type="uml:Transition"/>
                <transition kind="local" name="_D_coh_on_" source="_r_uYsBriEeSyd7KqnyTZ1g" target="_Xa1tcBrkEeSyd7KqnyTZ1g" xmi:id="_jdV2BBrkEeSyd7KqnyTZ1g" xmi:type="uml:Transition"/>
                <transition kind="local" name="_Dsw1_npl_" source="_dZuYoBriEeSyd7KqnyTZ1g" target="_02KzUKGJEeSZPrvc6WLGWg" xmi:id="_GmWAFBrlEeSyd7KqnyTZ1g" xmi:type="uml:Transition"/>
                <transition kind="local" name="_D_incoherent_" source="_LX7wEKGKEeSZPrvc6WLGWg" target="_Xa1tcBrkEeSyd7KqnyTZ1g" xmi:id="_TssbkKGKEeSZPrvc6WLGWg" xmi:type="uml:Transition"/>
                <transition kind="local" name="_onOff_" source="_r_uYsBriEeSyd7KqnyTZ1g" target="_LX7wEKGKEeSZPrvc6WLGWg" xmi:id="_dF4YhKGKEeSZPrvc6WLGWg" xmi:type="uml:Transition"/>
                <transition kind="local" name="_npl1_on_" source="_02KzUKGJEeSZPrvc6WLGWg" target="_Xa1tcBrkEeSyd7KqnyTZ1g" xmi:id="_OB3KRKGLEeSZPrvc6WLGWg" xmi:type="uml:Transition"/>
                <transition kind="local" name="_npl_both_" source="_02KzUKGJEeSZPrvc6WLGWg" target="_Xa1tcBrkEeSyd7KqnyTZ1g" xmi:id="_RukFhKGLEeSZPrvc6WLGWg" xmi:type="uml:Transition"/>
                <transition kind="local" name="_npl2_off_" source="_vllFEBriEeSyd7KqnyTZ1g" target="_Xa1tcBrkEeSyd7KqnyTZ1g" xmi:id="_r0P09KGLEeSZPrvc6WLGWg" xmi:type="uml:Transition"/>
                <transition kind="local" name="_offOn_" source="_vllFEBriEeSyd7KqnyTZ1g" target="_LX7wEKGKEeSZPrvc6WLGWg" xmi:id="_zfMudKGLEeSZPrvc6WLGWg" xmi:type="uml:Transition"/>
                <transition kind="local" name="_npl2_on_" source="_r_uYsBriEeSyd7KqnyTZ1g" target="_Xa1tcBrkEeSyd7KqnyTZ1g" xmi:id="_CznTtKGMEeSZPrvc6WLGWg" xmi:type="uml:Transition"/>
                <transition kind="local" name="_npl1_off_" source="_02KzUKGJEeSZPrvc6WLGWg" target="_Xa1tcBrkEeSyd7KqnyTZ1g" xmi:id="_JVxRxKGPEeSZPrvc6WLGWg" xmi:type="uml:Transition"/>
                <transition kind="local" name="_start_Dacq_" source="_Xa1tcBrkEeSyd7KqnyTZ1g" target="_dZuYoBriEeSyd7KqnyTZ1g" xmi:id="_X8aG1KGWEeSZPrvc6WLGWg" xmi:type="uml:Transition"/>
              </region>
              <region name="Region2" xmi:id="_WtZqkhriEeSyd7KqnyTZ1g" xmi:type="uml:Region">
                <subvertex name="TSR9_D2swInit" xmi:id="_ZZ1boBriEeSyd7KqnyTZ1g" xmi:type="uml:Pseudostate"/>
                <subvertex name="TSR9_Sw2Acq" xmi:id="_fHN1MBriEeSyd7KqnyTZ1g" xmi:type="uml:State"/>
                <subvertex name="TSR9_Sw2PlOn" xmi:id="_MLpGkBrjEeSyd7KqnyTZ1g" xmi:type="uml:State"/>
                <subvertex name="TSR9_Sw2PlOff" xmi:id="_OEvWMBrjEeSyd7KqnyTZ1g" xmi:type="uml:State"/>
                <subvertex name="TSR9_Dsw2ValFinished" xmi:id="_aPmUEBrkEeSyd7KqnyTZ1g" xmi:type="uml:State"/>
                <subvertex name="TSR9_Incoh2" xmi:id="_9ZKnwKGMEeSZPrvc6WLGWg" xmi:type="uml:State"/>
                <subvertex name="TSR9_Sw2Npl" xmi:id="_SLyiIKGNEeSZPrvc6WLGWg" xmi:type="uml:State"/>
                <transition kind="local" name="_start_Dacq_" source="_ZZ1boBriEeSyd7KqnyTZ1g" target="_fHN1MBriEeSyd7KqnyTZ1g" xmi:id="_lEhhJhriEeSyd7KqnyTZ1g" xmi:type="uml:Transition"/>
                <transition kind="local" name="_Dsw2_pl_on_" source="_fHN1MBriEeSyd7KqnyTZ1g" target="_MLpGkBrjEeSyd7KqnyTZ1g" xmi:id="_R_IIJRrjEeSyd7KqnyTZ1g" xmi:type="uml:Transition"/>
                <transition kind="local" name="_Dsw2_pl_off_" source="_fHN1MBriEeSyd7KqnyTZ1g" target="_OEvWMBrjEeSyd7KqnyTZ1g" xmi:id="_UhIx5RrjEeSyd7KqnyTZ1g" xmi:type="uml:Transition"/>
                <transition kind="local" name="_D_coh_off_" source="_OEvWMBrjEeSyd7KqnyTZ1g" target="_aPmUEBrkEeSyd7KqnyTZ1g" xmi:id="_mT4lVRrkEeSyd7KqnyTZ1g" xmi:type="uml:Transition"/>
                <transition kind="local" name="_D_coh_on_" source="_MLpGkBrjEeSyd7KqnyTZ1g" target="_aPmUEBrkEeSyd7KqnyTZ1g" xmi:id="_pV4WtBrkEeSyd7KqnyTZ1g" xmi:type="uml:Transition"/>
                <transition kind="local" name="_Dsw2_npl_" source="_fHN1MBriEeSyd7KqnyTZ1g" target="_SLyiIKGNEeSZPrvc6WLGWg" xmi:id="_JiPwhBrlEeSyd7KqnyTZ1g" xmi:type="uml:Transition"/>
                <transition kind="local" name="_npl1_on_" source="_MLpGkBrjEeSyd7KqnyTZ1g" target="_aPmUEBrkEeSyd7KqnyTZ1g" xmi:id="_3AVddKGMEeSZPrvc6WLGWg" xmi:type="uml:Transition"/>
                <transition kind="local" name="_D_incoherent_" source="_9ZKnwKGMEeSZPrvc6WLGWg" target="_aPmUEBrkEeSyd7KqnyTZ1g" xmi:id="_AwvAhKGNEeSZPrvc6WLGWg" xmi:type="uml:Transition"/>
                <transition kind="local" name="_offOn_" source="_MLpGkBrjEeSyd7KqnyTZ1g" target="_9ZKnwKGMEeSZPrvc6WLGWg" xmi:id="_Ga_0pKGNEeSZPrvc6WLGWg" xmi:type="uml:Transition"/>
                <transition kind="local" name="_onOff_" source="_OEvWMBrjEeSyd7KqnyTZ1g" target="_9ZKnwKGMEeSZPrvc6WLGWg" xmi:id="_IqkDhKGNEeSZPrvc6WLGWg" xmi:type="uml:Transition"/>
                <transition kind="local" name="_npl1_off_" source="_OEvWMBrjEeSyd7KqnyTZ1g" target="_aPmUEBrkEeSyd7KqnyTZ1g" xmi:id="_OQXOZKGNEeSZPrvc6WLGWg" xmi:type="uml:Transition"/>
                <transition kind="local" name="_npl2_on_" source="_SLyiIKGNEeSZPrvc6WLGWg" target="_aPmUEBrkEeSyd7KqnyTZ1g" xmi:id="_htTINKGNEeSZPrvc6WLGWg" xmi:type="uml:Transition"/>
                <transition kind="local" name="_npl_both_" source="_SLyiIKGNEeSZPrvc6WLGWg" target="_aPmUEBrkEeSyd7KqnyTZ1g" xmi:id="_l92XZKGNEeSZPrvc6WLGWg" xmi:type="uml:Transition"/>
                <transition kind="local" name="_npl2_off_" source="_SLyiIKGNEeSZPrvc6WLGWg" target="_aPmUEBrkEeSyd7KqnyTZ1g" xmi:id="_VvxUVKGPEeSZPrvc6WLGWg" xmi:type="uml:Transition"/>
                <transition kind="local" name="_start_Dacq_" source="_aPmUEBrkEeSyd7KqnyTZ1g" target="_fHN1MBriEeSyd7KqnyTZ1g" xmi:id="_gx5g1KGWEeSZPrvc6WLGWg" xmi:type="uml:Transition"/>
              </region>
            </subvertex>
            <transition kind="local" name="" source="_TIlgABriEeSyd7KqnyTZ1g" target="_UUddQBriEeSyd7KqnyTZ1g" xmi:id="_hes0hhrjEeSyd7KqnyTZ1g" xmi:type="uml:Transition"/>
          </region>
        </ownedBehavior>