<?xml version="1.0" encoding="UTF-8"?><ownedBehavior xmlns:xmi="http://www.omg.org/XMI" xmlns:Allocations="http://www.eclipse.org/papyrus/0.7.0/SysML/Allocations" xmlns:ecore="http://www.eclipse.org/emf/2002/Ecore" xmlns:refMapProfile="http:///schemas/refMapProfile/_Wn_IAGZAEeKTUctFx_SZgg/7" xmlns:sysML="http://www.topcased.org/2.0/sysML" xmlns:uml="http://www.eclipse.org/uml2/3.0.0/UML" xmlns:xsi="http://www.w3.org/2001/XMLSchema-instance" name="stm_TSR8" xmi:id="_qzr6QKf2EeSM1rJQd-f8vg" xmi:type="uml:StateMachine">
          <region name="Region" xmi:id="_qzr6Qaf2EeSM1rJQd-f8vg" xmi:type="uml:Region">
            <subvertex name="Init" xmi:id="_tZ6VoKf2EeSM1rJQd-f8vg" xmi:type="uml:Pseudostate"/>
            <subvertex name="All" xmi:id="_lOFREKkREeS2Bo1LFUdYQg" xmi:type="uml:State">
              <region name="Region1" xmi:id="_lOFREakREeS2Bo1LFUdYQg" xmi:type="uml:Region">
                <subvertex name="MainReq" xmi:id="_2PDxYKf2EeSM1rJQd-f8vg" xmi:type="uml:State">
                  <region name="Region1" xmi:id="_2PDxYaf2EeSM1rJQd-f8vg" xmi:type="uml:Region">
                    <subvertex name="InitVCU" xmi:id="_GlJPAaf3EeSM1rJQd-f8vg" xmi:type="uml:Pseudostate"/>
                    <subvertex name="VCUState" xmi:id="_KGl8gKf3EeSM1rJQd-f8vg" xmi:type="uml:State">
                      <region name="Region1" xmi:id="_KGl8gaf3EeSM1rJQd-f8vg" xmi:type="uml:Region">
                        <subvertex name="InitVCU1" xmi:id="_Rsxqw6f3EeSM1rJQd-f8vg" xmi:type="uml:Pseudostate"/>
                        <subvertex name="Acq1" xmi:id="_UWh7QKf3EeSM1rJQd-f8vg" xmi:type="uml:State"/>
                        <subvertex name="Eval1" xmi:id="_b3qKYKf3EeSM1rJQd-f8vg" xmi:type="uml:State"/>
                        <subvertex name="Idle1" xmi:id="_sDg-cK1cEeShtag4VwNo4A" xmi:type="uml:State"/>
                        <transition kind="local" name="" source="_Rsxqw6f3EeSM1rJQd-f8vg" target="_sDg-cK1cEeShtag4VwNo4A" xmi:id="_VbMdRKf3EeSM1rJQd-f8vg" xmi:type="uml:Transition"/>
                        <transition kind="local" name="start_Dval" source="_UWh7QKf3EeSM1rJQd-f8vg" target="_b3qKYKf3EeSM1rJQd-f8vg" xmi:id="_eOPnRKf3EeSM1rJQd-f8vg" xmi:type="uml:Transition"/>
                        <transition kind="local" name="Dsw1_pl_on" source="_b3qKYKf3EeSM1rJQd-f8vg" target="_sDg-cK1cEeShtag4VwNo4A" xmi:id="_jDthZKf3EeSM1rJQd-f8vg" xmi:type="uml:Transition"/>
                        <transition kind="local" name="Dsw1_pl_off" source="_b3qKYKf3EeSM1rJQd-f8vg" target="_sDg-cK1cEeShtag4VwNo4A" xmi:id="_oV4lpKf3EeSM1rJQd-f8vg" xmi:type="uml:Transition"/>
                        <transition kind="local" name="Dsw1_npl" source="_b3qKYKf3EeSM1rJQd-f8vg" target="_sDg-cK1cEeShtag4VwNo4A" xmi:id="_sZ84BKf3EeSM1rJQd-f8vg" xmi:type="uml:Transition"/>
                        <transition kind="local" name="start_Dacq" source="_sDg-cK1cEeShtag4VwNo4A" target="_UWh7QKf3EeSM1rJQd-f8vg" xmi:id="_ucKQ1K1cEeShtag4VwNo4A" xmi:type="uml:Transition"/>
                      </region>
                      <region name="Region2" xmi:id="_QV_eAqf3EeSM1rJQd-f8vg" xmi:type="uml:Region">
                        <subvertex name="InitVCU2" xmi:id="_56dPo6f3EeSM1rJQd-f8vg" xmi:type="uml:Pseudostate"/>
                        <subvertex name="Acq2" xmi:id="_76WDwKf3EeSM1rJQd-f8vg" xmi:type="uml:State"/>
                        <subvertex name="Eval2" xmi:id="_-_8iwKf3EeSM1rJQd-f8vg" xmi:type="uml:State"/>
                        <subvertex name="Idle2" xmi:id="_0dL_IK1cEeShtag4VwNo4A" xmi:type="uml:State"/>
                        <transition kind="local" name="" source="_56dPo6f3EeSM1rJQd-f8vg" target="_0dL_IK1cEeShtag4VwNo4A" xmi:id="_9awtpqf3EeSM1rJQd-f8vg" xmi:type="uml:Transition"/>
                        <transition kind="local" name="start_Dval" source="_76WDwKf3EeSM1rJQd-f8vg" target="_-_8iwKf3EeSM1rJQd-f8vg" xmi:id="_DQsmRaf4EeSM1rJQd-f8vg" xmi:type="uml:Transition"/>
                        <transition kind="local" name="Dsw2_pl_on" source="_-_8iwKf3EeSM1rJQd-f8vg" target="_0dL_IK1cEeShtag4VwNo4A" xmi:id="_Ib6G5Kf4EeSM1rJQd-f8vg" xmi:type="uml:Transition"/>
                        <transition kind="local" name="Dsw2_pl_off" source="_-_8iwKf3EeSM1rJQd-f8vg" target="_0dL_IK1cEeShtag4VwNo4A" xmi:id="_MaQy1Kf4EeSM1rJQd-f8vg" xmi:type="uml:Transition"/>
                        <transition kind="local" name="Dsw2_npl" source="_-_8iwKf3EeSM1rJQd-f8vg" target="_0dL_IK1cEeShtag4VwNo4A" xmi:id="_StMJdKf4EeSM1rJQd-f8vg" xmi:type="uml:Transition"/>
                        <transition kind="local" name="start_Dacq" source="_0dL_IK1cEeShtag4VwNo4A" target="_76WDwKf3EeSM1rJQd-f8vg" xmi:id="_36kE9K1cEeShtag4VwNo4A" xmi:type="uml:Transition"/>
                      </region>
                    </subvertex>
                    <transition kind="local" name="" source="_GlJPAaf3EeSM1rJQd-f8vg" target="_KGl8gKf3EeSM1rJQd-f8vg" xmi:id="_Oa97xKf3EeSM1rJQd-f8vg" xmi:type="uml:Transition"/>
                  </region>
                  <region name="Region2" xmi:id="_D6Dhwqf3EeSM1rJQd-f8vg" xmi:type="uml:Region">
                    <subvertex name="InitSW" xmi:id="_ZqLJs6f4EeSM1rJQd-f8vg" xmi:type="uml:Pseudostate"/>
                    <subvertex name="SWState" xmi:id="_cdRjcKf4EeSM1rJQd-f8vg" xmi:type="uml:State">
                      <region name="Region1" xmi:id="_cdRjcaf4EeSM1rJQd-f8vg" xmi:type="uml:Region">
                        <subvertex name="InitSW1" xmi:id="_1gHV06f4EeSM1rJQd-f8vg" xmi:type="uml:Pseudostate"/>
                        <subvertex name="Sw1Off" xmi:id="_ST2m8Kf5EeSM1rJQd-f8vg" xmi:type="uml:State"/>
                        <subvertex name="Sw1On" xmi:id="_TpTW8Kf5EeSM1rJQd-f8vg" xmi:type="uml:State"/>
                        <subvertex name="Sw1FNp" xmi:id="_6vbocKf6EeSM1rJQd-f8vg" xmi:type="uml:State"/>
                        <subvertex name="Sw1FOff" xmi:id="_LSfLEKf7EeSM1rJQd-f8vg" xmi:type="uml:State"/>
                        <subvertex name="Sw1FOn" xmi:id="_L-i_0Kf7EeSM1rJQd-f8vg" xmi:type="uml:State"/>
                        <transition kind="local" name="" source="_1gHV06f4EeSM1rJQd-f8vg" target="_ST2m8Kf5EeSM1rJQd-f8vg" xmi:id="_asAktKf5EeSM1rJQd-f8vg" xmi:type="uml:Transition"/>
                        <transition kind="local" name="d_press" source="_ST2m8Kf5EeSM1rJQd-f8vg" target="_TpTW8Kf5EeSM1rJQd-f8vg" xmi:id="_s4va5af5EeSM1rJQd-f8vg" xmi:type="uml:Transition"/>
                        <transition kind="local" name="d_unpress" source="_TpTW8Kf5EeSM1rJQd-f8vg" target="_ST2m8Kf5EeSM1rJQd-f8vg" xmi:id="_yd_MJKf5EeSM1rJQd-f8vg" xmi:type="uml:Transition"/>
                        <transition kind="local" name="Dsw1_fault1" source="_ST2m8Kf5EeSM1rJQd-f8vg" target="_LSfLEKf7EeSM1rJQd-f8vg" xmi:id="_V1-X9af7EeSM1rJQd-f8vg" xmi:type="uml:Transition"/>
                        <transition kind="local" name="Dsw1_fault1" source="_TpTW8Kf5EeSM1rJQd-f8vg" target="_L-i_0Kf7EeSM1rJQd-f8vg" xmi:id="_X-jOBaf7EeSM1rJQd-f8vg" xmi:type="uml:Transition"/>
                        <transition kind="local" name="Dsw1_fault2" source="_ST2m8Kf5EeSM1rJQd-f8vg" target="_6vbocKf6EeSM1rJQd-f8vg" xmi:id="_saa1RKf7EeSM1rJQd-f8vg" xmi:type="uml:Transition"/>
                        <transition kind="local" name="Dsw1_fault3" source="_ST2m8Kf5EeSM1rJQd-f8vg" target="_6vbocKf6EeSM1rJQd-f8vg" xmi:id="_0_WqxKf7EeSM1rJQd-f8vg" xmi:type="uml:Transition"/>
                        <transition kind="local" name="Dsw1_fault4" source="_ST2m8Kf5EeSM1rJQd-f8vg" target="_6vbocKf6EeSM1rJQd-f8vg" xmi:id="__RUCxKf7EeSM1rJQd-f8vg" xmi:type="uml:Transition"/>
                        <transition kind="local" name="Dsw1_fault4" source="_TpTW8Kf5EeSM1rJQd-f8vg" target="_6vbocKf6EeSM1rJQd-f8vg" xmi:id="_E8eOwKf8EeSM1rJQd-f8vg" xmi:type="uml:Transition"/>
                        <transition kind="local" name="Dsw1_fault3" source="_TpTW8Kf5EeSM1rJQd-f8vg" target="_6vbocKf6EeSM1rJQd-f8vg" xmi:id="_HmgzJKf8EeSM1rJQd-f8vg" xmi:type="uml:Transition"/>
                        <transition kind="local" name="Dsw1_fault2" source="_TpTW8Kf5EeSM1rJQd-f8vg" target="_6vbocKf6EeSM1rJQd-f8vg" xmi:id="_Lh5qpKf8EeSM1rJQd-f8vg" xmi:type="uml:Transition"/>
                        <transition kind="local" name="Dsw1_pl_on" source="_TpTW8Kf5EeSM1rJQd-f8vg" target="_TpTW8Kf5EeSM1rJQd-f8vg" xmi:id="_lc6bJaf8EeSM1rJQd-f8vg" xmi:type="uml:Transition"/>
                        <transition kind="local" name="Dsw1_pl_off" source="_ST2m8Kf5EeSM1rJQd-f8vg" target="_ST2m8Kf5EeSM1rJQd-f8vg" xmi:id="_3Icoxaf8EeSM1rJQd-f8vg" xmi:type="uml:Transition"/>
                        <transition kind="local" name="Dsw1_npl" source="_6vbocKf6EeSM1rJQd-f8vg" target="_6vbocKf6EeSM1rJQd-f8vg" xmi:id="_M9r2tKf9EeSM1rJQd-f8vg" xmi:type="uml:Transition"/>
                        <transition kind="local" name="d_press" source="_6vbocKf6EeSM1rJQd-f8vg" target="_6vbocKf6EeSM1rJQd-f8vg" xmi:id="_STAVlKf9EeSM1rJQd-f8vg" xmi:type="uml:Transition"/>
                        <transition kind="local" name="d_unpress" source="_6vbocKf6EeSM1rJQd-f8vg" target="_6vbocKf6EeSM1rJQd-f8vg" xmi:id="_WrextKf9EeSM1rJQd-f8vg" xmi:type="uml:Transition"/>
                        <transition kind="local" name="Dsw1_pl_off" source="_LSfLEKf7EeSM1rJQd-f8vg" target="_LSfLEKf7EeSM1rJQd-f8vg" xmi:id="_xkTOQKf9EeSM1rJQd-f8vg" xmi:type="uml:Transition"/>
                        <transition kind="local" name="d_press" source="_LSfLEKf7EeSM1rJQd-f8vg" target="_LSfLEKf7EeSM1rJQd-f8vg" xmi:id="_4m6VZKf9EeSM1rJQd-f8vg" xmi:type="uml:Transition"/>
                        <transition kind="local" name="d_unpress" source="_LSfLEKf7EeSM1rJQd-f8vg" target="_LSfLEKf7EeSM1rJQd-f8vg" xmi:id="_-c8UpKf9EeSM1rJQd-f8vg" xmi:type="uml:Transition"/>
                        <transition kind="local" name="d_press" source="_L-i_0Kf7EeSM1rJQd-f8vg" target="_L-i_0Kf7EeSM1rJQd-f8vg" xmi:id="_VH3NZaf-EeSM1rJQd-f8vg" xmi:type="uml:Transition"/>
                        <transition kind="local" name="d_unpress" source="_L-i_0Kf7EeSM1rJQd-f8vg" target="_L-i_0Kf7EeSM1rJQd-f8vg" xmi:id="_ZINdZKf-EeSM1rJQd-f8vg" xmi:type="uml:Transition"/>
                        <transition kind="local" name="Dsw1_pl_on" source="_L-i_0Kf7EeSM1rJQd-f8vg" target="_L-i_0Kf7EeSM1rJQd-f8vg" xmi:id="_fLHbBKf-EeSM1rJQd-f8vg" xmi:type="uml:Transition"/>
                      </region>
                      <region name="Region2" xmi:id="_jS6lkqf4EeSM1rJQd-f8vg" xmi:type="uml:Region">
                        <subvertex name="InitSW2" xmi:id="_4mAIs6f4EeSM1rJQd-f8vg" xmi:type="uml:Pseudostate"/>
                        <subvertex name="Sw2Off" xmi:id="_lEWMUKgLEeSM1rJQd-f8vg" xmi:type="uml:State"/>
                        <subvertex name="Sw2On" xmi:id="_m-7psKgLEeSM1rJQd-f8vg" xmi:type="uml:State"/>
                        <subvertex name="Sw2FNp" xmi:id="_Fo9uEKgMEeSM1rJQd-f8vg" xmi:type="uml:State"/>
                        <subvertex name="Sw2FOff" xmi:id="_Lg6Y4KgMEeSM1rJQd-f8vg" xmi:type="uml:State"/>
                        <subvertex name="Sw2FOn" xmi:id="_PDypwKgMEeSM1rJQd-f8vg" xmi:type="uml:State"/>
                        <transition kind="local" name="d_press" source="_lEWMUKgLEeSM1rJQd-f8vg" target="_m-7psKgLEeSM1rJQd-f8vg" xmi:id="_vq57VqgLEeSM1rJQd-f8vg" xmi:type="uml:Transition"/>
                        <transition kind="local" name="d_unpress" source="_m-7psKgLEeSM1rJQd-f8vg" target="_lEWMUKgLEeSM1rJQd-f8vg" xmi:id="_y7x2NKgLEeSM1rJQd-f8vg" xmi:type="uml:Transition"/>
                        <transition kind="local" name="" source="_4mAIs6f4EeSM1rJQd-f8vg" target="_lEWMUKgLEeSM1rJQd-f8vg" xmi:id="_3xFYRKgLEeSM1rJQd-f8vg" xmi:type="uml:Transition"/>
                        <transition kind="local" name="Dsw2_pl_off" source="_lEWMUKgLEeSM1rJQd-f8vg" target="_lEWMUKgLEeSM1rJQd-f8vg" xmi:id="_6DBltKgLEeSM1rJQd-f8vg" xmi:type="uml:Transition"/>
                        <transition kind="local" name="Dsw2_pl_on" source="_m-7psKgLEeSM1rJQd-f8vg" target="_m-7psKgLEeSM1rJQd-f8vg" xmi:id="__yMvBagLEeSM1rJQd-f8vg" xmi:type="uml:Transition"/>
                        <transition kind="local" name="Dsw2_fault1" source="_lEWMUKgLEeSM1rJQd-f8vg" target="_Lg6Y4KgMEeSM1rJQd-f8vg" xmi:id="_ocHj9agMEeSM1rJQd-f8vg" xmi:type="uml:Transition"/>
                        <transition kind="local" name="Dsw2_fault1" source="_m-7psKgLEeSM1rJQd-f8vg" target="_PDypwKgMEeSM1rJQd-f8vg" xmi:id="_sOxWNagMEeSM1rJQd-f8vg" xmi:type="uml:Transition"/>
                        <transition kind="local" name="Dsw2_fault2" source="_lEWMUKgLEeSM1rJQd-f8vg" target="_Fo9uEKgMEeSM1rJQd-f8vg" xmi:id="_xs_SZagMEeSM1rJQd-f8vg" xmi:type="uml:Transition"/>
                        <transition kind="local" name="Dsw2_fault3" source="_lEWMUKgLEeSM1rJQd-f8vg" target="_Fo9uEKgMEeSM1rJQd-f8vg" xmi:id="_0SbDlKgMEeSM1rJQd-f8vg" xmi:type="uml:Transition"/>
                        <transition kind="local" name="Dsw2_fault4" source="_lEWMUKgLEeSM1rJQd-f8vg" target="_Fo9uEKgMEeSM1rJQd-f8vg" xmi:id="_5qO1xKgMEeSM1rJQd-f8vg" xmi:type="uml:Transition"/>
                        <transition kind="local" name="Dsw2_fault4" source="_m-7psKgLEeSM1rJQd-f8vg" target="_Fo9uEKgMEeSM1rJQd-f8vg" xmi:id="_-Jz_dKgMEeSM1rJQd-f8vg" xmi:type="uml:Transition"/>
                        <transition kind="local" name="Dsw2_fault3" source="_m-7psKgLEeSM1rJQd-f8vg" target="_Fo9uEKgMEeSM1rJQd-f8vg" xmi:id="_BhiJNKgNEeSM1rJQd-f8vg" xmi:type="uml:Transition"/>
                        <transition kind="local" name="Dsw2_fault2" source="_m-7psKgLEeSM1rJQd-f8vg" target="_Fo9uEKgMEeSM1rJQd-f8vg" xmi:id="_DwNnRKgNEeSM1rJQd-f8vg" xmi:type="uml:Transition"/>
                        <transition kind="local" name="d_unpress" source="_Fo9uEKgMEeSM1rJQd-f8vg" target="_Fo9uEKgMEeSM1rJQd-f8vg" xmi:id="_Jo549agNEeSM1rJQd-f8vg" xmi:type="uml:Transition"/>
                        <transition kind="local" name="d_press" source="_Fo9uEKgMEeSM1rJQd-f8vg" target="_Fo9uEKgMEeSM1rJQd-f8vg" xmi:id="_QDYCBKgNEeSM1rJQd-f8vg" xmi:type="uml:Transition"/>
                        <transition kind="local" name="Dsw2_npl" source="_Fo9uEKgMEeSM1rJQd-f8vg" target="_Fo9uEKgMEeSM1rJQd-f8vg" xmi:id="_Utg15KgNEeSM1rJQd-f8vg" xmi:type="uml:Transition"/>
                        <transition kind="local" name="Dsw2_pl_off" source="_Lg6Y4KgMEeSM1rJQd-f8vg" target="_Lg6Y4KgMEeSM1rJQd-f8vg" xmi:id="_b8C5JKgNEeSM1rJQd-f8vg" xmi:type="uml:Transition"/>
                        <transition kind="local" name="d_press" source="_Lg6Y4KgMEeSM1rJQd-f8vg" target="_Lg6Y4KgMEeSM1rJQd-f8vg" xmi:id="_jWClhKgNEeSM1rJQd-f8vg" xmi:type="uml:Transition"/>
                        <transition kind="local" name="d_unpress" source="_Lg6Y4KgMEeSM1rJQd-f8vg" target="_Lg6Y4KgMEeSM1rJQd-f8vg" xmi:id="_sCTyFKgNEeSM1rJQd-f8vg" xmi:type="uml:Transition"/>
                        <transition kind="local" name="Dsw2_pl_on" source="_PDypwKgMEeSM1rJQd-f8vg" target="_PDypwKgMEeSM1rJQd-f8vg" xmi:id="_wk3XRagNEeSM1rJQd-f8vg" xmi:type="uml:Transition"/>
                        <transition kind="local" name="d_press" source="_PDypwKgMEeSM1rJQd-f8vg" target="_PDypwKgMEeSM1rJQd-f8vg" xmi:id="_1GquhKgNEeSM1rJQd-f8vg" xmi:type="uml:Transition"/>
                        <transition kind="local" name="d_unpress" source="_PDypwKgMEeSM1rJQd-f8vg" target="_PDypwKgMEeSM1rJQd-f8vg" xmi:id="_6KP9JKgNEeSM1rJQd-f8vg" xmi:type="uml:Transition"/>
                      </region>
                    </subvertex>
                    <transition kind="local" name="" source="_ZqLJs6f4EeSM1rJQd-f8vg" target="_cdRjcKf4EeSM1rJQd-f8vg" xmi:id="_e2Pl9qf4EeSM1rJQd-f8vg" xmi:type="uml:Transition"/>
                  </region>
                </subvertex>
                <subvertex name="InitAll" xmi:id="_JBg0A6kZEeS2Bo1LFUdYQg" xmi:type="uml:Pseudostate"/>
                <transition kind="local" name="" source="_JBg0A6kZEeS2Bo1LFUdYQg" target="_2PDxYKf2EeSM1rJQd-f8vg" xmi:id="_LJyvJakZEeS2Bo1LFUdYQg" xmi:type="uml:Transition"/>
              </region>
              <region name="Region2" xmi:id="_32pusKkREeS2Bo1LFUdYQg" xmi:type="uml:Region">
                <subvertex name="InitTest" xmi:id="_Ayp9QKhKEeSjtfGSlIEBHA" xmi:type="uml:Pseudostate"/>
                <subvertex name="State2" xmi:id="_FcyxIqhKEeSjtfGSlIEBHA" xmi:type="uml:State"/>
                <subvertex name="State1" xmi:id="_C4ZhwqhKEeSjtfGSlIEBHA" xmi:type="uml:State"/>
                <subvertex name="State3" xmi:id="_HC_58KhKEeSjtfGSlIEBHA" xmi:type="uml:State"/>
                <transition kind="local" name="" source="_Ayp9QKhKEeSjtfGSlIEBHA" target="_C4ZhwqhKEeSjtfGSlIEBHA" xmi:id="_LTZ_MKhKEeSjtfGSlIEBHA" xmi:type="uml:Transition"/>
                <transition kind="local" name="d_press" source="_C4ZhwqhKEeSjtfGSlIEBHA" target="_FcyxIqhKEeSjtfGSlIEBHA" xmi:id="_NtPkZahKEeSjtfGSlIEBHA" xmi:type="uml:Transition"/>
                <transition kind="local" name="d_unpress" source="_C4ZhwqhKEeSjtfGSlIEBHA" target="_FcyxIqhKEeSjtfGSlIEBHA" xmi:id="_QrhTZKhKEeSjtfGSlIEBHA" xmi:type="uml:Transition"/>
                <transition kind="local" name="Dsw1_fault1" source="_C4ZhwqhKEeSjtfGSlIEBHA" target="_FcyxIqhKEeSjtfGSlIEBHA" xmi:id="_TByAJKhKEeSjtfGSlIEBHA" xmi:type="uml:Transition"/>
                <transition kind="local" name="Dsw1_fault2" source="_C4ZhwqhKEeSjtfGSlIEBHA" target="_FcyxIqhKEeSjtfGSlIEBHA" xmi:id="_Yzxz9KhKEeSjtfGSlIEBHA" xmi:type="uml:Transition"/>
                <transition kind="local" name="Dsw2_fault4" source="_C4ZhwqhKEeSjtfGSlIEBHA" target="_FcyxIqhKEeSjtfGSlIEBHA" xmi:id="_yttmZKhKEeSjtfGSlIEBHA" xmi:type="uml:Transition"/>
                <transition kind="local" name="Dsw2_fault3" source="_C4ZhwqhKEeSjtfGSlIEBHA" target="_FcyxIqhKEeSjtfGSlIEBHA" xmi:id="_9yBoZKhKEeSjtfGSlIEBHA" xmi:type="uml:Transition"/>
                <transition kind="local" name="Dsw2_fault2" source="_C4ZhwqhKEeSjtfGSlIEBHA" target="_FcyxIqhKEeSjtfGSlIEBHA" xmi:id="_BaHJZKhLEeSjtfGSlIEBHA" xmi:type="uml:Transition"/>
                <transition kind="local" name="Dsw2_fault1" source="_C4ZhwqhKEeSjtfGSlIEBHA" target="_FcyxIqhKEeSjtfGSlIEBHA" xmi:id="_DzWRpKhLEeSjtfGSlIEBHA" xmi:type="uml:Transition"/>
                <transition kind="local" name="Dsw1_fault3" source="_C4ZhwqhKEeSjtfGSlIEBHA" target="_FcyxIqhKEeSjtfGSlIEBHA" xmi:id="_GN62pKhLEeSjtfGSlIEBHA" xmi:type="uml:Transition"/>
                <transition kind="local" name="Dsw1_fault4" source="_C4ZhwqhKEeSjtfGSlIEBHA" target="_FcyxIqhKEeSjtfGSlIEBHA" xmi:id="_KSkX1KhLEeSjtfGSlIEBHA" xmi:type="uml:Transition"/>
                <transition kind="local" name="Dsw1_pl_on" source="_FcyxIqhKEeSjtfGSlIEBHA" target="_HC_58KhKEeSjtfGSlIEBHA" xmi:id="_VVQCJKhLEeSjtfGSlIEBHA" xmi:type="uml:Transition"/>
                <transition kind="local" name="Dsw1_pl_off" source="_FcyxIqhKEeSjtfGSlIEBHA" target="_HC_58KhKEeSjtfGSlIEBHA" xmi:id="_Yxk_FKhLEeSjtfGSlIEBHA" xmi:type="uml:Transition"/>
                <transition kind="local" name="Dsw1_npl" source="_FcyxIqhKEeSjtfGSlIEBHA" target="_HC_58KhKEeSjtfGSlIEBHA" xmi:id="_a4g2ZKhLEeSjtfGSlIEBHA" xmi:type="uml:Transition"/>
                <transition kind="local" name="Dsw2_pl_on" source="_FcyxIqhKEeSjtfGSlIEBHA" target="_HC_58KhKEeSjtfGSlIEBHA" xmi:id="_dXZ6tKhLEeSjtfGSlIEBHA" xmi:type="uml:Transition"/>
                <transition kind="local" name="Dsw2_pl_off" source="_FcyxIqhKEeSjtfGSlIEBHA" target="_HC_58KhKEeSjtfGSlIEBHA" xmi:id="_grtkFKhLEeSjtfGSlIEBHA" xmi:type="uml:Transition"/>
                <transition kind="local" name="Dsw2_npl" source="_FcyxIqhKEeSjtfGSlIEBHA" target="_HC_58KhKEeSjtfGSlIEBHA" xmi:id="_i4TXdKhLEeSjtfGSlIEBHA" xmi:type="uml:Transition"/>
                <transition kind="local" name="Dsw1_pl_on" source="_HC_58KhKEeSjtfGSlIEBHA" target="_C4ZhwqhKEeSjtfGSlIEBHA" xmi:id="_njxoFKhLEeSjtfGSlIEBHA" xmi:type="uml:Transition"/>
                <transition kind="local" name="Dsw1_pl_off" source="_HC_58KhKEeSjtfGSlIEBHA" target="_C4ZhwqhKEeSjtfGSlIEBHA" xmi:id="_upY_5KhLEeSjtfGSlIEBHA" xmi:type="uml:Transition"/>
                <transition kind="local" name="Dsw1_npl" source="_HC_58KhKEeSjtfGSlIEBHA" target="_C4ZhwqhKEeSjtfGSlIEBHA" xmi:id="_4e2pJKhLEeSjtfGSlIEBHA" xmi:type="uml:Transition"/>
                <transition kind="local" name="Dsw2_pl_on" source="_HC_58KhKEeSjtfGSlIEBHA" target="_C4ZhwqhKEeSjtfGSlIEBHA" xmi:id="_DS8d1KhMEeSjtfGSlIEBHA" xmi:type="uml:Transition"/>
                <transition kind="local" name="Dsw2_pl_off" source="_HC_58KhKEeSjtfGSlIEBHA" target="_C4ZhwqhKEeSjtfGSlIEBHA" xmi:id="_KEnl9KhMEeSjtfGSlIEBHA" xmi:type="uml:Transition"/>
                <transition kind="local" name="Dsw2_npl" source="_HC_58KhKEeSjtfGSlIEBHA" target="_C4ZhwqhKEeSjtfGSlIEBHA" xmi:id="_THWKtKhMEeSjtfGSlIEBHA" xmi:type="uml:Transition"/>
              </region>
            </subvertex>
            <transition kind="local" name="" source="_tZ6VoKf2EeSM1rJQd-f8vg" target="_lOFREKkREeS2Bo1LFUdYQg" xmi:id="_8TZSYKf2EeSM1rJQd-f8vg" xmi:type="uml:Transition"/>
          </region>
        </ownedBehavior>